step,beam,channel,subset,bqs,marginal
1,seed,0,[0],0.4870080781827999,0.4870080781827999
1,seed,1,[1],0.29942488697575864,0.29942488697575864
1,seed,2,[2],0.0,0.0
1,seed,3,[3],0.0,0.0
1,seed,4,[4],0.0,0.0
1,seed,5,[5],0.16630038524664809,0.16630038524664809
1,seed,6,[6],0.6798476162893032,0.6798476162893032
1,seed,7,[7],0.0,0.0
1,seed,8,[8],0.24824830629106773,0.24824830629106773
1,seed,9,[9],0.0,0.0
1,seed,10,[10],0.10385521168772825,0.10385521168772825
1,seed,11,[11],0.14304394865945358,0.14304394865945358
1,seed,12,[12],0.0,0.0
1,seed,13,[13],0.0,0.0
1,seed,14,[14],0.16674909180018854,0.16674909180018854
1,seed,15,[15],0.16691957074263009,0.16691957074263009
1,seed,16,[16],0.25211544376833245,0.25211544376833245
1,seed,17,[17],0.0,0.0
1,seed,18,[18],0.0015591590218569148,0.0015591590218569148
1,seed,19,[19],0.5650648521301085,0.5650648521301085
1,seed,20,[20],0.33634391931239666,0.33634391931239666
1,seed,21,[21],0.4470635318321977,0.4470635318321977
1,seed,22,[22],0.4354455071764855,0.4354455071764855
1,seed,23,[23],0.21179789391028458,0.21179789391028458
1,seed,24,[24],0.013200197935118655,0.013200197935118655
1,seed,25,[25],0.03266022421823453,0.03266022421823453
1,seed,26,[26],0.10756051531051593,0.10756051531051593
1,seed,27,[27],0.3513559593249905,0.3513559593249905
1,seed,28,[28],0.5371423561137996,0.5371423561137996
1,seed,29,[29],0.25133666011013994,0.25133666011013994
1,seed,30,[30],0.02966251886185671,0.02966251886185671
1,seed,31,[31],0.19900376301652037,0.19900376301652037
1,seed,32,[32],0.4207993313846907,0.4207993313846907
1,seed,33,[33],0.2166304491995145,0.2166304491995145
1,seed,34,[34],0.23139011755062816,0.23139011755062816
1,seed,35,[35],0.014107551240766708,0.014107551240766708
1,seed,36,[36],0.0,0.0
1,seed,37,[37],0.17708528924361494,0.17708528924361494
1,seed,38,[38],0.0,0.0
1,seed,39,[39],0.05822402604479253,0.05822402604479253
1,seed,40,[40],0.0897225935704265,0.0897225935704265
1,seed,41,[41],0.30413567466136654,0.30413567466136654
1,seed,42,[42],0.32481585960224546,0.32481585960224546
1,seed,43,[43],0.13601590566442456,0.13601590566442456
1,seed,44,[44],0.08427209571129611,0.08427209571129611
1,seed,45,[45],0.37469855647279854,0.37469855647279854
1,seed,46,[46],0.37206157481259705,0.37206157481259705
1,seed,47,[47],0.2031245642823369,0.2031245642823369
1,seed,48,[48],0.0,0.0
1,seed,49,[49],0.2597019576070226,0.2597019576070226
1,seed,50,[50],0.08062556785390856,0.08062556785390856
1,seed,51,[51],0.27927038051061176,0.27927038051061176
1,seed,52,[52],0.4948706322594194,0.4948706322594194
1,seed,53,[53],0.2696092652325487,0.2696092652325487
1,seed,54,[54],0.0,0.0
1,seed,55,[55],0.3333790873907896,0.3333790873907896
1,seed,56,[56],0.09242875024600741,0.09242875024600741
1,seed,57,[57],0.09687759739244453,0.09687759739244453
1,seed,58,[58],0.19911376293920882,0.19911376293920882
1,seed,59,[59],0.08525423142366925,0.08525423142366925
1,seed,60,[60],0.33731696326305,0.33731696326305
1,seed,61,[61],0.20937364979413403,0.20937364979413403
1,seed,62,[62],0.0,0.0
1,seed,63,[63],0.2474238614183147,0.2474238614183147
2,beam1(seed=ch6),0,"[6, 0]",0.5741720111123834,-0.105676
2,beam1(seed=ch6),1,"[6, 1]",0.4652381831233214,-0.214609
2,beam1(seed=ch6),2,"[6, 2]",0.6798476116609752,-0.0
2,beam1(seed=ch6),3,"[6, 3]",0.6850578042303637,0.00521
2,beam1(seed=ch6),4,"[6, 4]",0.6798476116609752,-0.0
2,beam1(seed=ch6),5,"[6, 5]",0.48941754850121466,-0.19043
2,beam1(seed=ch6),7,"[6, 7]",0.6798476116609752,-0.0
2,beam1(seed=ch6),8,"[6, 8]",0.6228907240913969,-0.056957
2,beam1(seed=ch6),9,"[6, 9]",0.6798476116609752,-0.0
2,beam1(seed=ch6),10,"[6, 10]",0.23514877215034513,-0.444699
2,beam1(seed=ch6),11,"[6, 11]",0.4158715529064025,-0.263976
2,beam1(seed=ch6),12,"[6, 12]",0.7023521306651991,0.022505
2,beam1(seed=ch6),13,"[6, 13]",0.6798476116609752,-0.0
2,beam1(seed=ch6),14,"[6, 14]",0.3218103133218702,-0.358037
2,beam1(seed=ch6),15,"[6, 15]",0.498140268358272,-0.181707
2,beam1(seed=ch6),16,"[6, 16]",0.6714009419264394,-0.008447
2,beam1(seed=ch6),17,"[6, 17]",0.6413660268618887,-0.038482
2,beam1(seed=ch6),18,"[6, 18]",0.4951878530184261,-0.18466
2,beam1(seed=ch6),19,"[6, 19]",0.6563686246617545,-0.023479
2,beam1(seed=ch6),20,"[6, 20]",0.5605797431876739,-0.119268
2,beam1(seed=ch6),21,"[6, 21]",0.626280402609872,-0.053567
2,beam1(seed=ch6),22,"[6, 22]",0.5887616628559943,-0.091086
2,beam1(seed=ch6),23,"[6, 23]",0.5630516090676013,-0.116796
2,beam1(seed=ch6),24,"[6, 24]",0.11016345199085283,-0.569684
2,beam1(seed=ch6),25,"[6, 25]",0.13095926873791142,-0.548888
2,beam1(seed=ch6),26,"[6, 26]",0.2576085246318566,-0.422239
2,beam1(seed=ch6),27,"[6, 27]",0.6939051133159211,0.014057
2,beam1(seed=ch6),28,"[6, 28]",0.7156120282056482,0.035764
2,beam1(seed=ch6),29,"[6, 29]",0.6653361317464381,-0.014511
2,beam1(seed=ch6),30,"[6, 30]",0.17144491391062572,-0.508403
2,beam1(seed=ch6),31,"[6, 31]",0.5345671549523628,-0.14528
2,beam1(seed=ch6),32,"[6, 32]",0.677721858618169,-0.002126
2,beam1(seed=ch6),33,"[6, 33]",0.5714031235392316,-0.108444
2,beam1(seed=ch6),34,"[6, 34]",0.6727708516443609,-0.007077
2,beam1(seed=ch6),35,"[6, 35]",0.6678797684040199,-0.011968
2,beam1(seed=ch6),36,"[6, 36]",0.6798476116609752,-0.0
2,beam1(seed=ch6),37,"[6, 37]",0.596214838574651,-0.083633
2,beam1(seed=ch6),38,"[6, 38]",0.6798476116609752,-0.0
2,beam1(seed=ch6),39,"[6, 39]",0.4845341303672611,-0.195313
2,beam1(seed=ch6),40,"[6, 40]",0.6399710572509791,-0.039877
2,beam1(seed=ch6),41,"[6, 41]",0.6118176549889218,-0.06803
2,beam1(seed=ch6),42,"[6, 42]",0.6019724897289093,-0.077875
2,beam1(seed=ch6),43,"[6, 43]",0.45992317050445924,-0.219924
2,beam1(seed=ch6),44,"[6, 44]",0.20746817202085086,-0.472379
2,beam1(seed=ch6),45,"[6, 45]",0.6663436037098833,-0.013504
2,beam1(seed=ch6),46,"[6, 46]",0.6239040405771045,-0.055944
2,beam1(seed=ch6),47,"[6, 47]",0.5427558142308357,-0.137092
2,beam1(seed=ch6),48,"[6, 48]",0.6798476116609752,-0.0
2,beam1(seed=ch6),49,"[6, 49]",0.5487685473968564,-0.131079
2,beam1(seed=ch6),50,"[6, 50]",0.3893120938927194,-0.290536
2,beam1(seed=ch6),51,"[6, 51]",0.5363546666412716,-0.143493
2,beam1(seed=ch6),52,"[6, 52]",0.659133299795779,-0.020714
2,beam1(seed=ch6),53,"[6, 53]",0.6060380693309834,-0.07381
2,beam1(seed=ch6),54,"[6, 54]",0.6833442846304901,0.003497
2,beam1(seed=ch6),55,"[6, 55]",0.6411081408510407,-0.038739
2,beam1(seed=ch6),56,"[6, 56]",0.20998334259768617,-0.469864
2,beam1(seed=ch6),57,"[6, 57]",0.2426415091217077,-0.437206
2,beam1(seed=ch6),58,"[6, 58]",0.6590005734979789,-0.020847
2,beam1(seed=ch6),59,"[6, 59]",0.617906260742625,-0.061941
2,beam1(seed=ch6),60,"[6, 60]",0.5450602379186551,-0.134787
2,beam1(seed=ch6),61,"[6, 61]",0.6054208313358918,-0.074427
2,beam1(seed=ch6),62,"[6, 62]",0.6980644577033118,0.018217
2,beam1(seed=ch6),63,"[6, 63]",0.5744371440712697,-0.10541
2,beam2(seed=ch19),0,"[19, 0]",0.5134598328936727,-0.051605
2,beam2(seed=ch19),1,"[19, 1]",0.45672122999198483,-0.108344
2,beam2(seed=ch19),2,"[19, 2]",0.5650662431974202,1e-06
2,beam2(seed=ch19),3,"[19, 3]",0.561258305421777,-0.003807
2,beam2(seed=ch19),4,"[19, 4]",0.5650662431974202,1e-06
2,beam2(seed=ch19),5,"[19, 5]",0.5393717326863489,-0.025693
2,beam2(seed=ch19),6,"[19, 6]",0.6563686095468559,0.091304
2,beam2(seed=ch19),7,"[19, 7]",0.5650662431974202,1e-06
2,beam2(seed=ch19),8,"[19, 8]",0.5184824095952731,-0.046582
2,beam2(seed=ch19),9,"[19, 9]",0.5650662431974202,1e-06
2,beam2(seed=ch19),10,"[19, 10]",0.24865633941350093,-0.316409
2,beam2(seed=ch19),11,"[19, 11]",0.47404862153086624,-0.091016
2,beam2(seed=ch19),12,"[19, 12]",0.5769556664412067,0.011891
2,beam2(seed=ch19),13,"[19, 13]",0.5650662431974202,1e-06
2,beam2(seed=ch19),14,"[19, 14]",0.42661678881953424,-0.138448
2,beam2(seed=ch19),15,"[19, 15]",0.4673448521541208,-0.09772
2,beam2(seed=ch19),16,"[19, 16]",0.6069190580074416,0.041854
2,beam2(seed=ch19),17,"[19, 17]",0.52487565906005,-0.040189
2,beam2(seed=ch19),18,"[19, 18]",0.4559072430049604,-0.109158
2,beam2(seed=ch19),20,"[19, 20]",0.565746253971541,0.000681
2,beam2(seed=ch19),21,"[19, 21]",0.5637471955842382,-0.001318
2,beam2(seed=ch19),22,"[19, 22]",0.6146952424620006,0.04963
2,beam2(seed=ch19),23,"[19, 23]",0.501148288348997,-0.063917
2,beam2(seed=ch19),24,"[19, 24]",0.14886327603059096,-0.416202
2,beam2(seed=ch19),25,"[19, 25]",0.15511159701471022,-0.409953
2,beam2(seed=ch19),26,"[19, 26]",0.265084775174786,-0.29998
2,beam2(seed=ch19),27,"[19, 27]",0.563209530280123,-0.001855
2,beam2(seed=ch19),28,"[19, 28]",0.6021776975422749,0.037113
2,beam2(seed=ch19),29,"[19, 29]",0.5210475549297348,-0.044017
2,beam2(seed=ch19),30,"[19, 30]",0.19966384676142476,-0.365401
2,beam2(seed=ch19),31,"[19, 31]",0.49329099603600957,-0.071774
2,beam2(seed=ch19),32,"[19, 32]",0.537444457555335,-0.02762
2,beam2(seed=ch19),33,"[19, 33]",0.5371320141823793,-0.027933
2,beam2(seed=ch19),34,"[19, 34]",0.5751233980843902,0.010059
2,beam2(seed=ch19),35,"[19, 35]",0.5803028738762789,0.015238
2,beam2(seed=ch19),36,"[19, 36]",0.5650662431974202,1e-06
2,beam2(seed=ch19),37,"[19, 37]",0.5354290542082125,-0.029636
2,beam2(seed=ch19),38,"[19, 38]",0.5650662431974202,1e-06
2,beam2(seed=ch19),39,"[19, 39]",0.4312978225020118,-0.133767
2,beam2(seed=ch19),40,"[19, 40]",0.5652679653068053,0.000203
2,beam2(seed=ch19),41,"[19, 41]",0.5634137509636187,-0.001651
2,beam2(seed=ch19),42,"[19, 42]",0.5327593891531693,-0.032305
2,beam2(seed=ch19),43,"[19, 43]",0.4379993221062846,-0.127066
2,beam2(seed=ch19),44,"[19, 44]",0.19937953575663397,-0.365685
2,beam2(seed=ch19),45,"[19, 45]",0.6234938186365864,0.058429
2,beam2(seed=ch19),46,"[19, 46]",0.5140239008312212,-0.051041
2,beam2(seed=ch19),47,"[19, 47]",0.48467636987826446,-0.080388
2,beam2(seed=ch19),48,"[19, 48]",0.5650662431974202,1e-06
2,beam2(seed=ch19),49,"[19, 49]",0.5399074720024231,-0.025157
2,beam2(seed=ch19),50,"[19, 50]",0.45108406600711065,-0.113981
2,beam2(seed=ch19),51,"[19, 51]",0.4585333688047406,-0.106531
2,beam2(seed=ch19),52,"[19, 52]",0.5954156858737307,0.030351
2,beam2(seed=ch19),53,"[19, 53]",0.5558402622952622,-0.009225
2,beam2(seed=ch19),54,"[19, 54]",0.5672770751320948,0.002212
2,beam2(seed=ch19),55,"[19, 55]",0.5571687911595758,-0.007896
2,beam2(seed=ch19),56,"[19, 56]",0.22518533995187756,-0.33988
2,beam2(seed=ch19),57,"[19, 57]",0.2745704639218441,-0.290494
2,beam2(seed=ch19),58,"[19, 58]",0.5277910650950787,-0.037274
2,beam2(seed=ch19),59,"[19, 59]",0.555466176775444,-0.009599
2,beam2(seed=ch19),60,"[19, 60]",0.4826799952520973,-0.082385
2,beam2(seed=ch19),61,"[19, 61]",0.5603418577558651,-0.004723
2,beam2(seed=ch19),62,"[19, 62]",0.5862136321937549,0.021149
2,beam2(seed=ch19),63,"[19, 63]",0.5226912496900123,-0.042374
2,beam3(seed=ch28),0,"[28, 0]",0.5704788879893676,0.033337
2,beam3(seed=ch28),1,"[28, 1]",0.42888002788821933,-0.108262
2,beam3(seed=ch28),2,"[28, 2]",0.5371364307099287,-6e-06
2,beam3(seed=ch28),3,"[28, 3]",0.49444619642559756,-0.042696
2,beam3(seed=ch28),4,"[28, 4]",0.5371364307099287,-6e-06
2,beam3(seed=ch28),5,"[28, 5]",0.33911543750739054,-0.198027
2,beam3(seed=ch28),6,"[28, 6]",0.7156120306895049,0.17847
2,beam3(seed=ch28),7,"[28, 7]",0.5371364307099287,-6e-06
2,beam3(seed=ch28),8,"[28, 8]",0.5810180457248492,0.043876
2,beam3(seed=ch28),9,"[28, 9]",0.5371364307099287,-6e-06
2,beam3(seed=ch28),10,"[28, 10]",0.1778048332268959,-0.359338
2,beam3(seed=ch28),11,"[28, 11]",0.32940182810194646,-0.207741
2,beam3(seed=ch28),12,"[28, 12]",0.5102657973819056,-0.026877
2,beam3(seed=ch28),13,"[28, 13]",0.5371364307099287,-6e-06
2,beam3(seed=ch28),14,"[28, 14]",0.26744433122501626,-0.269698
2,beam3(seed=ch28),15,"[28, 15]",0.32498560786583763,-0.212157
2,beam3(seed=ch28),16,"[28, 16]",0.5584692649908447,0.021327
2,beam3(seed=ch28),17,"[28, 17]",0.46111794249524285,-0.076024
2,beam3(seed=ch28),18,"[28, 18]",0.2897265112582846,-0.247416
2,beam3(seed=ch28),19,"[28, 19]",0.6021771599408474,0.065035
2,beam3(seed=ch28),20,"[28, 20]",0.49639361349070715,-0.040749
2,beam3(seed=ch28),21,"[28, 21]",0.5701827009885418,0.03304
2,beam3(seed=ch28),22,"[28, 22]",0.5325316699271833,-0.004611
2,beam3(seed=ch28),23,"[28, 23]",0.4078524002337923,-0.12929
2,beam3(seed=ch28),24,"[28, 24]",0.0676065880049429,-0.469536
2,beam3(seed=ch28),25,"[28, 25]",0.0796277176810484,-0.457515
2,beam3(seed=ch28),26,"[28, 26]",0.18470504474195104,-0.352437
2,beam3(seed=ch28),27,"[28, 27]",0.49883974655240504,-0.038303
2,beam3(seed=ch28),29,"[28, 29]",0.43619766548391076,-0.100945
2,beam3(seed=ch28),30,"[28, 30]",0.10789246797461154,-0.42925
2,beam3(seed=ch28),31,"[28, 31]",0.40947181327978593,-0.127671
2,beam3(seed=ch28),32,"[28, 32]",0.5312492684498442,-0.005893
2,beam3(seed=ch28),33,"[28, 33]",0.4532294390146163,-0.083913
2,beam3(seed=ch28),34,"[28, 34]",0.6466742513752561,0.109532
2,beam3(seed=ch28),35,"[28, 35]",0.605850947584324,0.068709
2,beam3(seed=ch28),36,"[28, 36]",0.5371364307099287,-6e-06
2,beam3(seed=ch28),37,"[28, 37]",0.45272371061236405,-0.084419
2,beam3(seed=ch28),38,"[28, 38]",0.5371364307099287,-6e-06
2,beam3(seed=ch28),39,"[28, 39]",0.33371236979711905,-0.20343
2,beam3(seed=ch28),40,"[28, 40]",0.5124648118668752,-0.024678
2,beam3(seed=ch28),41,"[28, 41]",0.5235260348510358,-0.013616
2,beam3(seed=ch28),42,"[28, 42]",0.4882312760375731,-0.048911
2,beam3(seed=ch28),43,"[28, 43]",0.319442422365102,-0.2177
2,beam3(seed=ch28),44,"[28, 44]",0.15662768512503134,-0.380515
2,beam3(seed=ch28),45,"[28, 45]",0.547327890364827,0.010186
2,beam3(seed=ch28),46,"[28, 46]",0.5086892675087042,-0.028453
2,beam3(seed=ch28),47,"[28, 47]",0.4241640700750286,-0.112978
2,beam3(seed=ch28),48,"[28, 48]",0.5371364307099287,-6e-06
2,beam3(seed=ch28),49,"[28, 49]",0.44441428541305245,-0.092728
2,beam3(seed=ch28),50,"[28, 50]",0.29849132755124835,-0.238651
2,beam3(seed=ch28),51,"[28, 51]",0.39820201885291273,-0.13894
2,beam3(seed=ch28),52,"[28, 52]",0.609633369218904,0.072491
2,beam3(seed=ch28),53,"[28, 53]",0.5027069641101695,-0.034435
2,beam3(seed=ch28),54,"[28, 54]",0.5299232108165232,-0.007219
2,beam3(seed=ch28),55,"[28, 55]",0.5418192809976207,0.004677
2,beam3(seed=ch28),56,"[28, 56]",0.1533984229270391,-0.383744
2,beam3(seed=ch28),57,"[28, 57]",0.1760523567990224,-0.36109
2,beam3(seed=ch28),58,"[28, 58]",0.367770577808825,-0.169372
2,beam3(seed=ch28),59,"[28, 59]",0.5083650976634422,-0.028777
2,beam3(seed=ch28),60,"[28, 60]",0.44555599585718975,-0.091586
2,beam3(seed=ch28),61,"[28, 61]",0.5010692183053114,-0.036073
2,beam3(seed=ch28),62,"[28, 62]",0.545404777115332,0.008262
2,beam3(seed=ch28),63,"[28, 63]",0.44686513103356285,-0.090277
3,beam1(seed=ch6),0,"[6, 28, 0]",0.6208200101857947,-0.094792
3,beam1(seed=ch6),1,"[6, 28, 1]",0.5313095432572928,-0.184302
3,beam1(seed=ch6),2,"[6, 28, 2]",0.7156120313091513,0.0
3,beam1(seed=ch6),3,"[6, 28, 3]",0.7180545507844451,0.002443
3,beam1(seed=ch6),4,"[6, 28, 4]",0.7156120313091513,0.0
3,beam1(seed=ch6),5,"[6, 28, 5]",0.5413067480816436,-0.174305
3,beam1(seed=ch6),7,"[6, 28, 7]",0.7156120313091513,0.0
3,beam1(seed=ch6),8,"[6, 28, 8]",0.6270624831843078,-0.08855
3,beam1(seed=ch6),9,"[6, 28, 9]",0.7156120313091513,0.0
3,beam1(seed=ch6),10,"[6, 28, 10]",0.2814252702324626,-0.434187
3,beam1(seed=ch6),11,"[6, 28, 11]",0.5124842804253064,-0.203128
3,beam1(seed=ch6),12,"[6, 28, 12]",0.7226074021773029,0.006995
3,beam1(seed=ch6),13,"[6, 28, 13]",0.7156120313091513,0.0
3,beam1(seed=ch6),14,"[6, 28, 14]",0.4025923348445898,-0.31302
3,beam1(seed=ch6),15,"[6, 28, 15]",0.5294241401123453,-0.186188
3,beam1(seed=ch6),16,"[6, 28, 16]",0.6994432383461823,-0.016169
3,beam1(seed=ch6),17,"[6, 28, 17]",0.6870973334674753,-0.028515
3,beam1(seed=ch6),18,"[6, 28, 18]",0.6087206842111924,-0.106891
3,beam1(seed=ch6),19,"[6, 28, 19]",0.6908183233799776,-0.024794
3,beam1(seed=ch6),20,"[6, 28, 20]",0.6079098521879157,-0.107702
3,beam1(seed=ch6),21,"[6, 28, 21]",0.6520394836393619,-0.063573
3,beam1(seed=ch6),22,"[6, 28, 22]",0.6260852584358901,-0.089527
3,beam1(seed=ch6),23,"[6, 28, 23]",0.5966560614522283,-0.118956
3,beam1(seed=ch6),24,"[6, 28, 24]",0.16946628939333835,-0.546146
3,beam1(seed=ch6),25,"[6, 28, 25]",0.1776321184049003,-0.53798
3,beam1(seed=ch6),26,"[6, 28, 26]",0.30625986325067917,-0.409352
3,beam1(seed=ch6),27,"[6, 28, 27]",0.7093841236160425,-0.006228
3,beam1(seed=ch6),29,"[6, 28, 29]",0.6938282524625162,-0.021784
3,beam1(seed=ch6),30,"[6, 28, 30]",0.23535059816303783,-0.480261
3,beam1(seed=ch6),31,"[6, 28, 31]",0.6064421544486903,-0.10917
3,beam1(seed=ch6),32,"[6, 28, 32]",0.6971721612278731,-0.01844
3,beam1(seed=ch6),33,"[6, 28, 33]",0.6222367109984503,-0.093375
3,beam1(seed=ch6),34,"[6, 28, 34]",0.7262778346029696,0.010666
3,beam1(seed=ch6),35,"[6, 28, 35]",0.7079129034585808,-0.007699
3,beam1(seed=ch6),36,"[6, 28, 36]",0.7156120313091513,0.0
3,beam1(seed=ch6),37,"[6, 28, 37]",0.6365046966225677,-0.079107
3,beam1(seed=ch6),38,"[6, 28, 38]",0.7156120313091513,0.0
3,beam1(seed=ch6),39,"[6, 28, 39]",0.5638215227819839,-0.151791
3,beam1(seed=ch6),40,"[6, 28, 40]",0.6853923037453553,-0.03022
3,beam1(seed=ch6),41,"[6, 28, 41]",0.6636879496058254,-0.051924
3,beam1(seed=ch6),42,"[6, 28, 42]",0.6407305077654184,-0.074882
3,beam1(seed=ch6),43,"[6, 28, 43]",0.5278544872454078,-0.187758
3,beam1(seed=ch6),44,"[6, 28, 44]",0.2594308190902331,-0.456181
3,beam1(seed=ch6),45,"[6, 28, 45]",0.6937075432030685,-0.021904
3,beam1(seed=ch6),46,"[6, 28, 46]",0.6702570921455883,-0.045355
3,beam1(seed=ch6),47,"[6, 28, 47]",0.6034824964406668,-0.11213
3,beam1(seed=ch6),48,"[6, 28, 48]",0.7156120313091513,0.0
3,beam1(seed=ch6),49,"[6, 28, 49]",0.5991863510266838,-0.116426
3,beam1(seed=ch6),50,"[6, 28, 50]",0.4955339824887576,-0.220078
3,beam1(seed=ch6),51,"[6, 28, 51]",0.5646861437943342,-0.150926
3,beam1(seed=ch6),52,"[6, 28, 52]",0.7043627398023579,-0.011249
3,beam1(seed=ch6),53,"[6, 28, 53]",0.6585849358502798,-0.057027
3,beam1(seed=ch6),54,"[6, 28, 54]",0.7170772312836596,0.001465
3,beam1(seed=ch6),55,"[6, 28, 55]",0.6779031935318416,-0.037709
3,beam1(seed=ch6),56,"[6, 28, 56]",0.26619537040422403,-0.449417
3,beam1(seed=ch6),57,"[6, 28, 57]",0.3053049235786806,-0.410307
3,beam1(seed=ch6),58,"[6, 28, 58]",0.6950453830611709,-0.020567
3,beam1(seed=ch6),59,"[6, 28, 59]",0.672979158044325,-0.042633
3,beam1(seed=ch6),60,"[6, 28, 60]",0.5913169982193535,-0.124295
3,beam1(seed=ch6),61,"[6, 28, 61]",0.6438568750095436,-0.071755
3,beam1(seed=ch6),62,"[6, 28, 62]",0.7244276331932173,0.008816
3,beam1(seed=ch6),63,"[6, 28, 63]",0.6168098308283454,-0.098802
3,beam2(seed=ch19),0,"[19, 6, 0]",0.588607603388749,-0.067761
3,beam2(seed=ch19),1,"[19, 6, 1]",0.5338015105351163,-0.122567
3,beam2(seed=ch19),2,"[19, 6, 2]",0.6563686200153047,0.0
3,beam2(seed=ch19),3,"[19, 6, 3]",0.6569243612489465,0.000556
3,beam2(seed=ch19),4,"[19, 6, 4]",0.6563686200153047,0.0
3,beam2(seed=ch19),5,"[19, 6, 5]",0.6027350859661031,-0.053634
3,beam2(seed=ch19),7,"[19, 6, 7]",0.6563686200153047,0.0
3,beam2(seed=ch19),8,"[19, 6, 8]",0.608614654628212,-0.047754
3,beam2(seed=ch19),9,"[19, 6, 9]",0.6563686200153047,0.0
3,beam2(seed=ch19),10,"[19, 6, 10]",0.3353931037122831,-0.320976
3,beam2(seed=ch19),11,"[19, 6, 11]",0.5784281244280568,-0.07794
3,beam2(seed=ch19),12,"[19, 6, 12]",0.6544027034521263,-0.001966
3,beam2(seed=ch19),13,"[19, 6, 13]",0.6563686200153047,0.0
3,beam2(seed=ch19),14,"[19, 6, 14]",0.5110915608091068,-0.145277
3,beam2(seed=ch19),15,"[19, 6, 15]",0.576473150415208,-0.079895
3,beam2(seed=ch19),16,"[19, 6, 16]",0.6751408019614672,0.018772
3,beam2(seed=ch19),17,"[19, 6, 17]",0.6378462358669312,-0.018522
3,beam2(seed=ch19),18,"[19, 6, 18]",0.6277215180589455,-0.028647
3,beam2(seed=ch19),20,"[19, 6, 20]",0.6330004735695565,-0.023368
3,beam2(seed=ch19),21,"[19, 6, 21]",0.6341939988571391,-0.022175
3,beam2(seed=ch19),22,"[19, 6, 22]",0.6680783353617752,0.01171
3,beam2(seed=ch19),23,"[19, 6, 23]",0.5966681785696835,-0.0597
3,beam2(seed=ch19),24,"[19, 6, 24]",0.2430332173105916,-0.413335
3,beam2(seed=ch19),25,"[19, 6, 25]",0.2541745106119658,-0.402194
3,beam2(seed=ch19),26,"[19, 6, 26]",0.36124426176394736,-0.295124
3,beam2(seed=ch19),27,"[19, 6, 27]",0.6574430208068519,0.001074
3,beam2(seed=ch19),28,"[19, 6, 28]",0.6908182943091259,0.03445
3,beam2(seed=ch19),29,"[19, 6, 29]",0.6392399673589353,-0.017129
3,beam2(seed=ch19),30,"[19, 6, 30]",0.31550558189182254,-0.340863
3,beam2(seed=ch19),31,"[19, 6, 31]",0.5883862855965143,-0.067982
3,beam2(seed=ch19),32,"[19, 6, 32]",0.6512019828997766,-0.005167
3,beam2(seed=ch19),33,"[19, 6, 33]",0.642528799732769,-0.01384
3,beam2(seed=ch19),34,"[19, 6, 34]",0.653901321967338,-0.002467
3,beam2(seed=ch19),35,"[19, 6, 35]",0.6535514986034473,-0.002817
3,beam2(seed=ch19),36,"[19, 6, 36]",0.6563686200153047,0.0
3,beam2(seed=ch19),37,"[19, 6, 37]",0.6186114538867195,-0.037757
3,beam2(seed=ch19),38,"[19, 6, 38]",0.6563686200153047,0.0
3,beam2(seed=ch19),39,"[19, 6, 39]",0.5884761613600753,-0.067892
3,beam2(seed=ch19),40,"[19, 6, 40]",0.6512804839284733,-0.005088
3,beam2(seed=ch19),41,"[19, 6, 41]",0.6387485952866553,-0.01762
3,beam2(seed=ch19),42,"[19, 6, 42]",0.6167344636386253,-0.039634
3,beam2(seed=ch19),43,"[19, 6, 43]",0.5618637717342028,-0.094505
3,beam2(seed=ch19),44,"[19, 6, 44]",0.3019910347178701,-0.354378
3,beam2(seed=ch19),45,"[19, 6, 45]",0.6718338101100784,0.015465
3,beam2(seed=ch19),46,"[19, 6, 46]",0.6186375085472096,-0.037731
3,beam2(seed=ch19),47,"[19, 6, 47]",0.6018144354891374,-0.054554
3,beam2(seed=ch19),48,"[19, 6, 48]",0.6563686200153047,0.0
3,beam2(seed=ch19),49,"[19, 6, 49]",0.6132539510981095,-0.043115
3,beam2(seed=ch19),50,"[19, 6, 50]",0.5687252281005316,-0.087643
3,beam2(seed=ch19),51,"[19, 6, 51]",0.5718250643923412,-0.084544
3,beam2(seed=ch19),52,"[19, 6, 52]",0.6634950067940969,0.007126
3,beam2(seed=ch19),53,"[19, 6, 53]",0.6387394242859683,-0.017629
3,beam2(seed=ch19),54,"[19, 6, 54]",0.657455316330572,0.001087
3,beam2(seed=ch19),55,"[19, 6, 55]",0.6416270789290177,-0.014742
3,beam2(seed=ch19),56,"[19, 6, 56]",0.31756128437531106,-0.338807
3,beam2(seed=ch19),57,"[19, 6, 57]",0.379029931840239,-0.277339
3,beam2(seed=ch19),58,"[19, 6, 58]",0.6584445100869667,0.002076
3,beam2(seed=ch19),59,"[19, 6, 59]",0.6344477741742077,-0.021921
3,beam2(seed=ch19),60,"[19, 6, 60]",0.5789746271643935,-0.077394
3,beam2(seed=ch19),61,"[19, 6, 61]",0.6363994158743056,-0.019969
3,beam2(seed=ch19),62,"[19, 6, 62]",0.6643187020396233,0.00795
3,beam2(seed=ch19),63,"[19, 6, 63]",0.6037844641492727,-0.052584
3,beam3(seed=ch28),0,"[28, 6, 0]",0.6208200070981196,-0.094792
3,beam3(seed=ch28),1,"[28, 6, 1]",0.5313095610213603,-0.184302
3,beam3(seed=ch28),2,"[28, 6, 2]",0.7156120223563968,-0.0
3,beam3(seed=ch28),3,"[28, 6, 3]",0.7180545601829085,0.002443
3,beam3(seed=ch28),4,"[28, 6, 4]",0.7156120223563968,-0.0
3,beam3(seed=ch28),5,"[28, 6, 5]",0.541306903493659,-0.174305
3,beam3(seed=ch28),7,"[28, 6, 7]",0.7156120223563968,-0.0
3,beam3(seed=ch28),8,"[28, 6, 8]",0.6270624869056796,-0.08855
3,beam3(seed=ch28),9,"[28, 6, 9]",0.7156120223563968,-0.0
3,beam3(seed=ch28),10,"[28, 6, 10]",0.28142476135053773,-0.434187
3,beam3(seed=ch28),11,"[28, 6, 11]",0.5124845655390704,-0.203127
3,beam3(seed=ch28),12,"[28, 6, 12]",0.7226073455976253,0.006995
3,beam3(seed=ch28),13,"[28, 6, 13]",0.7156120223563968,-0.0
3,beam3(seed=ch28),14,"[28, 6, 14]",0.4025921117183164,-0.31302
3,beam3(seed=ch28),15,"[28, 6, 15]",0.5294243114968986,-0.186188
3,beam3(seed=ch28),16,"[28, 6, 16]",0.6994432204211329,-0.016169
3,beam3(seed=ch28),17,"[28, 6, 17]",0.6870973503771306,-0.028515
3,beam3(seed=ch28),18,"[28, 6, 18]",0.6087206745940338,-0.106891
3,beam3(seed=ch28),19,"[28, 6, 19]",0.6908183227000914,-0.024794
3,beam3(seed=ch28),20,"[28, 6, 20]",0.6079098626835845,-0.107702
3,beam3(seed=ch28),21,"[28, 6, 21]",0.6520395065354405,-0.063573
3,beam3(seed=ch28),22,"[28, 6, 22]",0.6260852416625129,-0.089527
3,beam3(seed=ch28),23,"[28, 6, 23]",0.5966561201265177,-0.118956
3,beam3(seed=ch28),24,"[28, 6, 24]",0.16946628789778997,-0.546146
3,beam3(seed=ch28),25,"[28, 6, 25]",0.17763225144226163,-0.53798
3,beam3(seed=ch28),26,"[28, 6, 26]",0.3062597639653662,-0.409352
3,beam3(seed=ch28),27,"[28, 6, 27]",0.7093841184701897,-0.006228
3,beam3(seed=ch28),29,"[28, 6, 29]",0.693826835147381,-0.021785
3,beam3(seed=ch28),30,"[28, 6, 30]",0.2353505588686127,-0.480261
3,beam3(seed=ch28),31,"[28, 6, 31]",0.6064421335094159,-0.10917
3,beam3(seed=ch28),32,"[28, 6, 32]",0.697173456733517,-0.018439
3,beam3(seed=ch28),33,"[28, 6, 33]",0.622236301948255,-0.093376
3,beam3(seed=ch28),34,"[28, 6, 34]",0.7262777817806405,0.010666
3,beam3(seed=ch28),35,"[28, 6, 35]",0.7079128921940196,-0.007699
3,beam3(seed=ch28),36,"[28, 6, 36]",0.7156120223563968,-0.0
3,beam3(seed=ch28),37,"[28, 6, 37]",0.6365046946291101,-0.079107
3,beam3(seed=ch28),38,"[28, 6, 38]",0.7156120223563968,-0.0
3,beam3(seed=ch28),39,"[28, 6, 39]",0.5638218129196072,-0.15179
3,beam3(seed=ch28),40,"[28, 6, 40]",0.6853923025081332,-0.03022
3,beam3(seed=ch28),41,"[28, 6, 41]",0.6636879562993778,-0.051924
3,beam3(seed=ch28),42,"[28, 6, 42]",0.6407305250432952,-0.074882
3,beam3(seed=ch28),43,"[28, 6, 43]",0.5278544866713577,-0.187758
3,beam3(seed=ch28),44,"[28, 6, 44]",0.25943046776803297,-0.456182
3,beam3(seed=ch28),45,"[28, 6, 45]",0.6937075737366878,-0.021904
3,beam3(seed=ch28),46,"[28, 6, 46]",0.6702571202044285,-0.045355
3,beam3(seed=ch28),47,"[28, 6, 47]",0.6034821723619348,-0.11213
3,beam3(seed=ch28),48,"[28, 6, 48]",0.7156120223563968,-0.0
3,beam3(seed=ch28),49,"[28, 6, 49]",0.5991863474778576,-0.116426
3,beam3(seed=ch28),50,"[28, 6, 50]",0.49553415797338907,-0.220078
3,beam3(seed=ch28),51,"[28, 6, 51]",0.5646863799577237,-0.150926
3,beam3(seed=ch28),52,"[28, 6, 52]",0.7043633083079979,-0.011249
3,beam3(seed=ch28),53,"[28, 6, 53]",0.6585849402471612,-0.057027
3,beam3(seed=ch28),54,"[28, 6, 54]",0.7170772359999384,0.001465
3,beam3(seed=ch28),55,"[28, 6, 55]",0.6779031540958799,-0.037709
3,beam3(seed=ch28),56,"[28, 6, 56]",0.26619550619433785,-0.449417
3,beam3(seed=ch28),57,"[28, 6, 57]",0.30530407263799664,-0.410308
3,beam3(seed=ch28),58,"[28, 6, 58]",0.6950450914241078,-0.020567
3,beam3(seed=ch28),59,"[28, 6, 59]",0.672979124773137,-0.042633
3,beam3(seed=ch28),60,"[28, 6, 60]",0.5913166897785113,-0.124295
3,beam3(seed=ch28),61,"[28, 6, 61]",0.6438568173222172,-0.071755
3,beam3(seed=ch28),62,"[28, 6, 62]",0.724427613313906,0.008816
3,beam3(seed=ch28),63,"[28, 6, 63]",0.616810022538993,-0.098802
4,beam1(seed=ch6),0,"[6, 28, 34, 0]",0.6342952056723399,-0.091983
4,beam1(seed=ch6),1,"[6, 28, 34, 1]",0.539129434619529,-0.187148
4,beam1(seed=ch6),2,"[6, 28, 34, 2]",0.7262778130073617,-0.0
4,beam1(seed=ch6),3,"[6, 28, 34, 3]",0.7288270212872566,0.002549
4,beam1(seed=ch6),4,"[6, 28, 34, 4]",0.7262778130073617,-0.0
4,beam1(seed=ch6),5,"[6, 28, 34, 5]",0.5630527749774163,-0.163225
4,beam1(seed=ch6),7,"[6, 28, 34, 7]",0.7262778130073617,-0.0
4,beam1(seed=ch6),8,"[6, 28, 34, 8]",0.6301910695682182,-0.096087
4,beam1(seed=ch6),9,"[6, 28, 34, 9]",0.7262778130073617,-0.0
4,beam1(seed=ch6),10,"[6, 28, 34, 10]",0.2934900647677245,-0.432788
4,beam1(seed=ch6),11,"[6, 28, 34, 11]",0.5611253475452267,-0.165152
4,beam1(seed=ch6),12,"[6, 28, 34, 12]",0.7355116105841601,0.009234
4,beam1(seed=ch6),13,"[6, 28, 34, 13]",0.7262778130073617,-0.0
4,beam1(seed=ch6),14,"[6, 28, 34, 14]",0.42279112260931234,-0.303487
4,beam1(seed=ch6),15,"[6, 28, 34, 15]",0.55095606815609,-0.175322
4,beam1(seed=ch6),16,"[6, 28, 34, 16]",0.723987276922724,-0.002291
4,beam1(seed=ch6),17,"[6, 28, 34, 17]",0.7019415680708134,-0.024336
4,beam1(seed=ch6),18,"[6, 28, 34, 18]",0.6493504503051855,-0.076927
4,beam1(seed=ch6),19,"[6, 28, 34, 19]",0.688750188044986,-0.037528
4,beam1(seed=ch6),20,"[6, 28, 34, 20]",0.6384774680611643,-0.0878
4,beam1(seed=ch6),21,"[6, 28, 34, 21]",0.6611957910032643,-0.065082
4,beam1(seed=ch6),22,"[6, 28, 34, 22]",0.6339706859616987,-0.092307
4,beam1(seed=ch6),23,"[6, 28, 34, 23]",0.6165812098493567,-0.109697
4,beam1(seed=ch6),24,"[6, 28, 34, 24]",0.1835251453842688,-0.542753
4,beam1(seed=ch6),25,"[6, 28, 34, 25]",0.19164450756873827,-0.534633
4,beam1(seed=ch6),26,"[6, 28, 34, 26]",0.3190186377526901,-0.407259
4,beam1(seed=ch6),27,"[6, 28, 34, 27]",0.7197543547869689,-0.006523
4,beam1(seed=ch6),29,"[6, 28, 34, 29]",0.6946301074988964,-0.031648
4,beam1(seed=ch6),30,"[6, 28, 34, 30]",0.25739439271339826,-0.468883
4,beam1(seed=ch6),31,"[6, 28, 34, 31]",0.6210427664604085,-0.105235
4,beam1(seed=ch6),32,"[6, 28, 34, 32]",0.7076774153851214,-0.0186
4,beam1(seed=ch6),33,"[6, 28, 34, 33]",0.657702992781913,-0.068575
4,beam1(seed=ch6),35,"[6, 28, 34, 35]",0.7255163694325777,-0.000761
4,beam1(seed=ch6),36,"[6, 28, 34, 36]",0.7262778130073617,-0.0
4,beam1(seed=ch6),37,"[6, 28, 34, 37]",0.6604963364195563,-0.065781
4,beam1(seed=ch6),38,"[6, 28, 34, 38]",0.7262778130073617,-0.0
4,beam1(seed=ch6),39,"[6, 28, 34, 39]",0.5800595086142899,-0.146218
4,beam1(seed=ch6),40,"[6, 28, 34, 40]",0.70294984238485,-0.023328
4,beam1(seed=ch6),41,"[6, 28, 34, 41]",0.6889704661804992,-0.037307
4,beam1(seed=ch6),42,"[6, 28, 34, 42]",0.6555578568949725,-0.07072
4,beam1(seed=ch6),43,"[6, 28, 34, 43]",0.5563156322278282,-0.169962
4,beam1(seed=ch6),44,"[6, 28, 34, 44]",0.27575649509762756,-0.450521
4,beam1(seed=ch6),45,"[6, 28, 34, 45]",0.7209950002167558,-0.005283
4,beam1(seed=ch6),46,"[6, 28, 34, 46]",0.6665507142280906,-0.059727
4,beam1(seed=ch6),47,"[6, 28, 34, 47]",0.6290205432885478,-0.097257
4,beam1(seed=ch6),48,"[6, 28, 34, 48]",0.7262778130073617,-0.0
4,beam1(seed=ch6),49,"[6, 28, 34, 49]",0.6230654061561873,-0.103212
4,beam1(seed=ch6),50,"[6, 28, 34, 50]",0.5234163231138965,-0.202862
4,beam1(seed=ch6),51,"[6, 28, 34, 51]",0.5915981992161591,-0.13468
4,beam1(seed=ch6),52,"[6, 28, 34, 52]",0.7152736960845326,-0.011004
4,beam1(seed=ch6),53,"[6, 28, 34, 53]",0.6821764887431482,-0.044101
4,beam1(seed=ch6),54,"[6, 28, 34, 54]",0.727874572458169,0.001597
4,beam1(seed=ch6),55,"[6, 28, 34, 55]",0.699708909734575,-0.026569
4,beam1(seed=ch6),56,"[6, 28, 34, 56]",0.2815601280288696,-0.444718
4,beam1(seed=ch6),57,"[6, 28, 34, 57]",0.32709882085866415,-0.399179
4,beam1(seed=ch6),58,"[6, 28, 34, 58]",0.7061243996376125,-0.020153
4,beam1(seed=ch6),59,"[6, 28, 34, 59]",0.6829101824091581,-0.043368
4,beam1(seed=ch6),60,"[6, 28, 34, 60]",0.6054134925640859,-0.120864
4,beam1(seed=ch6),61,"[6, 28, 34, 61]",0.6626896911385605,-0.063588
4,beam1(seed=ch6),62,"[6, 28, 34, 62]",0.7382575776122836,0.01198
4,beam1(seed=ch6),63,"[6, 28, 34, 63]",0.637611592730483,-0.088666
4,beam2(seed=ch19),0,"[19, 6, 28, 0]",0.633159204818065,-0.057659
4,beam2(seed=ch19),1,"[19, 6, 28, 1]",0.5694237982683379,-0.121394
4,beam2(seed=ch19),2,"[19, 6, 28, 2]",0.6908183406392858,0.0
4,beam2(seed=ch19),3,"[19, 6, 28, 3]",0.6909655019650034,0.000147
4,beam2(seed=ch19),4,"[19, 6, 28, 4]",0.6908183406392858,0.0
4,beam2(seed=ch19),5,"[19, 6, 28, 5]",0.6333782926206877,-0.05744
4,beam2(seed=ch19),7,"[19, 6, 28, 7]",0.6908183406392858,0.0
4,beam2(seed=ch19),8,"[19, 6, 28, 8]",0.6449644694822056,-0.045854
4,beam2(seed=ch19),9,"[19, 6, 28, 9]",0.6908183406392858,0.0
4,beam2(seed=ch19),10,"[19, 6, 28, 10]",0.36452194397075316,-0.326296
4,beam2(seed=ch19),11,"[19, 6, 28, 11]",0.618542036802718,-0.072276
4,beam2(seed=ch19),12,"[19, 6, 28, 12]",0.6880261456173064,-0.002792
4,beam2(seed=ch19),13,"[19, 6, 28, 13]",0.6908183406392858,0.0
4,beam2(seed=ch19),14,"[19, 6, 28, 14]",0.5513312709352508,-0.139487
4,beam2(seed=ch19),15,"[19, 6, 28, 15]",0.6094083976813562,-0.08141
4,beam2(seed=ch19),16,"[19, 6, 28, 16]",0.6868077815757119,-0.004011
4,beam2(seed=ch19),17,"[19, 6, 28, 17]",0.673917192840187,-0.016901
4,beam2(seed=ch19),18,"[19, 6, 28, 18]",0.6611480973226762,-0.02967
4,beam2(seed=ch19),20,"[19, 6, 28, 20]",0.6577384968013252,-0.03308
4,beam2(seed=ch19),21,"[19, 6, 28, 21]",0.6589052681758995,-0.031913
4,beam2(seed=ch19),22,"[19, 6, 28, 22]",0.6854740981979696,-0.005344
4,beam2(seed=ch19),23,"[19, 6, 28, 23]",0.6215373506658668,-0.069281
4,beam2(seed=ch19),24,"[19, 6, 28, 24]",0.2790162344792733,-0.411802
4,beam2(seed=ch19),25,"[19, 6, 28, 25]",0.2905678196308976,-0.40025
4,beam2(seed=ch19),26,"[19, 6, 28, 26]",0.40355311419978207,-0.287265
4,beam2(seed=ch19),27,"[19, 6, 28, 27]",0.6876725330706299,-0.003146
4,beam2(seed=ch19),29,"[19, 6, 28, 29]",0.6648025472983315,-0.026016
4,beam2(seed=ch19),30,"[19, 6, 28, 30]",0.3588222173990272,-0.331996
4,beam2(seed=ch19),31,"[19, 6, 28, 31]",0.6246613561331144,-0.066157
4,beam2(seed=ch19),32,"[19, 6, 28, 32]",0.6750386694855861,-0.01578
4,beam2(seed=ch19),33,"[19, 6, 28, 33]",0.6684663431384512,-0.022352
4,beam2(seed=ch19),34,"[19, 6, 28, 34]",0.6887501953898129,-0.002068
4,beam2(seed=ch19),35,"[19, 6, 28, 35]",0.6871554231906047,-0.003663
4,beam2(seed=ch19),36,"[19, 6, 28, 36]",0.6908183406392858,0.0
4,beam2(seed=ch19),37,"[19, 6, 28, 37]",0.6442895167833478,-0.046529
4,beam2(seed=ch19),38,"[19, 6, 28, 38]",0.6908183406392858,0.0
4,beam2(seed=ch19),39,"[19, 6, 28, 39]",0.6104249280937579,-0.080393
4,beam2(seed=ch19),40,"[19, 6, 28, 40]",0.6859575815206221,-0.004861
4,beam2(seed=ch19),41,"[19, 6, 28, 41]",0.6687197516845954,-0.022099
4,beam2(seed=ch19),42,"[19, 6, 28, 42]",0.6486805834317431,-0.042138
4,beam2(seed=ch19),43,"[19, 6, 28, 43]",0.594865696674125,-0.095953
4,beam2(seed=ch19),44,"[19, 6, 28, 44]",0.34240247979703065,-0.348416
4,beam2(seed=ch19),45,"[19, 6, 28, 45]",0.6867966437442216,-0.004022
4,beam2(seed=ch19),46,"[19, 6, 28, 46]",0.6411343405495773,-0.049684
4,beam2(seed=ch19),47,"[19, 6, 28, 47]",0.631629054683753,-0.059189
4,beam2(seed=ch19),48,"[19, 6, 28, 48]",0.6908183406392858,0.0
4,beam2(seed=ch19),49,"[19, 6, 28, 49]",0.6394366842755969,-0.051382
4,beam2(seed=ch19),50,"[19, 6, 28, 50]",0.6180646055974828,-0.072754
4,beam2(seed=ch19),51,"[19, 6, 28, 51]",0.5959818464633614,-0.094836
4,beam2(seed=ch19),52,"[19, 6, 28, 52]",0.6934212226569607,0.002603
4,beam2(seed=ch19),53,"[19, 6, 28, 53]",0.6686526600156791,-0.022166
4,beam2(seed=ch19),54,"[19, 6, 28, 54]",0.6915248463344363,0.000707
4,beam2(seed=ch19),55,"[19, 6, 28, 55]",0.6729929836020896,-0.017825
4,beam2(seed=ch19),56,"[19, 6, 28, 56]",0.3510061875532468,-0.339812
4,beam2(seed=ch19),57,"[19, 6, 28, 57]",0.4175181640222806,-0.2733
4,beam2(seed=ch19),58,"[19, 6, 28, 58]",0.6813603805903655,-0.009458
4,beam2(seed=ch19),59,"[19, 6, 28, 59]",0.6669578003387822,-0.02386
4,beam2(seed=ch19),60,"[19, 6, 28, 60]",0.6135592095456536,-0.077259
4,beam2(seed=ch19),61,"[19, 6, 28, 61]",0.6618599731619714,-0.028958
4,beam2(seed=ch19),62,"[19, 6, 28, 62]",0.6962777907210066,0.005459
4,beam2(seed=ch19),63,"[19, 6, 28, 63]",0.6374787470901215,-0.05334
4,beam3(seed=ch28),0,"[28, 6, 34, 0]",0.6342951890291696,-0.091983
4,beam3(seed=ch28),1,"[28, 6, 34, 1]",0.5391294364687995,-0.187148
4,beam3(seed=ch28),2,"[28, 6, 34, 2]",0.7262777791146602,-0.0
4,beam3(seed=ch28),3,"[28, 6, 34, 3]",0.7288270181636808,0.002549
4,beam3(seed=ch28),4,"[28, 6, 34, 4]",0.7262777791146602,-0.0
4,beam3(seed=ch28),5,"[28, 6, 34, 5]",0.5630527653230374,-0.163225
4,beam3(seed=ch28),7,"[28, 6, 34, 7]",0.7262777791146602,-0.0
4,beam3(seed=ch28),8,"[28, 6, 34, 8]",0.6301910472433617,-0.096087
4,beam3(seed=ch28),9,"[28, 6, 34, 9]",0.7262777791146602,-0.0
4,beam3(seed=ch28),10,"[28, 6, 34, 10]",0.2934900565414839,-0.432788
4,beam3(seed=ch28),11,"[28, 6, 34, 11]",0.5611261705322469,-0.165152
4,beam3(seed=ch28),12,"[28, 6, 34, 12]",0.7355115890810191,0.009234
4,beam3(seed=ch28),13,"[28, 6, 34, 13]",0.7262777791146602,-0.0
4,beam3(seed=ch28),14,"[28, 6, 34, 14]",0.42279022394213017,-0.303488
4,beam3(seed=ch28),15,"[28, 6, 34, 15]",0.5509560652835682,-0.175322
4,beam3(seed=ch28),16,"[28, 6, 34, 16]",0.7239872902240753,-0.00229
4,beam3(seed=ch28),17,"[28, 6, 34, 17]",0.7019415272311303,-0.024336
4,beam3(seed=ch28),18,"[28, 6, 34, 18]",0.6493497006089813,-0.076928
4,beam3(seed=ch28),19,"[28, 6, 34, 19]",0.6887501781504124,-0.037528
4,beam3(seed=ch28),20,"[28, 6, 34, 20]",0.63847747112692,-0.0878
4,beam3(seed=ch28),21,"[28, 6, 34, 21]",0.661195798948268,-0.065082
4,beam3(seed=ch28),22,"[28, 6, 34, 22]",0.633970689317724,-0.092307
4,beam3(seed=ch28),23,"[28, 6, 34, 23]",0.6165810159506541,-0.109697
4,beam3(seed=ch28),24,"[28, 6, 34, 24]",0.1835249007482895,-0.542753
4,beam3(seed=ch28),25,"[28, 6, 34, 25]",0.19164452181338396,-0.534633
4,beam3(seed=ch28),26,"[28, 6, 34, 26]",0.3190192981118262,-0.407258
4,beam3(seed=ch28),27,"[28, 6, 34, 27]",0.7197543452690794,-0.006523
4,beam3(seed=ch28),29,"[28, 6, 34, 29]",0.6946300566002812,-0.031648
4,beam3(seed=ch28),30,"[28, 6, 34, 30]",0.25739438043846297,-0.468883
4,beam3(seed=ch28),31,"[28, 6, 34, 31]",0.6210427764976506,-0.105235
4,beam3(seed=ch28),32,"[28, 6, 34, 32]",0.7076774107101017,-0.0186
4,beam3(seed=ch28),33,"[28, 6, 34, 33]",0.6577030821375829,-0.068575
4,beam3(seed=ch28),35,"[28, 6, 34, 35]",0.7255163916842742,-0.000761
4,beam3(seed=ch28),36,"[28, 6, 34, 36]",0.7262777791146602,-0.0
4,beam3(seed=ch28),37,"[28, 6, 34, 37]",0.6604963278485817,-0.065781
4,beam3(seed=ch28),38,"[28, 6, 34, 38]",0.7262777791146602,-0.0
4,beam3(seed=ch28),39,"[28, 6, 34, 39]",0.5800591087097129,-0.146219
4,beam3(seed=ch28),40,"[28, 6, 34, 40]",0.7029497888425679,-0.023328
4,beam3(seed=ch28),41,"[28, 6, 34, 41]",0.6889704298229734,-0.037307
4,beam3(seed=ch28),42,"[28, 6, 34, 42]",0.6555578760902352,-0.07072
4,beam3(seed=ch28),43,"[28, 6, 34, 43]",0.5563156415578308,-0.169962
4,beam3(seed=ch28),44,"[28, 6, 34, 44]",0.27575668639693074,-0.450521
4,beam3(seed=ch28),45,"[28, 6, 34, 45]",0.720994949310258,-0.005283
4,beam3(seed=ch28),46,"[28, 6, 34, 46]",0.6665507679925933,-0.059727
4,beam3(seed=ch28),47,"[28, 6, 34, 47]",0.6290205326203171,-0.097257
4,beam3(seed=ch28),48,"[28, 6, 34, 48]",0.7262777791146602,-0.0
4,beam3(seed=ch28),49,"[28, 6, 34, 49]",0.6230653611198088,-0.103212
4,beam3(seed=ch28),50,"[28, 6, 34, 50]",0.5234176751470895,-0.20286
4,beam3(seed=ch28),51,"[28, 6, 34, 51]",0.5915981900396043,-0.13468
4,beam3(seed=ch28),52,"[28, 6, 34, 52]",0.7152736721298925,-0.011004
4,beam3(seed=ch28),53,"[28, 6, 34, 53]",0.6821764878955359,-0.044101
4,beam3(seed=ch28),54,"[28, 6, 34, 54]",0.7278745772361991,0.001597
4,beam3(seed=ch28),55,"[28, 6, 34, 55]",0.6997089079776708,-0.026569
4,beam3(seed=ch28),56,"[28, 6, 34, 56]",0.281560164655499,-0.444718
4,beam3(seed=ch28),57,"[28, 6, 34, 57]",0.3270981003515087,-0.39918
4,beam3(seed=ch28),58,"[28, 6, 34, 58]",0.706123482606936,-0.020154
4,beam3(seed=ch28),59,"[28, 6, 34, 59]",0.6829102381747346,-0.043368
4,beam3(seed=ch28),60,"[28, 6, 34, 60]",0.605413480361872,-0.120864
4,beam3(seed=ch28),61,"[28, 6, 34, 61]",0.6626897162882466,-0.063588
4,beam3(seed=ch28),62,"[28, 6, 34, 62]",0.7382575777869876,0.01198
4,beam3(seed=ch28),63,"[28, 6, 34, 63]",0.6376115793426447,-0.088666
5,beam1(seed=ch6),0,"[6, 28, 34, 62, 0]",0.6483169897081776,-0.089941
5,beam1(seed=ch6),1,"[6, 28, 34, 62, 1]",0.5502528034505276,-0.188005
5,beam1(seed=ch6),2,"[6, 28, 34, 62, 2]",0.7382576259171406,0.0
5,beam1(seed=ch6),3,"[6, 28, 34, 62, 3]",0.7353606190758277,-0.002897
5,beam1(seed=ch6),4,"[6, 28, 34, 62, 4]",0.7382576259171406,0.0
5,beam1(seed=ch6),5,"[6, 28, 34, 62, 5]",0.5982311550766837,-0.140026
5,beam1(seed=ch6),7,"[6, 28, 34, 62, 7]",0.7382576259171406,0.0
5,beam1(seed=ch6),8,"[6, 28, 34, 62, 8]",0.6386693147951904,-0.099588
5,beam1(seed=ch6),9,"[6, 28, 34, 62, 9]",0.7382576259171406,0.0
5,beam1(seed=ch6),10,"[6, 28, 34, 62, 10]",0.3084326219723351,-0.429825
5,beam1(seed=ch6),11,"[6, 28, 34, 62, 11]",0.5933801831491983,-0.144877
5,beam1(seed=ch6),12,"[6, 28, 34, 62, 12]",0.7398083562324792,0.001551
5,beam1(seed=ch6),13,"[6, 28, 34, 62, 13]",0.7382576259171406,0.0
5,beam1(seed=ch6),14,"[6, 28, 34, 62, 14]",0.44883064967796427,-0.289427
5,beam1(seed=ch6),15,"[6, 28, 34, 62, 15]",0.5766887090044777,-0.161569
5,beam1(seed=ch6),16,"[6, 28, 34, 62, 16]",0.7237326215580981,-0.014525
5,beam1(seed=ch6),17,"[6, 28, 34, 62, 17]",0.7070611977877439,-0.031196
5,beam1(seed=ch6),18,"[6, 28, 34, 62, 18]",0.6591863022209031,-0.079071
5,beam1(seed=ch6),19,"[6, 28, 34, 62, 19]",0.6941782719936689,-0.044079
5,beam1(seed=ch6),20,"[6, 28, 34, 62, 20]",0.6485932358268975,-0.089664
5,beam1(seed=ch6),21,"[6, 28, 34, 62, 21]",0.6607457180748927,-0.077512
5,beam1(seed=ch6),22,"[6, 28, 34, 62, 22]",0.6400421241419402,-0.098215
5,beam1(seed=ch6),23,"[6, 28, 34, 62, 23]",0.6439351483062126,-0.094322
5,beam1(seed=ch6),24,"[6, 28, 34, 62, 24]",0.1952675477755033,-0.54299
5,beam1(seed=ch6),25,"[6, 28, 34, 62, 25]",0.19896925445296507,-0.539288
5,beam1(seed=ch6),26,"[6, 28, 34, 62, 26]",0.33298615351359834,-0.405271
5,beam1(seed=ch6),27,"[6, 28, 34, 62, 27]",0.7249387849705432,-0.013319
5,beam1(seed=ch6),29,"[6, 28, 34, 62, 29]",0.7117860507420664,-0.026472
5,beam1(seed=ch6),30,"[6, 28, 34, 62, 30]",0.2686346925786596,-0.469623
5,beam1(seed=ch6),31,"[6, 28, 34, 62, 31]",0.6292651145171689,-0.108992
5,beam1(seed=ch6),32,"[6, 28, 34, 62, 32]",0.7152657413292414,-0.022992
5,beam1(seed=ch6),33,"[6, 28, 34, 62, 33]",0.6634385161293006,-0.074819
5,beam1(seed=ch6),35,"[6, 28, 34, 62, 35]",0.7307361247560746,-0.007521
5,beam1(seed=ch6),36,"[6, 28, 34, 62, 36]",0.7382576259171406,0.0
5,beam1(seed=ch6),37,"[6, 28, 34, 62, 37]",0.6603892410966454,-0.077868
5,beam1(seed=ch6),38,"[6, 28, 34, 62, 38]",0.7382576259171406,0.0
5,beam1(seed=ch6),39,"[6, 28, 34, 62, 39]",0.6123039300218204,-0.125954
5,beam1(seed=ch6),40,"[6, 28, 34, 62, 40]",0.7145575942512723,-0.0237
5,beam1(seed=ch6),41,"[6, 28, 34, 62, 41]",0.6950055335436994,-0.043252
5,beam1(seed=ch6),42,"[6, 28, 34, 62, 42]",0.6683283830068045,-0.069929
5,beam1(seed=ch6),43,"[6, 28, 34, 62, 43]",0.5598484810956109,-0.178409
5,beam1(seed=ch6),44,"[6, 28, 34, 62, 44]",0.2830969754243232,-0.455161
5,beam1(seed=ch6),45,"[6, 28, 34, 62, 45]",0.7189672727220922,-0.01929
5,beam1(seed=ch6),46,"[6, 28, 34, 62, 46]",0.6675158606745555,-0.070742
5,beam1(seed=ch6),47,"[6, 28, 34, 62, 47]",0.6362755940261957,-0.101982
5,beam1(seed=ch6),48,"[6, 28, 34, 62, 48]",0.7382576259171406,0.0
5,beam1(seed=ch6),49,"[6, 28, 34, 62, 49]",0.6338424914025409,-0.104415
5,beam1(seed=ch6),50,"[6, 28, 34, 62, 50]",0.5573940389808332,-0.180864
5,beam1(seed=ch6),51,"[6, 28, 34, 62, 51]",0.6033467602788265,-0.134911
5,beam1(seed=ch6),52,"[6, 28, 34, 62, 52]",0.723013262381224,-0.015244
5,beam1(seed=ch6),53,"[6, 28, 34, 62, 53]",0.6847567828836999,-0.053501
5,beam1(seed=ch6),54,"[6, 28, 34, 62, 54]",0.7345644321719939,-0.003693
5,beam1(seed=ch6),55,"[6, 28, 34, 62, 55]",0.7024547760615562,-0.035803
5,beam1(seed=ch6),56,"[6, 28, 34, 62, 56]",0.2893119688247439,-0.448946
5,beam1(seed=ch6),57,"[6, 28, 34, 62, 57]",0.33492228232676846,-0.403335
5,beam1(seed=ch6),58,"[6, 28, 34, 62, 58]",0.7146661147310436,-0.023591
5,beam1(seed=ch6),59,"[6, 28, 34, 62, 59]",0.6924426743196761,-0.045815
5,beam1(seed=ch6),60,"[6, 28, 34, 62, 60]",0.6225612834350485,-0.115696
5,beam1(seed=ch6),61,"[6, 28, 34, 62, 61]",0.6580234573947413,-0.080234
5,beam1(seed=ch6),63,"[6, 28, 34, 62, 63]",0.6465731065052281,-0.091684
5,beam2(seed=ch19),0,"[19, 6, 28, 62, 0]",0.6211829656052602,-0.075095
5,beam2(seed=ch19),1,"[19, 6, 28, 62, 1]",0.5755615903771594,-0.120716
5,beam2(seed=ch19),2,"[19, 6, 28, 62, 2]",0.6962777729443178,-0.0
5,beam2(seed=ch19),3,"[19, 6, 28, 62, 3]",0.6958309494379087,-0.000447
5,beam2(seed=ch19),4,"[19, 6, 28, 62, 4]",0.6962777729443178,-0.0
5,beam2(seed=ch19),5,"[19, 6, 28, 62, 5]",0.6419901970695882,-0.054288
5,beam2(seed=ch19),7,"[19, 6, 28, 62, 7]",0.6962777729443178,-0.0
5,beam2(seed=ch19),8,"[19, 6, 28, 62, 8]",0.6491346916452507,-0.047143
5,beam2(seed=ch19),9,"[19, 6, 28, 62, 9]",0.6962777729443178,-0.0
5,beam2(seed=ch19),10,"[19, 6, 28, 62, 10]",0.37418065260333633,-0.322097
5,beam2(seed=ch19),11,"[19, 6, 28, 62, 11]",0.630682891711704,-0.065595
5,beam2(seed=ch19),12,"[19, 6, 28, 62, 12]",0.6925464765998394,-0.003731
5,beam2(seed=ch19),13,"[19, 6, 28, 62, 13]",0.6962777729443178,-0.0
5,beam2(seed=ch19),14,"[19, 6, 28, 62, 14]",0.5722079628575377,-0.12407
5,beam2(seed=ch19),15,"[19, 6, 28, 62, 15]",0.6235158058619377,-0.072762
5,beam2(seed=ch19),16,"[19, 6, 28, 62, 16]",0.6893919837459314,-0.006886
5,beam2(seed=ch19),17,"[19, 6, 28, 62, 17]",0.678628923316867,-0.017649
5,beam2(seed=ch19),18,"[19, 6, 28, 62, 18]",0.6686873348310783,-0.02759
5,beam2(seed=ch19),20,"[19, 6, 28, 62, 20]",0.6609714358933672,-0.035306
5,beam2(seed=ch19),21,"[19, 6, 28, 62, 21]",0.6602130282799171,-0.036065
5,beam2(seed=ch19),22,"[19, 6, 28, 62, 22]",0.6861770746420272,-0.010101
5,beam2(seed=ch19),23,"[19, 6, 28, 62, 23]",0.6321226274231068,-0.064155
5,beam2(seed=ch19),24,"[19, 6, 28, 62, 24]",0.2864797853198239,-0.409798
5,beam2(seed=ch19),25,"[19, 6, 28, 62, 25]",0.2945880307363883,-0.40169
5,beam2(seed=ch19),26,"[19, 6, 28, 62, 26]",0.41447652316558714,-0.281801
5,beam2(seed=ch19),27,"[19, 6, 28, 62, 27]",0.6923116824173849,-0.003966
5,beam2(seed=ch19),29,"[19, 6, 28, 62, 29]",0.6766147944072821,-0.019663
5,beam2(seed=ch19),30,"[19, 6, 28, 62, 30]",0.3697579074781299,-0.32652
5,beam2(seed=ch19),31,"[19, 6, 28, 62, 31]",0.6324633015794674,-0.063814
5,beam2(seed=ch19),32,"[19, 6, 28, 62, 32]",0.684031363176161,-0.012246
5,beam2(seed=ch19),33,"[19, 6, 28, 62, 33]",0.6731139038064365,-0.023164
5,beam2(seed=ch19),34,"[19, 6, 28, 62, 34]",0.6941782676298529,-0.0021
5,beam2(seed=ch19),35,"[19, 6, 28, 62, 35]",0.6903889007946303,-0.005889
5,beam2(seed=ch19),36,"[19, 6, 28, 62, 36]",0.6962777729443178,-0.0
5,beam2(seed=ch19),37,"[19, 6, 28, 62, 37]",0.6468539009328665,-0.049424
5,beam2(seed=ch19),38,"[19, 6, 28, 62, 38]",0.6962777729443178,-0.0
5,beam2(seed=ch19),39,"[19, 6, 28, 62, 39]",0.6254579309409615,-0.07082
5,beam2(seed=ch19),40,"[19, 6, 28, 62, 40]",0.6910983233754792,-0.005179
5,beam2(seed=ch19),41,"[19, 6, 28, 62, 41]",0.685077794419883,-0.0112
5,beam2(seed=ch19),42,"[19, 6, 28, 62, 42]",0.6533198013371394,-0.042958
5,beam2(seed=ch19),43,"[19, 6, 28, 62, 43]",0.5980542556391605,-0.098224
5,beam2(seed=ch19),44,"[19, 6, 28, 62, 44]",0.3491155591970888,-0.347162
5,beam2(seed=ch19),45,"[19, 6, 28, 62, 45]",0.6890652094571975,-0.007213
5,beam2(seed=ch19),46,"[19, 6, 28, 62, 46]",0.6468155448197459,-0.049462
5,beam2(seed=ch19),47,"[19, 6, 28, 62, 47]",0.6359545751719821,-0.060323
5,beam2(seed=ch19),48,"[19, 6, 28, 62, 48]",0.6962777729443178,-0.0
5,beam2(seed=ch19),49,"[19, 6, 28, 62, 49]",0.6425934565100883,-0.053684
5,beam2(seed=ch19),50,"[19, 6, 28, 62, 50]",0.6493579715353758,-0.04692
5,beam2(seed=ch19),51,"[19, 6, 28, 62, 51]",0.6088116758528979,-0.087466
5,beam2(seed=ch19),52,"[19, 6, 28, 62, 52]",0.6986608920657733,0.002383
5,beam2(seed=ch19),53,"[19, 6, 28, 62, 53]",0.6719286379890794,-0.024349
5,beam2(seed=ch19),54,"[19, 6, 28, 62, 54]",0.6967178007299576,0.00044
5,beam2(seed=ch19),55,"[19, 6, 28, 62, 55]",0.6768357740245364,-0.019442
5,beam2(seed=ch19),56,"[19, 6, 28, 62, 56]",0.35697954764196355,-0.339298
5,beam2(seed=ch19),57,"[19, 6, 28, 62, 57]",0.4258018544170308,-0.270476
5,beam2(seed=ch19),58,"[19, 6, 28, 62, 58]",0.6896581518924798,-0.00662
5,beam2(seed=ch19),59,"[19, 6, 28, 62, 59]",0.6803892855696735,-0.015889
5,beam2(seed=ch19),60,"[19, 6, 28, 62, 60]",0.6179605938814651,-0.078317
5,beam2(seed=ch19),61,"[19, 6, 28, 62, 61]",0.6626490604626163,-0.033629
5,beam2(seed=ch19),63,"[19, 6, 28, 62, 63]",0.6419332410775189,-0.054345
5,beam3(seed=ch28),0,"[28, 6, 34, 62, 0]",0.6483169516750555,-0.089941
5,beam3(seed=ch28),1,"[28, 6, 34, 62, 1]",0.5502527919197918,-0.188005
5,beam3(seed=ch28),2,"[28, 6, 34, 62, 2]",0.7382576040684943,0.0
5,beam3(seed=ch28),3,"[28, 6, 34, 62, 3]",0.7353606626757226,-0.002897
5,beam3(seed=ch28),4,"[28, 6, 34, 62, 4]",0.7382576040684943,0.0
5,beam3(seed=ch28),5,"[28, 6, 34, 62, 5]",0.5982311225774354,-0.140026
5,beam3(seed=ch28),7,"[28, 6, 34, 62, 7]",0.7382576040684943,0.0
5,beam3(seed=ch28),8,"[28, 6, 34, 62, 8]",0.6386693444976235,-0.099588
5,beam3(seed=ch28),9,"[28, 6, 34, 62, 9]",0.7382576040684943,0.0
5,beam3(seed=ch28),10,"[28, 6, 34, 62, 10]",0.30843289687097014,-0.429825
5,beam3(seed=ch28),11,"[28, 6, 34, 62, 11]",0.5933860219721506,-0.144872
5,beam3(seed=ch28),12,"[28, 6, 34, 62, 12]",0.739808340503468,0.001551
5,beam3(seed=ch28),13,"[28, 6, 34, 62, 13]",0.7382576040684943,0.0
5,beam3(seed=ch28),14,"[28, 6, 34, 62, 14]",0.4488322807252617,-0.289425
5,beam3(seed=ch28),15,"[28, 6, 34, 62, 15]",0.5766887278290781,-0.161569
5,beam3(seed=ch28),16,"[28, 6, 34, 62, 16]",0.7237326000367581,-0.014525
5,beam3(seed=ch28),17,"[28, 6, 34, 62, 17]",0.7070612208721012,-0.031196
5,beam3(seed=ch28),18,"[28, 6, 34, 62, 18]",0.6591872518463531,-0.07907
5,beam3(seed=ch28),19,"[28, 6, 34, 62, 19]",0.694178257181975,-0.044079
5,beam3(seed=ch28),20,"[28, 6, 34, 62, 20]",0.6485932254771481,-0.089664
5,beam3(seed=ch28),21,"[28, 6, 34, 62, 21]",0.6607457236789145,-0.077512
5,beam3(seed=ch28),22,"[28, 6, 34, 62, 22]",0.640042105280353,-0.098215
5,beam3(seed=ch28),23,"[28, 6, 34, 62, 23]",0.6439354446820862,-0.094322
5,beam3(seed=ch28),24,"[28, 6, 34, 62, 24]",0.1952680722662274,-0.54299
5,beam3(seed=ch28),25,"[28, 6, 34, 62, 25]",0.19896982032076255,-0.539288
5,beam3(seed=ch28),26,"[28, 6, 34, 62, 26]",0.3329869869571191,-0.405271
5,beam3(seed=ch28),27,"[28, 6, 34, 62, 27]",0.7249387342631146,-0.013319
5,beam3(seed=ch28),29,"[28, 6, 34, 62, 29]",0.711786652712206,-0.026471
5,beam3(seed=ch28),30,"[28, 6, 34, 62, 30]",0.2686366074562131,-0.469621
5,beam3(seed=ch28),31,"[28, 6, 34, 62, 31]",0.6292651555287909,-0.108992
5,beam3(seed=ch28),32,"[28, 6, 34, 62, 32]",0.7152664736633012,-0.022991
5,beam3(seed=ch28),33,"[28, 6, 34, 62, 33]",0.6634386854622358,-0.074819
5,beam3(seed=ch28),35,"[28, 6, 34, 62, 35]",0.7307361752548336,-0.007521
5,beam3(seed=ch28),36,"[28, 6, 34, 62, 36]",0.7382576040684943,0.0
5,beam3(seed=ch28),37,"[28, 6, 34, 62, 37]",0.6603892344501915,-0.077868
5,beam3(seed=ch28),38,"[28, 6, 34, 62, 38]",0.7382576040684943,0.0
5,beam3(seed=ch28),39,"[28, 6, 34, 62, 39]",0.6123023494531755,-0.125955
5,beam3(seed=ch28),40,"[28, 6, 34, 62, 40]",0.7145575835981045,-0.0237
5,beam3(seed=ch28),41,"[28, 6, 34, 62, 41]",0.6950055374502513,-0.043252
5,beam3(seed=ch28),42,"[28, 6, 34, 62, 42]",0.6683283540241496,-0.069929
5,beam3(seed=ch28),43,"[28, 6, 34, 62, 43]",0.559848488825069,-0.178409
5,beam3(seed=ch28),44,"[28, 6, 34, 62, 44]",0.2830969061808236,-0.455161
5,beam3(seed=ch28),45,"[28, 6, 34, 62, 45]",0.7189672735028413,-0.01929
5,beam3(seed=ch28),46,"[28, 6, 34, 62, 46]",0.6675159139543629,-0.070742
5,beam3(seed=ch28),47,"[28, 6, 34, 62, 47]",0.6362755968659008,-0.101982
5,beam3(seed=ch28),48,"[28, 6, 34, 62, 48]",0.7382576040684943,0.0
5,beam3(seed=ch28),49,"[28, 6, 34, 62, 49]",0.633842520831818,-0.104415
5,beam3(seed=ch28),50,"[28, 6, 34, 62, 50]",0.5573926420281349,-0.180865
5,beam3(seed=ch28),51,"[28, 6, 34, 62, 51]",0.6033465555979323,-0.134911
5,beam3(seed=ch28),52,"[28, 6, 34, 62, 52]",0.7230132432047727,-0.015244
5,beam3(seed=ch28),53,"[28, 6, 34, 62, 53]",0.6847568194908245,-0.053501
5,beam3(seed=ch28),54,"[28, 6, 34, 62, 54]",0.734564412939082,-0.003693
5,beam3(seed=ch28),55,"[28, 6, 34, 62, 55]",0.7024547830698561,-0.035803
5,beam3(seed=ch28),56,"[28, 6, 34, 62, 56]",0.289309821758638,-0.448948
5,beam3(seed=ch28),57,"[28, 6, 34, 62, 57]",0.33492037871602975,-0.403337
5,beam3(seed=ch28),58,"[28, 6, 34, 62, 58]",0.7146687796525856,-0.023589
5,beam3(seed=ch28),59,"[28, 6, 34, 62, 59]",0.6924426892617511,-0.045815
5,beam3(seed=ch28),60,"[28, 6, 34, 62, 60]",0.6225612963095642,-0.115696
5,beam3(seed=ch28),61,"[28, 6, 34, 62, 61]",0.6580234741775316,-0.080234
5,beam3(seed=ch28),63,"[28, 6, 34, 62, 63]",0.6465731476745077,-0.091684
6,beam1(seed=ch6),0,"[6, 28, 34, 62, 12, 0]",0.6481984651536715,-0.09161
6,beam1(seed=ch6),1,"[6, 28, 34, 62, 12, 1]",0.5539776286984343,-0.185831
6,beam1(seed=ch6),2,"[6, 28, 34, 62, 12, 2]",0.7398083224816193,-0.0
6,beam1(seed=ch6),3,"[6, 28, 34, 62, 12, 3]",0.7399674137791137,0.000159
6,beam1(seed=ch6),4,"[6, 28, 34, 62, 12, 4]",0.7398083224816193,-0.0
6,beam1(seed=ch6),5,"[6, 28, 34, 62, 12, 5]",0.6119301851627112,-0.127878
6,beam1(seed=ch6),7,"[6, 28, 34, 62, 12, 7]",0.7398083224816193,-0.0
6,beam1(seed=ch6),8,"[6, 28, 34, 62, 12, 8]",0.6483843955044143,-0.091424
6,beam1(seed=ch6),9,"[6, 28, 34, 62, 12, 9]",0.7398083224816193,-0.0
6,beam1(seed=ch6),10,"[6, 28, 34, 62, 12, 10]",0.3209908923423878,-0.418817
6,beam1(seed=ch6),11,"[6, 28, 34, 62, 12, 11]",0.6078566155374233,-0.131952
6,beam1(seed=ch6),13,"[6, 28, 34, 62, 12, 13]",0.7398083224816193,-0.0
6,beam1(seed=ch6),14,"[6, 28, 34, 62, 12, 14]",0.461615021234104,-0.278193
6,beam1(seed=ch6),15,"[6, 28, 34, 62, 12, 15]",0.6063700454610332,-0.133438
6,beam1(seed=ch6),16,"[6, 28, 34, 62, 12, 16]",0.72061507074759,-0.019193
6,beam1(seed=ch6),17,"[6, 28, 34, 62, 12, 17]",0.7105928767065586,-0.029215
6,beam1(seed=ch6),18,"[6, 28, 34, 62, 12, 18]",0.6684545963054278,-0.071354
6,beam1(seed=ch6),19,"[6, 28, 34, 62, 12, 19]",0.6905206678777951,-0.049288
6,beam1(seed=ch6),20,"[6, 28, 34, 62, 12, 20]",0.6537728392838534,-0.086036
6,beam1(seed=ch6),21,"[6, 28, 34, 62, 12, 21]",0.6582012244502796,-0.081607
6,beam1(seed=ch6),22,"[6, 28, 34, 62, 12, 22]",0.6497854621585484,-0.090023
6,beam1(seed=ch6),23,"[6, 28, 34, 62, 12, 23]",0.6518922897704005,-0.087916
6,beam1(seed=ch6),24,"[6, 28, 34, 62, 12, 24]",0.20506903847619232,-0.534739
6,beam1(seed=ch6),25,"[6, 28, 34, 62, 12, 25]",0.2024206491862479,-0.537388
6,beam1(seed=ch6),26,"[6, 28, 34, 62, 12, 26]",0.35486696437723547,-0.384941
6,beam1(seed=ch6),27,"[6, 28, 34, 62, 12, 27]",0.7238556268502706,-0.015953
6,beam1(seed=ch6),29,"[6, 28, 34, 62, 12, 29]",0.7100918035245152,-0.029717
6,beam1(seed=ch6),30,"[6, 28, 34, 62, 12, 30]",0.2761724042767155,-0.463636
6,beam1(seed=ch6),31,"[6, 28, 34, 62, 12, 31]",0.6315317108371696,-0.108277
6,beam1(seed=ch6),32,"[6, 28, 34, 62, 12, 32]",0.7196972446627813,-0.020111
6,beam1(seed=ch6),33,"[6, 28, 34, 62, 12, 33]",0.6638949777741346,-0.075913
6,beam1(seed=ch6),35,"[6, 28, 34, 62, 12, 35]",0.7348462360910903,-0.004962
6,beam1(seed=ch6),36,"[6, 28, 34, 62, 12, 36]",0.7398083224816193,-0.0
6,beam1(seed=ch6),37,"[6, 28, 34, 62, 12, 37]",0.6588905397117072,-0.080918
6,beam1(seed=ch6),38,"[6, 28, 34, 62, 12, 38]",0.7398083224816193,-0.0
6,beam1(seed=ch6),39,"[6, 28, 34, 62, 12, 39]",0.6334330744828341,-0.106375
6,beam1(seed=ch6),40,"[6, 28, 34, 62, 12, 40]",0.7238942025865811,-0.015914
6,beam1(seed=ch6),41,"[6, 28, 34, 62, 12, 41]",0.6995139613682677,-0.040294
6,beam1(seed=ch6),42,"[6, 28, 34, 62, 12, 42]",0.6681570874598538,-0.071651
6,beam1(seed=ch6),43,"[6, 28, 34, 62, 12, 43]",0.5763915282213421,-0.163417
6,beam1(seed=ch6),44,"[6, 28, 34, 62, 12, 44]",0.2888768951704386,-0.450931
6,beam1(seed=ch6),45,"[6, 28, 34, 62, 12, 45]",0.7138809816782379,-0.025927
6,beam1(seed=ch6),46,"[6, 28, 34, 62, 12, 46]",0.6708245225563764,-0.068984
6,beam1(seed=ch6),47,"[6, 28, 34, 62, 12, 47]",0.6371068563444079,-0.102701
6,beam1(seed=ch6),48,"[6, 28, 34, 62, 12, 48]",0.7398083224816193,-0.0
6,beam1(seed=ch6),49,"[6, 28, 34, 62, 12, 49]",0.6424095066209231,-0.097399
6,beam1(seed=ch6),50,"[6, 28, 34, 62, 12, 50]",0.5770787803776777,-0.16273
6,beam1(seed=ch6),51,"[6, 28, 34, 62, 12, 51]",0.6078058378932486,-0.132003
6,beam1(seed=ch6),52,"[6, 28, 34, 62, 12, 52]",0.7252737940660879,-0.014535
6,beam1(seed=ch6),53,"[6, 28, 34, 62, 12, 53]",0.6863652540574265,-0.053443
6,beam1(seed=ch6),54,"[6, 28, 34, 62, 12, 54]",0.7401835897643496,0.000375
6,beam1(seed=ch6),55,"[6, 28, 34, 62, 12, 55]",0.7051164155202029,-0.034692
6,beam1(seed=ch6),56,"[6, 28, 34, 62, 12, 56]",0.2966818388510678,-0.443127
6,beam1(seed=ch6),57,"[6, 28, 34, 62, 12, 57]",0.3395830693418221,-0.400225
6,beam1(seed=ch6),58,"[6, 28, 34, 62, 12, 58]",0.7149876113958441,-0.024821
6,beam1(seed=ch6),59,"[6, 28, 34, 62, 12, 59]",0.6969473928798046,-0.042861
6,beam1(seed=ch6),60,"[6, 28, 34, 62, 12, 60]",0.6250784990764844,-0.11473
6,beam1(seed=ch6),61,"[6, 28, 34, 62, 12, 61]",0.6532900194687091,-0.086518
6,beam1(seed=ch6),63,"[6, 28, 34, 62, 12, 63]",0.6626344938697499,-0.077174
6,beam2(seed=ch19),0,"[19, 6, 28, 62, 52, 0]",0.6310980592498563,-0.067563
6,beam2(seed=ch19),1,"[19, 6, 28, 62, 52, 1]",0.5836606778416611,-0.115
6,beam2(seed=ch19),2,"[19, 6, 28, 62, 52, 2]",0.698660861488717,-0.0
6,beam2(seed=ch19),3,"[19, 6, 28, 62, 52, 3]",0.6983077849283258,-0.000353
6,beam2(seed=ch19),4,"[19, 6, 28, 62, 52, 4]",0.698660861488717,-0.0
6,beam2(seed=ch19),5,"[19, 6, 28, 62, 52, 5]",0.6432745396366226,-0.055386
6,beam2(seed=ch19),7,"[19, 6, 28, 62, 52, 7]",0.698660861488717,-0.0
6,beam2(seed=ch19),8,"[19, 6, 28, 62, 52, 8]",0.6623211016647829,-0.03634
6,beam2(seed=ch19),9,"[19, 6, 28, 62, 52, 9]",0.698660861488717,-0.0
6,beam2(seed=ch19),10,"[19, 6, 28, 62, 52, 10]",0.3872455816286746,-0.311415
6,beam2(seed=ch19),11,"[19, 6, 28, 62, 52, 11]",0.6243882909852362,-0.074273
6,beam2(seed=ch19),12,"[19, 6, 28, 62, 52, 12]",0.6955518644376528,-0.003109
6,beam2(seed=ch19),13,"[19, 6, 28, 62, 52, 13]",0.698660861488717,-0.0
6,beam2(seed=ch19),14,"[19, 6, 28, 62, 52, 14]",0.5701300968032236,-0.128531
6,beam2(seed=ch19),15,"[19, 6, 28, 62, 52, 15]",0.6272095321785506,-0.071451
6,beam2(seed=ch19),16,"[19, 6, 28, 62, 52, 16]",0.6880214320448355,-0.010639
6,beam2(seed=ch19),17,"[19, 6, 28, 62, 52, 17]",0.6840487876820759,-0.014612
6,beam2(seed=ch19),18,"[19, 6, 28, 62, 52, 18]",0.6711936939436463,-0.027467
6,beam2(seed=ch19),20,"[19, 6, 28, 62, 52, 20]",0.6649387776623685,-0.033722
6,beam2(seed=ch19),21,"[19, 6, 28, 62, 52, 21]",0.6558285393355295,-0.042832
6,beam2(seed=ch19),22,"[19, 6, 28, 62, 52, 22]",0.6873678280284415,-0.011293
6,beam2(seed=ch19),23,"[19, 6, 28, 62, 52, 23]",0.6401625536042297,-0.058498
6,beam2(seed=ch19),24,"[19, 6, 28, 62, 52, 24]",0.30355397594123695,-0.395107
6,beam2(seed=ch19),25,"[19, 6, 28, 62, 52, 25]",0.31456602130246886,-0.384095
6,beam2(seed=ch19),26,"[19, 6, 28, 62, 52, 26]",0.4301366805513883,-0.268524
6,beam2(seed=ch19),27,"[19, 6, 28, 62, 52, 27]",0.6953967403883267,-0.003264
6,beam2(seed=ch19),29,"[19, 6, 28, 62, 52, 29]",0.6820691612625105,-0.016592
6,beam2(seed=ch19),30,"[19, 6, 28, 62, 52, 30]",0.38424370382826334,-0.314417
6,beam2(seed=ch19),31,"[19, 6, 28, 62, 52, 31]",0.6382461851253243,-0.060415
6,beam2(seed=ch19),32,"[19, 6, 28, 62, 52, 32]",0.6885208979556754,-0.01014
6,beam2(seed=ch19),33,"[19, 6, 28, 62, 52, 33]",0.6777162902559033,-0.020945
6,beam2(seed=ch19),34,"[19, 6, 28, 62, 52, 34]",0.6967615234821167,-0.001899
6,beam2(seed=ch19),35,"[19, 6, 28, 62, 52, 35]",0.6935694817268945,-0.005091
6,beam2(seed=ch19),36,"[19, 6, 28, 62, 52, 36]",0.698660861488717,-0.0
6,beam2(seed=ch19),37,"[19, 6, 28, 62, 52, 37]",0.6559212804805581,-0.04274
6,beam2(seed=ch19),38,"[19, 6, 28, 62, 52, 38]",0.698660861488717,-0.0
6,beam2(seed=ch19),39,"[19, 6, 28, 62, 52, 39]",0.6362614609636928,-0.062399
6,beam2(seed=ch19),40,"[19, 6, 28, 62, 52, 40]",0.6933448859451276,-0.005316
6,beam2(seed=ch19),41,"[19, 6, 28, 62, 52, 41]",0.6682689453124635,-0.030392
6,beam2(seed=ch19),42,"[19, 6, 28, 62, 52, 42]",0.6594682397048055,-0.039193
6,beam2(seed=ch19),43,"[19, 6, 28, 62, 52, 43]",0.6080348752542194,-0.090626
6,beam2(seed=ch19),44,"[19, 6, 28, 62, 52, 44]",0.3657141894103125,-0.332947
6,beam2(seed=ch19),45,"[19, 6, 28, 62, 52, 45]",0.6935242673491779,-0.005137
6,beam2(seed=ch19),46,"[19, 6, 28, 62, 52, 46]",0.6567797835383705,-0.041881
6,beam2(seed=ch19),47,"[19, 6, 28, 62, 52, 47]",0.6427835733707435,-0.055877
6,beam2(seed=ch19),48,"[19, 6, 28, 62, 52, 48]",0.698660861488717,-0.0
6,beam2(seed=ch19),49,"[19, 6, 28, 62, 52, 49]",0.6458509136692002,-0.05281
6,beam2(seed=ch19),50,"[19, 6, 28, 62, 52, 50]",0.6409916236574774,-0.057669
6,beam2(seed=ch19),51,"[19, 6, 28, 62, 52, 51]",0.6179109438968547,-0.08075
6,beam2(seed=ch19),53,"[19, 6, 28, 62, 52, 53]",0.6773023244521621,-0.021359
6,beam2(seed=ch19),54,"[19, 6, 28, 62, 52, 54]",0.6990963289207108,0.000435
6,beam2(seed=ch19),55,"[19, 6, 28, 62, 52, 55]",0.6825140493767309,-0.016147
6,beam2(seed=ch19),56,"[19, 6, 28, 62, 52, 56]",0.3739647376161209,-0.324696
6,beam2(seed=ch19),57,"[19, 6, 28, 62, 52, 57]",0.4353985097164359,-0.263262
6,beam2(seed=ch19),58,"[19, 6, 28, 62, 52, 58]",0.694161115719025,-0.0045
6,beam2(seed=ch19),59,"[19, 6, 28, 62, 52, 59]",0.6740817330723975,-0.024579
6,beam2(seed=ch19),60,"[19, 6, 28, 62, 52, 60]",0.626854412457597,-0.071806
6,beam2(seed=ch19),61,"[19, 6, 28, 62, 52, 61]",0.6728890430419164,-0.025772
6,beam2(seed=ch19),63,"[19, 6, 28, 62, 52, 63]",0.6471298678035731,-0.051531
6,beam3(seed=ch28),0,"[28, 6, 34, 62, 12, 0]",0.6481984701163338,-0.09161
6,beam3(seed=ch28),1,"[28, 6, 34, 62, 12, 1]",0.5539776387338281,-0.185831
6,beam3(seed=ch28),2,"[28, 6, 34, 62, 12, 2]",0.7398083181690042,-0.0
6,beam3(seed=ch28),3,"[28, 6, 34, 62, 12, 3]",0.7399674153908921,0.000159
6,beam3(seed=ch28),4,"[28, 6, 34, 62, 12, 4]",0.7398083181690042,-0.0
6,beam3(seed=ch28),5,"[28, 6, 34, 62, 12, 5]",0.6119301984387365,-0.127878
6,beam3(seed=ch28),7,"[28, 6, 34, 62, 12, 7]",0.7398083181690042,-0.0
6,beam3(seed=ch28),8,"[28, 6, 34, 62, 12, 8]",0.6483844144306854,-0.091424
6,beam3(seed=ch28),9,"[28, 6, 34, 62, 12, 9]",0.7398083181690042,-0.0
6,beam3(seed=ch28),10,"[28, 6, 34, 62, 12, 10]",0.3209908887798873,-0.418817
6,beam3(seed=ch28),11,"[28, 6, 34, 62, 12, 11]",0.6078565979563537,-0.131952
6,beam3(seed=ch28),13,"[28, 6, 34, 62, 12, 13]",0.7398083181690042,-0.0
6,beam3(seed=ch28),14,"[28, 6, 34, 62, 12, 14]",0.46161505532771135,-0.278193
6,beam3(seed=ch28),15,"[28, 6, 34, 62, 12, 15]",0.6063700439168755,-0.133438
6,beam3(seed=ch28),16,"[28, 6, 34, 62, 12, 16]",0.7206150514906297,-0.019193
6,beam3(seed=ch28),17,"[28, 6, 34, 62, 12, 17]",0.7105928664458657,-0.029215
6,beam3(seed=ch28),18,"[28, 6, 34, 62, 12, 18]",0.6684553689375056,-0.071353
6,beam3(seed=ch28),19,"[28, 6, 34, 62, 12, 19]",0.6905206675601411,-0.049288
6,beam3(seed=ch28),20,"[28, 6, 34, 62, 12, 20]",0.6537728205470027,-0.086036
6,beam3(seed=ch28),21,"[28, 6, 34, 62, 12, 21]",0.6582012316046405,-0.081607
6,beam3(seed=ch28),22,"[28, 6, 34, 62, 12, 22]",0.6497854597857482,-0.090023
6,beam3(seed=ch28),23,"[28, 6, 34, 62, 12, 23]",0.651892302883472,-0.087916
6,beam3(seed=ch28),24,"[28, 6, 34, 62, 12, 24]",0.20506876180401395,-0.53474
6,beam3(seed=ch28),25,"[28, 6, 34, 62, 12, 25]",0.20242121457440762,-0.537387
6,beam3(seed=ch28),26,"[28, 6, 34, 62, 12, 26]",0.35486677140526207,-0.384942
6,beam3(seed=ch28),27,"[28, 6, 34, 62, 12, 27]",0.7238556088127223,-0.015953
6,beam3(seed=ch28),29,"[28, 6, 34, 62, 12, 29]",0.7100918082392681,-0.029717
6,beam3(seed=ch28),30,"[28, 6, 34, 62, 12, 30]",0.2761724022355849,-0.463636
6,beam3(seed=ch28),31,"[28, 6, 34, 62, 12, 31]",0.6315317002950037,-0.108277
6,beam3(seed=ch28),32,"[28, 6, 34, 62, 12, 32]",0.7196972381298989,-0.020111
6,beam3(seed=ch28),33,"[28, 6, 34, 62, 12, 33]",0.6638963891060448,-0.075912
6,beam3(seed=ch28),35,"[28, 6, 34, 62, 12, 35]",0.7348462313679267,-0.004962
6,beam3(seed=ch28),36,"[28, 6, 34, 62, 12, 36]",0.7398083181690042,-0.0
6,beam3(seed=ch28),37,"[28, 6, 34, 62, 12, 37]",0.6588905480629674,-0.080918
6,beam3(seed=ch28),38,"[28, 6, 34, 62, 12, 38]",0.7398083181690042,-0.0
6,beam3(seed=ch28),39,"[28, 6, 34, 62, 12, 39]",0.6334329982375515,-0.106375
6,beam3(seed=ch28),40,"[28, 6, 34, 62, 12, 40]",0.7238941964593348,-0.015914
6,beam3(seed=ch28),41,"[28, 6, 34, 62, 12, 41]",0.699513971689689,-0.040294
6,beam3(seed=ch28),42,"[28, 6, 34, 62, 12, 42]",0.6681571268724785,-0.071651
6,beam3(seed=ch28),43,"[28, 6, 34, 62, 12, 43]",0.5763915057414791,-0.163417
6,beam3(seed=ch28),44,"[28, 6, 34, 62, 12, 44]",0.288876908095145,-0.450931
6,beam3(seed=ch28),45,"[28, 6, 34, 62, 12, 45]",0.7138809594696719,-0.025927
6,beam3(seed=ch28),46,"[28, 6, 34, 62, 12, 46]",0.6708244917544585,-0.068984
6,beam3(seed=ch28),47,"[28, 6, 34, 62, 12, 47]",0.6371068565908541,-0.102701
6,beam3(seed=ch28),48,"[28, 6, 34, 62, 12, 48]",0.7398083181690042,-0.0
6,beam3(seed=ch28),49,"[28, 6, 34, 62, 12, 49]",0.6424095112346597,-0.097399
6,beam3(seed=ch28),50,"[28, 6, 34, 62, 12, 50]",0.5770779467928929,-0.16273
6,beam3(seed=ch28),51,"[28, 6, 34, 62, 12, 51]",0.6078058440879776,-0.132002
6,beam3(seed=ch28),52,"[28, 6, 34, 62, 12, 52]",0.7252737824579282,-0.014535
6,beam3(seed=ch28),53,"[28, 6, 34, 62, 12, 53]",0.6863652427298472,-0.053443
6,beam3(seed=ch28),54,"[28, 6, 34, 62, 12, 54]",0.7401835979491376,0.000375
6,beam3(seed=ch28),55,"[28, 6, 34, 62, 12, 55]",0.7051163824010772,-0.034692
6,beam3(seed=ch28),56,"[28, 6, 34, 62, 12, 56]",0.2966818430431021,-0.443126
6,beam3(seed=ch28),57,"[28, 6, 34, 62, 12, 57]",0.3395832584929897,-0.400225
6,beam3(seed=ch28),58,"[28, 6, 34, 62, 12, 58]",0.7149876475249076,-0.024821
6,beam3(seed=ch28),59,"[28, 6, 34, 62, 12, 59]",0.6969474011443573,-0.042861
6,beam3(seed=ch28),60,"[28, 6, 34, 62, 12, 60]",0.6250785013747402,-0.11473
6,beam3(seed=ch28),61,"[28, 6, 34, 62, 12, 61]",0.6532900249155765,-0.086518
6,beam3(seed=ch28),63,"[28, 6, 34, 62, 12, 63]",0.6626344916598433,-0.077174
7,beam1(seed=ch6),0,"[6, 28, 34, 62, 12, 54, 0]",0.6499327087029754,-0.090251
7,beam1(seed=ch6),1,"[6, 28, 34, 62, 12, 54, 1]",0.5553180628630208,-0.184866
7,beam1(seed=ch6),2,"[6, 28, 34, 62, 12, 54, 2]",0.7401835648965415,-0.0
7,beam1(seed=ch6),3,"[6, 28, 34, 62, 12, 54, 3]",0.7403052667990089,0.000122
7,beam1(seed=ch6),4,"[6, 28, 34, 62, 12, 54, 4]",0.7401835648965415,-0.0
7,beam1(seed=ch6),5,"[6, 28, 34, 62, 12, 54, 5]",0.6133057958812801,-0.126878
7,beam1(seed=ch6),7,"[6, 28, 34, 62, 12, 54, 7]",0.7401835648965415,-0.0
7,beam1(seed=ch6),8,"[6, 28, 34, 62, 12, 54, 8]",0.6502099057712188,-0.089974
7,beam1(seed=ch6),9,"[6, 28, 34, 62, 12, 54, 9]",0.7401835648965415,-0.0
7,beam1(seed=ch6),10,"[6, 28, 34, 62, 12, 54, 10]",0.3220023635987598,-0.418181
7,beam1(seed=ch6),11,"[6, 28, 34, 62, 12, 54, 11]",0.60867764588252,-0.131506
7,beam1(seed=ch6),13,"[6, 28, 34, 62, 12, 54, 13]",0.7401835648965415,-0.0
7,beam1(seed=ch6),14,"[6, 28, 34, 62, 12, 54, 14]",0.46329953015137465,-0.276884
7,beam1(seed=ch6),15,"[6, 28, 34, 62, 12, 54, 15]",0.6078755554848563,-0.132308
7,beam1(seed=ch6),16,"[6, 28, 34, 62, 12, 54, 16]",0.7201428594022041,-0.020041
7,beam1(seed=ch6),17,"[6, 28, 34, 62, 12, 54, 17]",0.7107725362330202,-0.029411
7,beam1(seed=ch6),18,"[6, 28, 34, 62, 12, 54, 18]",0.6682828600624058,-0.071901
7,beam1(seed=ch6),19,"[6, 28, 34, 62, 12, 54, 19]",0.6908943204672547,-0.049289
7,beam1(seed=ch6),20,"[6, 28, 34, 62, 12, 54, 20]",0.6540920170360545,-0.086092
7,beam1(seed=ch6),21,"[6, 28, 34, 62, 12, 54, 21]",0.6582209341325226,-0.081963
7,beam1(seed=ch6),22,"[6, 28, 34, 62, 12, 54, 22]",0.6501164982193357,-0.090067
7,beam1(seed=ch6),23,"[6, 28, 34, 62, 12, 54, 23]",0.6524674720396056,-0.087716
7,beam1(seed=ch6),24,"[6, 28, 34, 62, 12, 54, 24]",0.205311307138896,-0.534872
7,beam1(seed=ch6),25,"[6, 28, 34, 62, 12, 54, 25]",0.20274721587821176,-0.537436
7,beam1(seed=ch6),26,"[6, 28, 34, 62, 12, 54, 26]",0.35557738227759983,-0.384606
7,beam1(seed=ch6),27,"[6, 28, 34, 62, 12, 54, 27]",0.7241238492406367,-0.01606
7,beam1(seed=ch6),29,"[6, 28, 34, 62, 12, 54, 29]",0.7104774009841701,-0.029706
7,beam1(seed=ch6),30,"[6, 28, 34, 62, 12, 54, 30]",0.2769105369862522,-0.463273
7,beam1(seed=ch6),31,"[6, 28, 34, 62, 12, 54, 31]",0.6323084735270973,-0.107875
7,beam1(seed=ch6),32,"[6, 28, 34, 62, 12, 54, 32]",0.7191939744818311,-0.02099
7,beam1(seed=ch6),33,"[6, 28, 34, 62, 12, 54, 33]",0.663661655781221,-0.076522
7,beam1(seed=ch6),35,"[6, 28, 34, 62, 12, 54, 35]",0.7347891682782792,-0.005394
7,beam1(seed=ch6),36,"[6, 28, 34, 62, 12, 54, 36]",0.7401835648965415,-0.0
7,beam1(seed=ch6),37,"[6, 28, 34, 62, 12, 54, 37]",0.6583941688355809,-0.081789
7,beam1(seed=ch6),38,"[6, 28, 34, 62, 12, 54, 38]",0.7401835648965415,-0.0
7,beam1(seed=ch6),39,"[6, 28, 34, 62, 12, 54, 39]",0.6339128102993856,-0.106271
7,beam1(seed=ch6),40,"[6, 28, 34, 62, 12, 54, 40]",0.7243729988177182,-0.015811
7,beam1(seed=ch6),41,"[6, 28, 34, 62, 12, 54, 41]",0.6998448279776637,-0.040339
7,beam1(seed=ch6),42,"[6, 28, 34, 62, 12, 54, 42]",0.6687427339261794,-0.071441
7,beam1(seed=ch6),43,"[6, 28, 34, 62, 12, 54, 43]",0.5765080921221638,-0.163675
7,beam1(seed=ch6),44,"[6, 28, 34, 62, 12, 54, 44]",0.2888956987605086,-0.451288
7,beam1(seed=ch6),45,"[6, 28, 34, 62, 12, 54, 45]",0.7132800710278362,-0.026904
7,beam1(seed=ch6),46,"[6, 28, 34, 62, 12, 54, 46]",0.6708285012190092,-0.069355
7,beam1(seed=ch6),47,"[6, 28, 34, 62, 12, 54, 47]",0.6368202225152134,-0.103363
7,beam1(seed=ch6),48,"[6, 28, 34, 62, 12, 54, 48]",0.7401835648965415,-0.0
7,beam1(seed=ch6),49,"[6, 28, 34, 62, 12, 54, 49]",0.6430971746615791,-0.097086
7,beam1(seed=ch6),50,"[6, 28, 34, 62, 12, 54, 50]",0.5846067952413886,-0.155577
7,beam1(seed=ch6),51,"[6, 28, 34, 62, 12, 54, 51]",0.608319619018362,-0.131864
7,beam1(seed=ch6),52,"[6, 28, 34, 62, 12, 54, 52]",0.7258220879173612,-0.014362
7,beam1(seed=ch6),53,"[6, 28, 34, 62, 12, 54, 53]",0.6860766942083928,-0.054107
7,beam1(seed=ch6),55,"[6, 28, 34, 62, 12, 54, 55]",0.7051732012112656,-0.03501
7,beam1(seed=ch6),56,"[6, 28, 34, 62, 12, 54, 56]",0.29680157286166114,-0.443382
7,beam1(seed=ch6),57,"[6, 28, 34, 62, 12, 54, 57]",0.3398251336115304,-0.400358
7,beam1(seed=ch6),58,"[6, 28, 34, 62, 12, 54, 58]",0.7149711889973923,-0.025212
7,beam1(seed=ch6),59,"[6, 28, 34, 62, 12, 54, 59]",0.6975055802616622,-0.042678
7,beam1(seed=ch6),60,"[6, 28, 34, 62, 12, 54, 60]",0.6256433687882487,-0.11454
7,beam1(seed=ch6),61,"[6, 28, 34, 62, 12, 54, 61]",0.6526556457018946,-0.087528
7,beam1(seed=ch6),63,"[6, 28, 34, 62, 12, 54, 63]",0.6629792143049805,-0.077204
7,beam2(seed=ch19),0,"[19, 6, 28, 62, 52, 54, 0]",0.6321054332338533,-0.066991
7,beam2(seed=ch19),1,"[19, 6, 28, 62, 52, 54, 1]",0.5844563532398976,-0.11464
7,beam2(seed=ch19),2,"[19, 6, 28, 62, 52, 54, 2]",0.6990963186424121,-0.0
7,beam2(seed=ch19),3,"[19, 6, 28, 62, 52, 54, 3]",0.6987253436383056,-0.000371
7,beam2(seed=ch19),4,"[19, 6, 28, 62, 52, 54, 4]",0.6990963186424121,-0.0
7,beam2(seed=ch19),5,"[19, 6, 28, 62, 52, 54, 5]",0.6437722731778405,-0.055324
7,beam2(seed=ch19),7,"[19, 6, 28, 62, 52, 54, 7]",0.6990963186424121,-0.0
7,beam2(seed=ch19),8,"[19, 6, 28, 62, 52, 54, 8]",0.6627238857077736,-0.036372
7,beam2(seed=ch19),9,"[19, 6, 28, 62, 52, 54, 9]",0.6990963186424121,-0.0
7,beam2(seed=ch19),10,"[19, 6, 28, 62, 52, 54, 10]",0.3877565146223073,-0.31134
7,beam2(seed=ch19),11,"[19, 6, 28, 62, 52, 54, 11]",0.6252909172621646,-0.073805
7,beam2(seed=ch19),12,"[19, 6, 28, 62, 52, 54, 12]",0.6959685041039603,-0.003128
7,beam2(seed=ch19),13,"[19, 6, 28, 62, 52, 54, 13]",0.6990963186424121,-0.0
7,beam2(seed=ch19),14,"[19, 6, 28, 62, 52, 54, 14]",0.5713194379806855,-0.127777
7,beam2(seed=ch19),15,"[19, 6, 28, 62, 52, 54, 15]",0.6279427097403333,-0.071154
7,beam2(seed=ch19),16,"[19, 6, 28, 62, 52, 54, 16]",0.6882594804185124,-0.010837
7,beam2(seed=ch19),17,"[19, 6, 28, 62, 52, 54, 17]",0.6844288886096437,-0.014667
7,beam2(seed=ch19),18,"[19, 6, 28, 62, 52, 54, 18]",0.6714542599814152,-0.027642
7,beam2(seed=ch19),20,"[19, 6, 28, 62, 52, 54, 20]",0.6652116773971559,-0.033885
7,beam2(seed=ch19),21,"[19, 6, 28, 62, 52, 54, 21]",0.6559877082135916,-0.043109
7,beam2(seed=ch19),22,"[19, 6, 28, 62, 52, 54, 22]",0.6873189912092491,-0.011777
7,beam2(seed=ch19),23,"[19, 6, 28, 62, 52, 54, 23]",0.6410592540550589,-0.058037
7,beam2(seed=ch19),24,"[19, 6, 28, 62, 52, 54, 24]",0.3038559288075736,-0.39524
7,beam2(seed=ch19),25,"[19, 6, 28, 62, 52, 54, 25]",0.3149108703278998,-0.384185
7,beam2(seed=ch19),26,"[19, 6, 28, 62, 52, 54, 26]",0.4307521479635824,-0.268344
7,beam2(seed=ch19),27,"[19, 6, 28, 62, 52, 54, 27]",0.6958031640170953,-0.003293
7,beam2(seed=ch19),29,"[19, 6, 28, 62, 52, 54, 29]",0.6825179128814879,-0.016578
7,beam2(seed=ch19),30,"[19, 6, 28, 62, 52, 54, 30]",0.38504989969248754,-0.314046
7,beam2(seed=ch19),31,"[19, 6, 28, 62, 52, 54, 31]",0.6388027775045823,-0.060294
7,beam2(seed=ch19),32,"[19, 6, 28, 62, 52, 54, 32]",0.6889053655033789,-0.010191
7,beam2(seed=ch19),33,"[19, 6, 28, 62, 52, 54, 33]",0.6779117699523972,-0.021185
7,beam2(seed=ch19),34,"[19, 6, 28, 62, 52, 54, 34]",0.6971785323598046,-0.001918
7,beam2(seed=ch19),35,"[19, 6, 28, 62, 52, 54, 35]",0.6935952085410755,-0.005501
7,beam2(seed=ch19),36,"[19, 6, 28, 62, 52, 54, 36]",0.6990963186424121,-0.0
7,beam2(seed=ch19),37,"[19, 6, 28, 62, 52, 54, 37]",0.6561404305437145,-0.042956
7,beam2(seed=ch19),38,"[19, 6, 28, 62, 52, 54, 38]",0.6990963186424121,-0.0
7,beam2(seed=ch19),39,"[19, 6, 28, 62, 52, 54, 39]",0.6368179911267583,-0.062278
7,beam2(seed=ch19),40,"[19, 6, 28, 62, 52, 54, 40]",0.693791790341477,-0.005305
7,beam2(seed=ch19),41,"[19, 6, 28, 62, 52, 54, 41]",0.6766769077022914,-0.022419
7,beam2(seed=ch19),42,"[19, 6, 28, 62, 52, 54, 42]",0.659964533753034,-0.039132
7,beam2(seed=ch19),43,"[19, 6, 28, 62, 52, 54, 43]",0.6084776558242596,-0.090619
7,beam2(seed=ch19),44,"[19, 6, 28, 62, 52, 54, 44]",0.3660249809311391,-0.333071
7,beam2(seed=ch19),45,"[19, 6, 28, 62, 52, 54, 45]",0.6937199200317311,-0.005376
7,beam2(seed=ch19),46,"[19, 6, 28, 62, 52, 54, 46]",0.6567267184054927,-0.04237
7,beam2(seed=ch19),47,"[19, 6, 28, 62, 52, 54, 47]",0.6431705215379856,-0.055926
7,beam2(seed=ch19),48,"[19, 6, 28, 62, 52, 54, 48]",0.6990963186424121,-0.0
7,beam2(seed=ch19),49,"[19, 6, 28, 62, 52, 54, 49]",0.6460821865988671,-0.053014
7,beam2(seed=ch19),50,"[19, 6, 28, 62, 52, 54, 50]",0.6426270382276791,-0.056469
7,beam2(seed=ch19),51,"[19, 6, 28, 62, 52, 54, 51]",0.6183163335438575,-0.08078
7,beam2(seed=ch19),53,"[19, 6, 28, 62, 52, 54, 53]",0.6776003319564466,-0.021496
7,beam2(seed=ch19),55,"[19, 6, 28, 62, 52, 54, 55]",0.6828385699880255,-0.016258
7,beam2(seed=ch19),56,"[19, 6, 28, 62, 52, 54, 56]",0.37418922149764416,-0.324907
7,beam2(seed=ch19),57,"[19, 6, 28, 62, 52, 54, 57]",0.4356958178911888,-0.263401
7,beam2(seed=ch19),58,"[19, 6, 28, 62, 52, 54, 58]",0.694455750058962,-0.004641
7,beam2(seed=ch19),59,"[19, 6, 28, 62, 52, 54, 59]",0.6745227531810841,-0.024574
7,beam2(seed=ch19),60,"[19, 6, 28, 62, 52, 54, 60]",0.6273737446535416,-0.071723
7,beam2(seed=ch19),61,"[19, 6, 28, 62, 52, 54, 61]",0.6726883242259067,-0.026408
7,beam2(seed=ch19),63,"[19, 6, 28, 62, 52, 54, 63]",0.6474313974855912,-0.051665
7,beam3(seed=ch28),0,"[28, 6, 34, 62, 12, 54, 0]",0.6499326288373786,-0.090251
7,beam3(seed=ch28),1,"[28, 6, 34, 62, 12, 54, 1]",0.5553180716162224,-0.184866
7,beam3(seed=ch28),2,"[28, 6, 34, 62, 12, 54, 2]",0.7401835759279841,-0.0
7,beam3(seed=ch28),3,"[28, 6, 34, 62, 12, 54, 3]",0.7403052323079943,0.000122
7,beam3(seed=ch28),4,"[28, 6, 34, 62, 12, 54, 4]",0.7401835759279841,-0.0
7,beam3(seed=ch28),5,"[28, 6, 34, 62, 12, 54, 5]",0.6133058223767904,-0.126878
7,beam3(seed=ch28),7,"[28, 6, 34, 62, 12, 54, 7]",0.7401835759279841,-0.0
7,beam3(seed=ch28),8,"[28, 6, 34, 62, 12, 54, 8]",0.6502099153091598,-0.089974
7,beam3(seed=ch28),9,"[28, 6, 34, 62, 12, 54, 9]",0.7401835759279841,-0.0
7,beam3(seed=ch28),10,"[28, 6, 34, 62, 12, 54, 10]",0.321998431567942,-0.418185
7,beam3(seed=ch28),11,"[28, 6, 34, 62, 12, 54, 11]",0.608677640374567,-0.131506
7,beam3(seed=ch28),13,"[28, 6, 34, 62, 12, 54, 13]",0.7401835759279841,-0.0
7,beam3(seed=ch28),14,"[28, 6, 34, 62, 12, 54, 14]",0.46329735107084374,-0.276886
7,beam3(seed=ch28),15,"[28, 6, 34, 62, 12, 54, 15]",0.6078755693169661,-0.132308
7,beam3(seed=ch28),16,"[28, 6, 34, 62, 12, 54, 16]",0.7201428888421548,-0.020041
7,beam3(seed=ch28),17,"[28, 6, 34, 62, 12, 54, 17]",0.7107725479984743,-0.029411
7,beam3(seed=ch28),18,"[28, 6, 34, 62, 12, 54, 18]",0.6682822216174328,-0.071901
7,beam3(seed=ch28),19,"[28, 6, 34, 62, 12, 54, 19]",0.6908943590233372,-0.049289
7,beam3(seed=ch28),20,"[28, 6, 34, 62, 12, 54, 20]",0.6540919936343487,-0.086092
7,beam3(seed=ch28),21,"[28, 6, 34, 62, 12, 54, 21]",0.6582209585444464,-0.081963
7,beam3(seed=ch28),22,"[28, 6, 34, 62, 12, 54, 22]",0.6501164490461591,-0.090067
7,beam3(seed=ch28),23,"[28, 6, 34, 62, 12, 54, 23]",0.6524674704331956,-0.087716
7,beam3(seed=ch28),24,"[28, 6, 34, 62, 12, 54, 24]",0.2053110966498456,-0.534873
7,beam3(seed=ch28),25,"[28, 6, 34, 62, 12, 54, 25]",0.2027478154870367,-0.537436
7,beam3(seed=ch28),26,"[28, 6, 34, 62, 12, 54, 26]",0.3555782222605346,-0.384605
7,beam3(seed=ch28),27,"[28, 6, 34, 62, 12, 54, 27]",0.7241238727977722,-0.01606
7,beam3(seed=ch28),29,"[28, 6, 34, 62, 12, 54, 29]",0.7104774095807147,-0.029706
7,beam3(seed=ch28),30,"[28, 6, 34, 62, 12, 54, 30]",0.2769116491291311,-0.463272
7,beam3(seed=ch28),31,"[28, 6, 34, 62, 12, 54, 31]",0.6323084970187751,-0.107875
7,beam3(seed=ch28),32,"[28, 6, 34, 62, 12, 54, 32]",0.7191939778653474,-0.02099
7,beam3(seed=ch28),33,"[28, 6, 34, 62, 12, 54, 33]",0.6636630554469902,-0.076521
7,beam3(seed=ch28),35,"[28, 6, 34, 62, 12, 54, 35]",0.7347891714328798,-0.005394
7,beam3(seed=ch28),36,"[28, 6, 34, 62, 12, 54, 36]",0.7401835759279841,-0.0
7,beam3(seed=ch28),37,"[28, 6, 34, 62, 12, 54, 37]",0.6583941306261765,-0.081789
7,beam3(seed=ch28),38,"[28, 6, 34, 62, 12, 54, 38]",0.7401835759279841,-0.0
7,beam3(seed=ch28),39,"[28, 6, 34, 62, 12, 54, 39]",0.6339159829415036,-0.106268
7,beam3(seed=ch28),40,"[28, 6, 34, 62, 12, 54, 40]",0.7243729816307972,-0.015811
7,beam3(seed=ch28),41,"[28, 6, 34, 62, 12, 54, 41]",0.699844834798049,-0.040339
7,beam3(seed=ch28),42,"[28, 6, 34, 62, 12, 54, 42]",0.6687427066672168,-0.071441
7,beam3(seed=ch28),43,"[28, 6, 34, 62, 12, 54, 43]",0.5765081152973809,-0.163675
7,beam3(seed=ch28),44,"[28, 6, 34, 62, 12, 54, 44]",0.2888962633733134,-0.451287
7,beam3(seed=ch28),45,"[28, 6, 34, 62, 12, 54, 45]",0.7132800226020167,-0.026904
7,beam3(seed=ch28),46,"[28, 6, 34, 62, 12, 54, 46]",0.6708285243671892,-0.069355
7,beam3(seed=ch28),47,"[28, 6, 34, 62, 12, 54, 47]",0.6368202057658121,-0.103363
7,beam3(seed=ch28),48,"[28, 6, 34, 62, 12, 54, 48]",0.7401835759279841,-0.0
7,beam3(seed=ch28),49,"[28, 6, 34, 62, 12, 54, 49]",0.6430971510235867,-0.097086
7,beam3(seed=ch28),50,"[28, 6, 34, 62, 12, 54, 50]",0.5845990193410189,-0.155585
7,beam3(seed=ch28),51,"[28, 6, 34, 62, 12, 54, 51]",0.6083198165934115,-0.131864
7,beam3(seed=ch28),52,"[28, 6, 34, 62, 12, 54, 52]",0.7258221195208763,-0.014361
7,beam3(seed=ch28),53,"[28, 6, 34, 62, 12, 54, 53]",0.6860766370410909,-0.054107
7,beam3(seed=ch28),55,"[28, 6, 34, 62, 12, 54, 55]",0.7051732216145397,-0.03501
7,beam3(seed=ch28),56,"[28, 6, 34, 62, 12, 54, 56]",0.29680025573377466,-0.443383
7,beam3(seed=ch28),57,"[28, 6, 34, 62, 12, 54, 57]",0.339825051958945,-0.400359
7,beam3(seed=ch28),58,"[28, 6, 34, 62, 12, 54, 58]",0.7149712197273084,-0.025212
7,beam3(seed=ch28),59,"[28, 6, 34, 62, 12, 54, 59]",0.6975055878768011,-0.042678
7,beam3(seed=ch28),60,"[28, 6, 34, 62, 12, 54, 60]",0.625643387675053,-0.11454
7,beam3(seed=ch28),61,"[28, 6, 34, 62, 12, 54, 61]",0.6526556999043764,-0.087528
7,beam3(seed=ch28),63,"[28, 6, 34, 62, 12, 54, 63]",0.6629792176062386,-0.077204
8,beam1(seed=ch6),0,"[6, 28, 34, 62, 12, 54, 3, 0]",0.6497455376868311,-0.09056
8,beam1(seed=ch6),1,"[6, 28, 34, 62, 12, 54, 3, 1]",0.5560407026037291,-0.184265
8,beam1(seed=ch6),2,"[6, 28, 34, 62, 12, 54, 3, 2]",0.7403053352907989,0.0
8,beam1(seed=ch6),4,"[6, 28, 34, 62, 12, 54, 3, 4]",0.7403053352907989,0.0
8,beam1(seed=ch6),5,"[6, 28, 34, 62, 12, 54, 3, 5]",0.6154846311382949,-0.124821
8,beam1(seed=ch6),7,"[6, 28, 34, 62, 12, 54, 3, 7]",0.7403053352907989,0.0
8,beam1(seed=ch6),8,"[6, 28, 34, 62, 12, 54, 3, 8]",0.654451877993822,-0.085853
8,beam1(seed=ch6),9,"[6, 28, 34, 62, 12, 54, 3, 9]",0.7403053352907989,0.0
8,beam1(seed=ch6),10,"[6, 28, 34, 62, 12, 54, 3, 10]",0.3217561853169927,-0.418549
8,beam1(seed=ch6),11,"[6, 28, 34, 62, 12, 54, 3, 11]",0.6101352655847949,-0.13017
8,beam1(seed=ch6),13,"[6, 28, 34, 62, 12, 54, 3, 13]",0.7403053352907989,0.0
8,beam1(seed=ch6),14,"[6, 28, 34, 62, 12, 54, 3, 14]",0.46165015056992786,-0.278655
8,beam1(seed=ch6),15,"[6, 28, 34, 62, 12, 54, 3, 15]",0.6095772795634175,-0.130728
8,beam1(seed=ch6),16,"[6, 28, 34, 62, 12, 54, 3, 16]",0.7194185249596148,-0.020887
8,beam1(seed=ch6),17,"[6, 28, 34, 62, 12, 54, 3, 17]",0.7105823605183299,-0.029723
8,beam1(seed=ch6),18,"[6, 28, 34, 62, 12, 54, 3, 18]",0.6650974436416843,-0.075208
8,beam1(seed=ch6),19,"[6, 28, 34, 62, 12, 54, 3, 19]",0.6904436981969293,-0.049862
8,beam1(seed=ch6),20,"[6, 28, 34, 62, 12, 54, 3, 20]",0.6541909666374064,-0.086114
8,beam1(seed=ch6),21,"[6, 28, 34, 62, 12, 54, 3, 21]",0.6577372688299409,-0.082568
8,beam1(seed=ch6),22,"[6, 28, 34, 62, 12, 54, 3, 22]",0.6517507557112459,-0.088555
8,beam1(seed=ch6),23,"[6, 28, 34, 62, 12, 54, 3, 23]",0.6527820737291637,-0.087523
8,beam1(seed=ch6),24,"[6, 28, 34, 62, 12, 54, 3, 24]",0.2039979769501028,-0.536307
8,beam1(seed=ch6),25,"[6, 28, 34, 62, 12, 54, 3, 25]",0.20158892969568393,-0.538716
8,beam1(seed=ch6),26,"[6, 28, 34, 62, 12, 54, 3, 26]",0.35537747482592774,-0.384928
8,beam1(seed=ch6),27,"[6, 28, 34, 62, 12, 54, 3, 27]",0.7237830843695771,-0.016522
8,beam1(seed=ch6),29,"[6, 28, 34, 62, 12, 54, 3, 29]",0.7099840471489244,-0.030321
8,beam1(seed=ch6),30,"[6, 28, 34, 62, 12, 54, 3, 30]",0.2750630869691977,-0.465242
8,beam1(seed=ch6),31,"[6, 28, 34, 62, 12, 54, 3, 31]",0.6329134108888463,-0.107392
8,beam1(seed=ch6),32,"[6, 28, 34, 62, 12, 54, 3, 32]",0.715542590899429,-0.024763
8,beam1(seed=ch6),33,"[6, 28, 34, 62, 12, 54, 3, 33]",0.6600121300128523,-0.080293
8,beam1(seed=ch6),35,"[6, 28, 34, 62, 12, 54, 3, 35]",0.7359121981443639,-0.004393
8,beam1(seed=ch6),36,"[6, 28, 34, 62, 12, 54, 3, 36]",0.7403053352907989,0.0
8,beam1(seed=ch6),37,"[6, 28, 34, 62, 12, 54, 3, 37]",0.6581692041352187,-0.082136
8,beam1(seed=ch6),38,"[6, 28, 34, 62, 12, 54, 3, 38]",0.7403053352907989,0.0
8,beam1(seed=ch6),39,"[6, 28, 34, 62, 12, 54, 3, 39]",0.6211165406491349,-0.119189
8,beam1(seed=ch6),40,"[6, 28, 34, 62, 12, 54, 3, 40]",0.7246663000288472,-0.015639
8,beam1(seed=ch6),41,"[6, 28, 34, 62, 12, 54, 3, 41]",0.700004835126895,-0.0403
8,beam1(seed=ch6),42,"[6, 28, 34, 62, 12, 54, 3, 42]",0.6686088428262845,-0.071696
8,beam1(seed=ch6),43,"[6, 28, 34, 62, 12, 54, 3, 43]",0.5764465264779356,-0.163859
8,beam1(seed=ch6),44,"[6, 28, 34, 62, 12, 54, 3, 44]",0.28687383295551017,-0.453431
8,beam1(seed=ch6),45,"[6, 28, 34, 62, 12, 54, 3, 45]",0.712051166166866,-0.028254
8,beam1(seed=ch6),46,"[6, 28, 34, 62, 12, 54, 3, 46]",0.6695516668505426,-0.070754
8,beam1(seed=ch6),47,"[6, 28, 34, 62, 12, 54, 3, 47]",0.6366014233959688,-0.103704
8,beam1(seed=ch6),48,"[6, 28, 34, 62, 12, 54, 3, 48]",0.7403053352907989,0.0
8,beam1(seed=ch6),49,"[6, 28, 34, 62, 12, 54, 3, 49]",0.6447859189750772,-0.095519
8,beam1(seed=ch6),50,"[6, 28, 34, 62, 12, 54, 3, 50]",0.57595205376005,-0.164353
8,beam1(seed=ch6),51,"[6, 28, 34, 62, 12, 54, 3, 51]",0.608843316957792,-0.131462
8,beam1(seed=ch6),52,"[6, 28, 34, 62, 12, 54, 3, 52]",0.7261688466635429,-0.014136
8,beam1(seed=ch6),53,"[6, 28, 34, 62, 12, 54, 3, 53]",0.6863725378929063,-0.053933
8,beam1(seed=ch6),55,"[6, 28, 34, 62, 12, 54, 3, 55]",0.7046929661145265,-0.035612
8,beam1(seed=ch6),56,"[6, 28, 34, 62, 12, 54, 3, 56]",0.2923155128718014,-0.44799
8,beam1(seed=ch6),57,"[6, 28, 34, 62, 12, 54, 3, 57]",0.3371040337884216,-0.403201
8,beam1(seed=ch6),58,"[6, 28, 34, 62, 12, 54, 3, 58]",0.7120369803151961,-0.028268
8,beam1(seed=ch6),59,"[6, 28, 34, 62, 12, 54, 3, 59]",0.6980859965548617,-0.042219
8,beam1(seed=ch6),60,"[6, 28, 34, 62, 12, 54, 3, 60]",0.625561889329088,-0.114743
8,beam1(seed=ch6),61,"[6, 28, 34, 62, 12, 54, 3, 61]",0.6516559704541677,-0.088649
8,beam1(seed=ch6),63,"[6, 28, 34, 62, 12, 54, 3, 63]",0.6644385095886629,-0.075867
8,beam2(seed=ch19),0,"[19, 6, 28, 62, 52, 54, 0]",0.6321054332338533,-0.066991
8,beam2(seed=ch19),1,"[19, 6, 28, 62, 52, 54, 1]",0.5844563532398976,-0.11464
8,beam2(seed=ch19),2,"[19, 6, 28, 62, 52, 54, 2]",0.6990963186424121,-0.0
8,beam2(seed=ch19),3,"[19, 6, 28, 62, 52, 54, 3]",0.6987253436383056,-0.000371
8,beam2(seed=ch19),4,"[19, 6, 28, 62, 52, 54, 4]",0.6990963186424121,-0.0
8,beam2(seed=ch19),5,"[19, 6, 28, 62, 52, 54, 5]",0.6437722731778405,-0.055324
8,beam2(seed=ch19),7,"[19, 6, 28, 62, 52, 54, 7]",0.6990963186424121,-0.0
8,beam2(seed=ch19),8,"[19, 6, 28, 62, 52, 54, 8]",0.6627238857077736,-0.036372
8,beam2(seed=ch19),9,"[19, 6, 28, 62, 52, 54, 9]",0.6990963186424121,-0.0
8,beam2(seed=ch19),10,"[19, 6, 28, 62, 52, 54, 10]",0.3877565146223073,-0.31134
8,beam2(seed=ch19),11,"[19, 6, 28, 62, 52, 54, 11]",0.6252909172621646,-0.073805
8,beam2(seed=ch19),12,"[19, 6, 28, 62, 52, 54, 12]",0.6959685041039603,-0.003128
8,beam2(seed=ch19),13,"[19, 6, 28, 62, 52, 54, 13]",0.6990963186424121,-0.0
8,beam2(seed=ch19),14,"[19, 6, 28, 62, 52, 54, 14]",0.5713194379806855,-0.127777
8,beam2(seed=ch19),15,"[19, 6, 28, 62, 52, 54, 15]",0.6279427097403333,-0.071154
8,beam2(seed=ch19),16,"[19, 6, 28, 62, 52, 54, 16]",0.6882594804185124,-0.010837
8,beam2(seed=ch19),17,"[19, 6, 28, 62, 52, 54, 17]",0.6844288886096437,-0.014667
8,beam2(seed=ch19),18,"[19, 6, 28, 62, 52, 54, 18]",0.6714542599814152,-0.027642
8,beam2(seed=ch19),20,"[19, 6, 28, 62, 52, 54, 20]",0.6652116773971559,-0.033885
8,beam2(seed=ch19),21,"[19, 6, 28, 62, 52, 54, 21]",0.6559877082135916,-0.043109
8,beam2(seed=ch19),22,"[19, 6, 28, 62, 52, 54, 22]",0.6873189912092491,-0.011777
8,beam2(seed=ch19),23,"[19, 6, 28, 62, 52, 54, 23]",0.6410592540550589,-0.058037
8,beam2(seed=ch19),24,"[19, 6, 28, 62, 52, 54, 24]",0.3038559288075736,-0.39524
8,beam2(seed=ch19),25,"[19, 6, 28, 62, 52, 54, 25]",0.3149108703278998,-0.384185
8,beam2(seed=ch19),26,"[19, 6, 28, 62, 52, 54, 26]",0.4307521479635824,-0.268344
8,beam2(seed=ch19),27,"[19, 6, 28, 62, 52, 54, 27]",0.6958031640170953,-0.003293
8,beam2(seed=ch19),29,"[19, 6, 28, 62, 52, 54, 29]",0.6825179128814879,-0.016578
8,beam2(seed=ch19),30,"[19, 6, 28, 62, 52, 54, 30]",0.38504989969248754,-0.314046
8,beam2(seed=ch19),31,"[19, 6, 28, 62, 52, 54, 31]",0.6388027775045823,-0.060294
8,beam2(seed=ch19),32,"[19, 6, 28, 62, 52, 54, 32]",0.6889053655033789,-0.010191
8,beam2(seed=ch19),33,"[19, 6, 28, 62, 52, 54, 33]",0.6779117699523972,-0.021185
8,beam2(seed=ch19),34,"[19, 6, 28, 62, 52, 54, 34]",0.6971785323598046,-0.001918
8,beam2(seed=ch19),35,"[19, 6, 28, 62, 52, 54, 35]",0.6935952085410755,-0.005501
8,beam2(seed=ch19),36,"[19, 6, 28, 62, 52, 54, 36]",0.6990963186424121,-0.0
8,beam2(seed=ch19),37,"[19, 6, 28, 62, 52, 54, 37]",0.6561404305437145,-0.042956
8,beam2(seed=ch19),38,"[19, 6, 28, 62, 52, 54, 38]",0.6990963186424121,-0.0
8,beam2(seed=ch19),39,"[19, 6, 28, 62, 52, 54, 39]",0.6368179911267583,-0.062278
8,beam2(seed=ch19),40,"[19, 6, 28, 62, 52, 54, 40]",0.693791790341477,-0.005305
8,beam2(seed=ch19),41,"[19, 6, 28, 62, 52, 54, 41]",0.6766769077022914,-0.022419
8,beam2(seed=ch19),42,"[19, 6, 28, 62, 52, 54, 42]",0.659964533753034,-0.039132
8,beam2(seed=ch19),43,"[19, 6, 28, 62, 52, 54, 43]",0.6084776558242596,-0.090619
8,beam2(seed=ch19),44,"[19, 6, 28, 62, 52, 54, 44]",0.3660249809311391,-0.333071
8,beam2(seed=ch19),45,"[19, 6, 28, 62, 52, 54, 45]",0.6937199200317311,-0.005376
8,beam2(seed=ch19),46,"[19, 6, 28, 62, 52, 54, 46]",0.6567267184054927,-0.04237
8,beam2(seed=ch19),47,"[19, 6, 28, 62, 52, 54, 47]",0.6431705215379856,-0.055926
8,beam2(seed=ch19),48,"[19, 6, 28, 62, 52, 54, 48]",0.6990963186424121,-0.0
8,beam2(seed=ch19),49,"[19, 6, 28, 62, 52, 54, 49]",0.6460821865988671,-0.053014
8,beam2(seed=ch19),50,"[19, 6, 28, 62, 52, 54, 50]",0.6426270382276791,-0.056469
8,beam2(seed=ch19),51,"[19, 6, 28, 62, 52, 54, 51]",0.6183163335438575,-0.08078
8,beam2(seed=ch19),53,"[19, 6, 28, 62, 52, 54, 53]",0.6776003319564466,-0.021496
8,beam2(seed=ch19),55,"[19, 6, 28, 62, 52, 54, 55]",0.6828385699880255,-0.016258
8,beam2(seed=ch19),56,"[19, 6, 28, 62, 52, 54, 56]",0.37418922149764416,-0.324907
8,beam2(seed=ch19),57,"[19, 6, 28, 62, 52, 54, 57]",0.4356958178911888,-0.263401
8,beam2(seed=ch19),58,"[19, 6, 28, 62, 52, 54, 58]",0.694455750058962,-0.004641
8,beam2(seed=ch19),59,"[19, 6, 28, 62, 52, 54, 59]",0.6745227531810841,-0.024574
8,beam2(seed=ch19),60,"[19, 6, 28, 62, 52, 54, 60]",0.6273737446535416,-0.071723
8,beam2(seed=ch19),61,"[19, 6, 28, 62, 52, 54, 61]",0.6726883242259067,-0.026408
8,beam2(seed=ch19),63,"[19, 6, 28, 62, 52, 54, 63]",0.6474313974855912,-0.051665
8,beam3(seed=ch28),0,"[28, 6, 34, 62, 12, 54, 3, 0]",0.6497455734625023,-0.09056
8,beam3(seed=ch28),1,"[28, 6, 34, 62, 12, 54, 3, 1]",0.5560406826160579,-0.184265
8,beam3(seed=ch28),2,"[28, 6, 34, 62, 12, 54, 3, 2]",0.7403052804209057,0.0
8,beam3(seed=ch28),4,"[28, 6, 34, 62, 12, 54, 3, 4]",0.7403052804209057,0.0
8,beam3(seed=ch28),5,"[28, 6, 34, 62, 12, 54, 3, 5]",0.6154846190466368,-0.124821
8,beam3(seed=ch28),7,"[28, 6, 34, 62, 12, 54, 3, 7]",0.7403052804209057,0.0
8,beam3(seed=ch28),8,"[28, 6, 34, 62, 12, 54, 3, 8]",0.6544519129629989,-0.085853
8,beam3(seed=ch28),9,"[28, 6, 34, 62, 12, 54, 3, 9]",0.7403052804209057,0.0
8,beam3(seed=ch28),10,"[28, 6, 34, 62, 12, 54, 3, 10]",0.3217538228556695,-0.418551
8,beam3(seed=ch28),11,"[28, 6, 34, 62, 12, 54, 3, 11]",0.6101352325021484,-0.13017
8,beam3(seed=ch28),13,"[28, 6, 34, 62, 12, 54, 3, 13]",0.7403052804209057,0.0
8,beam3(seed=ch28),14,"[28, 6, 34, 62, 12, 54, 3, 14]",0.46164586119939416,-0.278659
8,beam3(seed=ch28),15,"[28, 6, 34, 62, 12, 54, 3, 15]",0.609577259197576,-0.130728
8,beam3(seed=ch28),16,"[28, 6, 34, 62, 12, 54, 3, 16]",0.719418503909789,-0.020887
8,beam3(seed=ch28),17,"[28, 6, 34, 62, 12, 54, 3, 17]",0.710582273620785,-0.029723
8,beam3(seed=ch28),18,"[28, 6, 34, 62, 12, 54, 3, 18]",0.6651009955558654,-0.075204
8,beam3(seed=ch28),19,"[28, 6, 34, 62, 12, 54, 3, 19]",0.6904437431353567,-0.049861
8,beam3(seed=ch28),20,"[28, 6, 34, 62, 12, 54, 3, 20]",0.6541909264607219,-0.086114
8,beam3(seed=ch28),21,"[28, 6, 34, 62, 12, 54, 3, 21]",0.6577372548531546,-0.082568
8,beam3(seed=ch28),22,"[28, 6, 34, 62, 12, 54, 3, 22]",0.6517507874543833,-0.088554
8,beam3(seed=ch28),23,"[28, 6, 34, 62, 12, 54, 3, 23]",0.6527820990522228,-0.087523
8,beam3(seed=ch28),24,"[28, 6, 34, 62, 12, 54, 3, 24]",0.20399726718338607,-0.536308
8,beam3(seed=ch28),25,"[28, 6, 34, 62, 12, 54, 3, 25]",0.20158962115750206,-0.538716
8,beam3(seed=ch28),26,"[28, 6, 34, 62, 12, 54, 3, 26]",0.35537758972565964,-0.384928
8,beam3(seed=ch28),27,"[28, 6, 34, 62, 12, 54, 3, 27]",0.7237830791044889,-0.016522
8,beam3(seed=ch28),29,"[28, 6, 34, 62, 12, 54, 3, 29]",0.7099840740077032,-0.030321
8,beam3(seed=ch28),30,"[28, 6, 34, 62, 12, 54, 3, 30]",0.2750630037185765,-0.465242
8,beam3(seed=ch28),31,"[28, 6, 34, 62, 12, 54, 3, 31]",0.6329133849488874,-0.107392
8,beam3(seed=ch28),32,"[28, 6, 34, 62, 12, 54, 3, 32]",0.7155423430835864,-0.024763
8,beam3(seed=ch28),33,"[28, 6, 34, 62, 12, 54, 3, 33]",0.6600136230896025,-0.080292
8,beam3(seed=ch28),35,"[28, 6, 34, 62, 12, 54, 3, 35]",0.7359122207509523,-0.004393
8,beam3(seed=ch28),36,"[28, 6, 34, 62, 12, 54, 3, 36]",0.7403052804209057,0.0
8,beam3(seed=ch28),37,"[28, 6, 34, 62, 12, 54, 3, 37]",0.6581691381067799,-0.082136
8,beam3(seed=ch28),38,"[28, 6, 34, 62, 12, 54, 3, 38]",0.7403052804209057,0.0
8,beam3(seed=ch28),39,"[28, 6, 34, 62, 12, 54, 3, 39]",0.621107866255539,-0.119197
8,beam3(seed=ch28),40,"[28, 6, 34, 62, 12, 54, 3, 40]",0.7246663554632519,-0.015639
8,beam3(seed=ch28),41,"[28, 6, 34, 62, 12, 54, 3, 41]",0.7000048965551089,-0.0403
8,beam3(seed=ch28),42,"[28, 6, 34, 62, 12, 54, 3, 42]",0.6686088954470439,-0.071696
8,beam3(seed=ch28),43,"[28, 6, 34, 62, 12, 54, 3, 43]",0.5764464778703969,-0.163859
8,beam3(seed=ch28),44,"[28, 6, 34, 62, 12, 54, 3, 44]",0.2868737747098337,-0.453431
8,beam3(seed=ch28),45,"[28, 6, 34, 62, 12, 54, 3, 45]",0.7120511056610913,-0.028254
8,beam3(seed=ch28),46,"[28, 6, 34, 62, 12, 54, 3, 46]",0.6695510466011673,-0.070754
8,beam3(seed=ch28),47,"[28, 6, 34, 62, 12, 54, 3, 47]",0.6366014060946398,-0.103704
8,beam3(seed=ch28),48,"[28, 6, 34, 62, 12, 54, 3, 48]",0.7403052804209057,0.0
8,beam3(seed=ch28),49,"[28, 6, 34, 62, 12, 54, 3, 49]",0.6447859362090399,-0.095519
8,beam3(seed=ch28),50,"[28, 6, 34, 62, 12, 54, 3, 50]",0.5759493522100819,-0.164356
8,beam3(seed=ch28),51,"[28, 6, 34, 62, 12, 54, 3, 51]",0.6088433685631993,-0.131462
8,beam3(seed=ch28),52,"[28, 6, 34, 62, 12, 54, 3, 52]",0.7261688542330728,-0.014136
8,beam3(seed=ch28),53,"[28, 6, 34, 62, 12, 54, 3, 53]",0.6863725424030125,-0.053933
8,beam3(seed=ch28),55,"[28, 6, 34, 62, 12, 54, 3, 55]",0.7046929450550858,-0.035612
8,beam3(seed=ch28),56,"[28, 6, 34, 62, 12, 54, 3, 56]",0.29231560240243537,-0.44799
8,beam3(seed=ch28),57,"[28, 6, 34, 62, 12, 54, 3, 57]",0.3371070517365504,-0.403198
8,beam3(seed=ch28),58,"[28, 6, 34, 62, 12, 54, 3, 58]",0.712037427649743,-0.028268
8,beam3(seed=ch28),59,"[28, 6, 34, 62, 12, 54, 3, 59]",0.6980860172876086,-0.042219
8,beam3(seed=ch28),60,"[28, 6, 34, 62, 12, 54, 3, 60]",0.6255618989248175,-0.114743
8,beam3(seed=ch28),61,"[28, 6, 34, 62, 12, 54, 3, 61]",0.6516560479948673,-0.088649
8,beam3(seed=ch28),63,"[28, 6, 34, 62, 12, 54, 3, 63]",0.6644384923904512,-0.075867
