channel,condition,local_quadratic_bowl_score,r2,min_eigval,symmetry_score,basin_width,local_convergence_sr,local_sharpness,condition_number,coeff_xx,coeff_yy
0,clean,0.073016,0.899267,0.000224,0.805948,32.310989,1.000000,0.013705,14.262128,0.000112,0.001938
0,bright30,0.128806,0.641017,0.000675,0.796357,11.045361,0.900000,0.059570,9.225704,0.000339,0.001938
0,bright50,0.060944,0.678469,0.000271,0.753878,30.594117,0.804545,0.073270,6.542428,0.000137,0.001659
1,clean,0.216120,0.671413,0.001104,0.905055,5.385165,0.927273,0.044510,4.177717,0.000791,0.002654
1,bright30,0.216925,0.584919,0.001279,0.950745,4.123106,0.895455,0.070899,4.124506,0.001251,0.003271
1,bright50,0.170219,0.606042,0.001023,0.830245,5.099020,0.904545,0.059965,4.282352,0.000976,0.002924
2,clean,0.000000,0.000000,0.000000,0.000000,0.000000,0.000000,0.000000,inf,0.000000,0.000000
2,bright30,0.000000,0.000000,0.000000,0.000000,0.000000,0.000000,0.000000,inf,0.000000,0.000000
2,bright50,0.000000,0.000000,0.000000,0.000000,0.000000,0.000000,0.000000,inf,0.000000,0.000000
3,clean,0.401369,0.820738,0.002360,0.903463,6.082763,1.000000,0.042625,2.091060,0.001180,0.002280
3,bright30,0.000000,0.000000,0.000000,0.000000,0.000000,0.000000,0.000000,inf,0.000000,0.000000
3,bright50,0.000000,0.000000,0.000000,0.000000,0.000000,0.000000,0.000000,inf,0.000000,0.000000
4,clean,0.000000,0.000000,0.000000,0.000000,0.000000,0.000000,0.000000,inf,0.000000,0.000000
4,bright30,0.000000,0.000000,0.000000,0.000000,0.000000,0.000000,0.000000,inf,0.000000,0.000000
4,bright50,0.000000,0.000000,0.000000,0.000000,0.000000,0.000000,0.000000,inf,0.000000,0.000000
5,clean,0.093043,0.297095,0.000920,0.994122,2.236068,0.700000,0.133703,3.134151,0.002447,0.000916
5,bright30,0.106703,0.317749,0.001067,0.965128,2.236068,0.725000,0.129959,3.050194,0.002483,0.000996
5,bright50,0.115137,0.328814,0.001166,0.950940,2.236068,0.831818,0.129926,2.841044,0.002462,0.000950
6,clean,0.438446,0.831713,0.002238,0.998348,5.099020,1.000000,0.033506,1.308507,0.001829,0.001665
6,bright30,0.438126,0.819326,0.002387,0.982820,4.472136,1.000000,0.034176,1.304864,0.001976,0.001695
6,bright50,0.411205,0.761203,0.002683,0.942938,4.472136,1.000000,0.040117,1.361154,0.001830,0.001773
7,clean,0.000000,0.000000,0.000000,0.000000,0.000000,0.000000,0.000000,inf,0.000000,0.000000
7,bright30,0.000000,0.000000,0.000000,0.000000,0.000000,0.000000,0.000000,inf,0.000000,0.000000
7,bright50,0.000000,0.000000,0.000000,0.000000,0.000000,0.000000,0.000000,inf,0.000000,0.000000
8,clean,0.044254,0.926744,0.000140,0.730082,42.426407,0.997727,0.012506,11.498317,0.001592,0.000070
8,bright30,0.167357,0.767152,0.000673,0.866614,12.041595,0.975000,0.073195,6.495062,0.001971,0.000343
8,bright50,0.021856,0.883412,0.000131,0.403295,32.695565,0.856818,0.052804,4.359644,0.001652,0.000066
9,clean,0.000000,0.000000,0.000000,0.000000,0.000000,0.000000,0.000000,inf,0.000000,0.000000
9,bright30,0.000000,0.000000,0.000000,0.000000,0.000000,0.000000,0.000000,inf,0.000000,0.000000
9,bright50,0.000000,0.000000,0.000000,0.000000,0.000000,0.000000,0.000000,inf,0.000000,0.000000
10,clean,0.221481,0.569961,0.001298,0.987131,5.000000,0.977273,0.052846,5.827816,0.000676,0.002728
10,bright30,0.142487,0.801096,0.000452,0.964993,30.016662,1.000000,0.024102,6.404616,0.000228,0.002832
10,bright50,0.033146,0.910669,0.000095,0.803820,31.320920,1.000000,0.010853,6.528351,0.000048,0.002463
11,clean,0.154224,0.443707,0.001095,0.982167,4.242641,0.936364,0.095539,4.264146,0.001425,0.001731
11,bright30,0.173666,0.475782,0.001325,0.915992,5.656854,0.927273,0.081661,4.431627,0.001381,0.001515
11,bright50,0.212627,0.615859,0.001380,0.845531,9.219544,0.934091,0.049160,4.311919,0.001346,0.000945
12,clean,0.401655,0.868238,0.001822,0.970340,9.219544,1.000000,0.027258,3.034064,0.000923,0.002281
12,bright30,0.051002,0.864404,0.000362,0.385291,0.000000,0.650000,0.082643,4.119296,0.000543,0.000258
12,bright50,0.000000,0.000000,0.000000,0.000000,0.000000,0.000000,0.000000,inf,0.000000,0.000000
13,clean,0.000000,0.000000,0.000000,0.000000,0.000000,0.000000,0.000000,inf,0.000000,0.000000
13,bright30,0.000000,0.000000,0.000000,0.000000,0.000000,0.000000,0.000000,inf,0.000000,0.000000
13,bright50,0.000000,0.000000,0.000000,0.000000,0.000000,0.000000,0.000000,inf,0.000000,0.000000
14,clean,0.304873,0.633748,0.001889,0.990411,3.605551,1.000000,0.057754,2.247463,0.004017,0.001503
14,bright30,0.252550,0.675072,0.001386,0.914058,5.000000,1.000000,0.039376,2.192264,0.003006,0.001029
14,bright50,0.185318,0.836063,0.000852,0.742176,42.426407,1.000000,0.020521,2.035631,0.002139,0.000518
15,clean,0.122272,0.334153,0.001187,0.982542,2.236068,0.702273,0.173517,3.554517,0.000766,0.002472
15,bright30,0.126238,0.364455,0.001121,0.964172,2.828427,0.750000,0.153346,3.612713,0.000669,0.002556
15,bright50,0.111789,0.384413,0.000901,0.936193,3.162278,0.802273,0.136671,3.611211,0.000514,0.002256
16,clean,0.479802,0.943831,0.002108,0.990736,11.401754,1.000000,0.010915,1.577065,0.001308,0.001800
16,bright30,0.404228,0.944875,0.002302,0.799539,18.439089,1.000000,0.014165,1.468965,0.001457,0.001901
16,bright50,0.199766,0.975128,0.000997,0.615984,0.000000,0.825000,0.011963,1.197315,0.000952,0.000754
17,clean,0.454148,0.711543,0.003529,1.000000,4.123106,1.000000,0.048675,2.393065,0.001771,0.003449
17,bright30,0.000000,0.996844,-0.000894,0.592992,0.000000,0.379545,0.000234,3.940001,0.000082,-0.000447
17,bright50,0.000000,0.997097,-0.001260,0.571554,0.000000,0.368182,0.000000,3.031007,0.000063,-0.000630
18,clean,0.473634,0.736422,0.003891,0.973706,3.162278,1.000000,0.065516,1.256831,0.001959,0.002387
18,bright30,0.000000,0.991191,-0.000118,0.466489,42.426407,0.652273,0.001729,2.289465,-0.000059,0.001287
18,bright50,0.000000,0.974188,-0.000537,0.689124,34.000000,0.854545,0.001077,2.856687,-0.000269,0.001870
19,clean,0.387910,0.754261,0.002152,0.992212,5.099020,1.000000,0.035672,3.011797,0.001078,0.003550
19,bright30,0.355661,0.750836,0.002038,0.938450,6.082763,1.000000,0.035765,2.751776,0.001020,0.003334
19,bright50,0.323881,0.732093,0.001881,0.912760,6.082763,1.000000,0.035215,2.548937,0.000942,0.003026
20,clean,0.300175,0.555524,0.002523,0.968623,3.605551,1.000000,0.070435,3.006698,0.002274,0.001262
20,bright30,0.294763,0.566237,0.002843,0.886772,3.605551,0.988636,0.079590,2.997883,0.002416,0.001422
20,bright50,0.263367,0.619743,0.002164,0.817671,3.605551,0.970455,0.074016,3.248256,0.002248,0.001097
21,clean,0.448724,0.878868,0.002125,0.991199,8.944272,1.000000,0.016328,2.825995,0.001264,0.002344
21,bright30,0.355788,0.882836,0.001800,0.850860,13.892444,1.000000,0.016939,2.930095,0.001080,0.002326
21,bright50,0.225394,0.902352,0.001041,0.729544,42.426407,0.997727,0.017352,2.960521,0.000640,0.002148
22,clean,0.329185,0.751554,0.001761,0.935376,6.082763,1.000000,0.028068,2.415200,0.002037,0.000979
22,bright30,0.349762,0.686528,0.002448,0.925715,4.472136,1.000000,0.039983,2.168203,0.002212,0.001403
22,bright50,0.267218,0.736429,0.001618,0.811469,6.708204,1.000000,0.035827,2.093782,0.002128,0.000874
23,clean,0.182865,0.406716,0.001701,0.978344,2.236068,0.872727,0.153648,2.699465,0.000854,0.001925
23,bright30,0.183248,0.462565,0.001478,0.932374,2.828427,0.886364,0.139648,2.652051,0.000742,0.002025
23,bright50,0.134642,0.443391,0.001039,0.888149,2.828427,0.827273,0.146807,2.737187,0.000535,0.001880
24,clean,0.140212,0.843513,0.000534,0.788358,11.045361,0.834091,0.097188,2.439826,0.000267,0.001366
24,bright30,0.020911,0.987396,0.000094,0.469796,42.426407,0.772727,0.014067,2.921543,0.000047,0.001387
24,bright50,0.006699,0.989289,0.000031,0.442395,42.426407,0.734091,0.004942,3.067771,0.000016,0.001310
25,clean,0.273829,0.715177,0.001348,0.950964,4.123106,1.000000,0.047191,2.659440,0.003026,0.000685
25,bright30,0.147442,0.909292,0.000631,0.676022,42.426407,0.990909,0.022290,2.471296,0.001945,0.000318
25,bright50,0.074096,0.961110,0.000304,0.583547,42.426407,0.929545,0.013626,2.510937,0.001666,0.000153
26,clean,0.260076,0.688689,0.001220,0.996588,4.000000,0.897727,0.056984,4.400678,0.000614,0.006343
26,bright30,0.156222,0.755706,0.000629,0.864112,7.071068,0.913636,0.032253,4.306047,0.000315,0.004117
26,bright50,0.073014,0.881925,0.000268,0.700284,42.426407,0.886364,0.016782,4.165142,0.000134,0.002682
27,clean,0.396809,0.720800,0.002648,0.966277,5.099020,1.000000,0.039611,2.771980,0.001394,0.003253
27,bright30,0.343241,0.725584,0.002180,0.907145,6.082763,1.000000,0.031870,2.928203,0.001231,0.002726
27,bright50,0.275022,0.671724,0.001898,0.840869,7.615773,0.845455,0.029361,2.684255,0.001065,0.002013
28,clean,0.467670,0.831017,0.002602,0.995353,6.403124,1.000000,0.027393,1.564305,0.001831,0.002006
28,bright30,0.404573,0.841175,0.002220,0.914185,8.062258,1.000000,0.023013,1.604793,0.001648,0.001781
28,bright50,0.345936,0.798747,0.001891,0.891203,10.816654,1.000000,0.022266,1.499194,0.001317,0.001505
29,clean,0.374618,0.768025,0.002184,0.934401,5.000000,1.000000,0.051048,2.211814,0.001110,0.002647
29,bright30,0.298500,0.768103,0.001598,0.874964,5.099020,1.000000,0.061470,2.065035,0.000800,0.002945
29,bright50,0.000000,0.939951,-0.000201,0.537996,42.426407,0.920455,0.023497,1.789083,-0.000099,0.001614
30,clean,0.096059,0.497935,0.000536,0.913023,5.000000,0.827273,0.068287,5.925294,0.000278,0.002394
30,bright30,0.041376,0.900388,0.000152,0.651153,42.426407,0.877273,0.021561,6.271887,0.000076,0.001699
30,bright50,0.016401,0.959283,0.000064,0.552660,42.426407,0.886364,0.012721,6.251770,0.000032,0.001581
31,clean,0.169594,0.419630,0.001377,0.991024,4.472136,0.750000,0.058017,4.123674,0.000714,0.002391
31,bright30,0.128250,0.429373,0.001012,0.889116,5.385165,0.677273,0.057127,4.430769,0.000524,0.002251
31,bright50,0.067088,0.570881,0.000357,0.776564,6.324555,0.638636,0.057178,4.347905,0.000189,0.001932
32,clean,0.403816,0.858894,0.001789,0.995799,9.433981,1.000000,0.018519,1.705896,0.001217,0.001991
32,bright30,0.324227,0.881537,0.001390,0.896848,28.319605,1.000000,0.014740,1.755431,0.000980,0.001662
32,bright50,0.284532,0.907396,0.001224,0.826033,42.426407,1.000000,0.012563,1.491552,0.000886,0.001293
33,clean,0.461082,0.810711,0.002704,0.989398,4.123106,1.000000,0.042057,1.415053,0.001693,0.001817
33,bright30,0.386733,0.897728,0.002323,0.801609,13.038405,1.000000,0.030359,1.446087,0.001493,0.001788
33,bright50,0.281751,0.919808,0.001750,0.656327,42.426407,0.918182,0.028629,1.644214,0.001001,0.001645
34,clean,0.490249,0.909769,0.002448,0.979152,9.219544,1.000000,0.020449,1.419643,0.001539,0.001849
34,bright30,0.315583,0.901103,0.001552,0.801651,42.426407,0.940909,0.022487,1.540484,0.001239,0.001948
34,bright50,0.000000,0.900650,-0.000791,0.580811,0.000000,0.450000,0.009480,1.835984,-0.000124,0.000041
35,clean,0.354599,0.884974,0.001373,0.984260,16.278821,1.000000,0.018066,1.360192,0.001157,0.001295
35,bright30,0.144392,0.953619,0.000602,0.654719,42.426407,0.884091,0.012053,1.370955,0.000619,0.000884
35,bright50,0.087305,0.810896,0.000604,0.464375,37.202150,0.788636,0.003111,40.544270,0.004036,0.000303
36,clean,0.000000,0.000000,0.000000,0.000000,0.000000,0.000000,0.000000,inf,0.000000,0.000000
36,bright30,0.000000,0.000000,0.000000,0.000000,0.000000,0.000000,0.000000,inf,0.000000,0.000000
36,bright50,0.000000,0.000000,0.000000,0.000000,0.000000,0.000000,0.000000,inf,0.000000,0.000000
37,clean,0.438388,0.932756,0.001788,0.995591,12.806248,1.000000,0.013410,1.243058,0.001201,0.001680
37,bright30,0.313283,0.957230,0.001639,0.726665,42.426407,0.997727,0.012785,1.235897,0.001123,0.001457
37,bright50,0.169780,0.979149,0.000868,0.573154,0.000000,0.820455,0.009647,1.115565,0.000726,0.000766
38,clean,0.000000,0.000000,0.000000,0.000000,0.000000,0.000000,0.000000,inf,0.000000,0.000000
38,bright30,0.000000,0.000000,0.000000,0.000000,0.000000,0.000000,0.000000,inf,0.000000,0.000000
38,bright50,0.000000,0.000000,0.000000,0.000000,0.000000,0.000000,0.000000,inf,0.000000,0.000000
39,clean,0.262182,0.785686,0.001183,0.897648,3.605551,0.990909,0.145898,1.664525,0.000606,0.001663
39,bright30,0.132182,0.958409,0.000510,0.678467,33.105891,0.995455,0.053577,1.701958,0.000257,0.001634
39,bright50,0.052485,0.981498,0.000218,0.544223,42.426407,0.961364,0.023101,1.697140,0.000110,0.001469
40,clean,0.054402,0.220193,0.000707,0.945753,1.414214,0.702273,0.293649,2.046623,0.000510,0.000611
40,bright30,0.060673,0.217929,0.000843,0.938836,1.414214,0.693182,0.354532,2.015361,0.000590,0.000656
40,bright50,0.116034,0.404282,0.000946,0.893711,2.828427,0.754545,0.258623,2.094538,0.000698,0.000645
41,clean,0.319009,0.616987,0.002162,0.995413,3.000000,1.000000,0.089777,3.482581,0.001722,0.001381
41,bright30,0.273953,0.639605,0.001889,0.881888,3.000000,0.997727,0.092406,3.497897,0.001601,0.001188
41,bright50,0.209739,0.679939,0.001224,0.812608,3.000000,0.909091,0.097917,3.664401,0.001526,0.000720
42,clean,0.259235,0.595634,0.001586,0.984230,5.099020,1.000000,0.055210,6.038203,0.000890,0.002467
42,bright30,0.220574,0.609978,0.001327,0.906632,6.082763,1.000000,0.055673,5.971919,0.000752,0.002491
42,bright50,0.150209,0.609114,0.000848,0.827888,7.071068,0.897727,0.065841,6.258098,0.000488,0.002486
43,clean,0.175181,0.394958,0.001742,0.952794,4.242641,0.825000,0.110998,3.642875,0.001004,0.001575
43,bright30,0.138250,0.397827,0.001242,0.907121,4.242641,0.772727,0.114905,4.041408,0.000708,0.001706
43,bright50,0.094427,0.547153,0.000555,0.794454,7.071068,0.700000,0.089765,4.771130,0.000341,0.001251
44,clean,0.300278,0.755356,0.001518,0.921240,5.099020,1.000000,0.054421,3.618444,0.001903,0.000774
44,bright30,0.101878,0.959299,0.000371,0.678789,33.105891,1.000000,0.017364,4.140666,0.001833,0.000186
44,bright50,0.036018,0.959438,0.000103,0.767521,31.953091,1.000000,0.011170,4.579445,0.002226,0.000051
45,clean,0.525689,0.911184,0.002769,0.993582,8.544004,1.000000,0.014556,1.555002,0.001441,0.002312
45,bright30,0.423692,0.920214,0.002732,0.797508,10.816654,1.000000,0.016194,1.528718,0.001383,0.002307
45,bright50,0.322358,0.954607,0.002182,0.647242,42.426407,0.995455,0.014725,1.288079,0.001099,0.001553
46,clean,0.458387,0.877741,0.002209,0.995154,8.246211,1.000000,0.020770,2.257635,0.001141,0.002125
46,bright30,0.348656,0.882963,0.001768,0.841574,15.132746,1.000000,0.019754,2.251193,0.000911,0.001906
46,bright50,0.208133,0.920142,0.000912,0.722028,42.426407,0.997727,0.016105,2.245977,0.000464,0.001517
47,clean,0.250319,0.504251,0.001989,0.995546,5.000000,0.920455,0.107709,3.360380,0.001001,0.001706
47,bright30,0.262720,0.671558,0.001688,0.854597,5.656854,0.895455,0.088792,3.484682,0.000850,0.001556
47,bright50,0.267008,0.763936,0.001520,0.809460,14.142136,0.900000,0.069591,3.735509,0.000763,0.001365
48,clean,0.000000,0.000000,0.000000,0.000000,0.000000,0.000000,0.000000,inf,0.000000,0.000000
48,bright30,0.000000,0.000000,0.000000,0.000000,0.000000,0.000000,0.000000,inf,0.000000,0.000000
48,bright50,0.000000,0.000000,0.000000,0.000000,0.000000,0.000000,0.000000,inf,0.000000,0.000000
49,clean,0.185937,0.441479,0.001608,0.944892,4.242641,0.859091,0.098089,3.393398,0.001197,0.001495
49,bright30,0.149432,0.390147,0.001358,0.947067,3.605551,0.809091,0.139290,3.705929,0.001091,0.002159
49,bright50,0.163745,0.454942,0.001408,0.871228,4.242641,0.843182,0.117650,3.889175,0.000970,0.001846
50,clean,0.203643,0.659242,0.001094,0.873841,4.242641,0.915909,0.106066,2.437181,0.001697,0.000744
50,bright30,0.181562,0.860323,0.000824,0.723424,31.144823,0.904545,0.063421,2.378192,0.001466,0.000501
50,bright50,0.089314,0.971219,0.000420,0.529967,42.426407,0.879545,0.025215,2.079308,0.001188,0.000227
51,clean,0.313229,0.718150,0.001594,0.983345,7.211103,1.000000,0.051515,4.210669,0.001198,0.001862
51,bright30,0.278010,0.767017,0.001509,0.842800,12.041595,1.000000,0.046114,4.208187,0.001119,0.001639
51,bright50,0.253035,0.837913,0.001336,0.754110,28.284271,1.000000,0.039523,3.966533,0.000920,0.001333
52,clean,0.376435,0.737920,0.002112,0.993193,4.472136,1.000000,0.044907,1.695010,0.001379,0.002042
52,bright30,0.368809,0.736299,0.002086,0.981183,5.099020,1.000000,0.040758,1.751133,0.001310,0.001941
52,bright50,0.369396,0.764050,0.002010,0.964607,5.830952,1.000000,0.034977,1.644419,0.001216,0.001738
53,clean,0.348445,0.784905,0.001639,0.985492,8.485281,1.000000,0.057905,2.687735,0.001269,0.001701
53,bright30,0.293962,0.823047,0.001577,0.810249,15.556349,1.000000,0.061999,2.865808,0.001187,0.001723
53,bright50,0.201972,0.904567,0.001021,0.660811,42.426407,0.970455,0.053310,2.631375,0.000727,0.001270
54,clean,0.453406,0.824431,0.002722,0.954047,6.403124,1.000000,0.029431,1.395646,0.001475,0.001650
54,bright30,0.000000,0.000000,0.000000,0.000000,0.000000,0.000000,0.000000,inf,0.000000,0.000000
54,bright50,0.000000,0.000000,0.000000,0.000000,0.000000,0.000000,0.000000,inf,0.000000,0.000000
55,clean,0.440782,0.835566,0.002269,0.992575,6.403124,0.984091,0.077034,2.541069,0.001243,0.001513
55,bright30,0.363180,0.870673,0.002115,0.811535,11.704700,0.952273,0.076252,2.538637,0.001175,0.001348
55,bright50,0.244916,0.892089,0.001385,0.671037,1.414214,0.859091,0.081765,2.638062,0.000917,0.000757
56,clean,0.317711,0.624124,0.002443,0.925841,4.472136,0.911364,0.058451,2.254023,0.001646,0.002191
56,bright30,0.298633,0.889099,0.001731,0.724045,42.426407,0.904545,0.024469,2.078162,0.001455,0.000942
56,bright50,0.240775,0.954525,0.001252,0.655043,42.426407,0.893182,0.014662,2.078223,0.001297,0.000641
57,clean,0.311480,0.715353,0.001614,0.974974,4.123106,1.000000,0.043584,3.664804,0.000948,0.004130
57,bright30,0.196901,0.802976,0.000887,0.798056,8.246211,0.990909,0.026805,3.635575,0.000501,0.002999
57,bright50,0.104803,0.901505,0.000433,0.653130,42.426407,0.931818,0.015707,3.550992,0.000235,0.002203
58,clean,0.448182,0.797224,0.002988,0.938498,5.385165,1.000000,0.048208,1.270010,0.001522,0.002123
58,bright30,0.192951,0.461242,0.001645,0.926991,3.162278,0.840909,0.142159,3.207331,0.000886,0.004215
58,bright50,0.000000,0.000000,0.000000,0.000000,0.000000,0.000000,0.000000,inf,0.000000,0.000000
59,clean,0.029932,0.187007,0.000387,0.988186,2.000000,0.543182,0.216582,5.393216,0.001762,0.000232
59,bright30,0.024732,0.167918,0.000351,0.986947,2.000000,0.531818,0.216658,5.315130,0.001642,0.000216
59,bright50,0.030692,0.180612,0.000430,0.960299,2.000000,0.570455,0.213502,5.444731,0.001555,0.000232
60,clean,0.281822,0.674592,0.001601,0.939732,5.000000,0.970455,0.068320,3.733784,0.000800,0.001918
60,bright30,0.271945,0.689751,0.001600,0.887177,5.830952,0.977273,0.068751,3.753510,0.000800,0.001929
60,bright50,0.233549,0.733872,0.001228,0.836603,14.035669,0.965909,0.061973,3.927186,0.000614,0.001775
61,clean,0.498995,0.943422,0.002265,0.995937,11.180340,1.000000,0.009803,1.233098,0.001311,0.001872
61,bright30,0.382996,0.955884,0.002243,0.757956,42.426407,1.000000,0.010748,1.223552,0.001314,0.001851
61,bright50,0.249912,0.969218,0.001392,0.628299,0.000000,0.884091,0.008891,1.141015,0.000920,0.000993
62,clean,0.487439,0.886858,0.002972,0.919479,7.810250,1.000000,0.023872,1.257279,0.001598,0.001780
62,bright30,0.000000,0.000000,0.000000,0.000000,0.000000,0.000000,0.000000,inf,0.000000,0.000000
62,bright50,0.000000,0.000000,0.000000,0.000000,0.000000,0.000000,0.000000,inf,0.000000,0.000000
63,clean,0.156126,0.365485,0.001600,0.961101,2.828427,0.759091,0.158576,3.488336,0.000919,0.001838
63,bright30,0.145592,0.324249,0.001744,0.963822,2.828427,0.747727,0.191663,3.693897,0.001079,0.002015
63,bright50,0.136162,0.354079,0.001451,0.914690,3.605551,0.750000,0.163124,3.998636,0.000910,0.001780
