Trial	N_Channels	Channels	ATE_Mean_cm	Status
1	6	d6,d28,d35,d57,d62,d70	52.2626	OK
2	6	d7,d8,d22,d23,d26,d108	27.8022	OK
3	6	d6,d50,d55,d56,d59,d107	50.5759	OK
4	6	d1,d40,d71,d87,d108,d114	37.5603	OK
5	4	d39,d55,d71,d86	47.6298	OK
6	4	d23,d24,d26,d97	-	TIMEOUT
7	4	d11,d67,d88,d91	39.0362	OK
8	4	d20,d31,d96,d117	28.9454	OK
9	8	d11,d17,d20,d49,d58,d74,d75,d92	43.1751	OK
10	8	d25,d41,d59,d71,d93,d94,d97,d116	37.3620	OK
11	8	d18,d41,d43,d53,d62,d68,d90,d118	45.4686	OK
12	8	d8,d14,d56,d58,d69,d80,d83,d97	40.2304	OK
13	6	d16,d54,d68,d80,d102,d127	43.5618	OK
14	6	d35,d36,d63,d67,d101,d117	30.9426	OK
15	6	d35,d56,d67,d92,d102,d109	26.5196	OK
16	6	d12,d23,d28,d39,d40,d126	47.3191	OK
17	4	d16,d97,d98,d108	36.9195	OK
18	4	d2,d29,d64,d119	-	TIMEOUT
19	4	d28,d68,d75,d87	45.3336	OK
20	4	d0,d40,d111,d116	53.1503	OK
21	8	d27,d39,d41,d45,d50,d67,d76,d95	24.7434	OK
22	8	d0,d4,d28,d61,d78,d82,d92,d125	40.1554	OK
23	8	d14,d17,d20,d21,d32,d61,d121,d124	47.3436	OK
24	8	d42,d51,d54,d67,d79,d95,d102,d108	30.8974	OK
25	6	d16,d30,d57,d63,d112,d115	-	TIMEOUT
26	6	d1,d5,d18,d56,d58,d86	50.1699	OK
27	6	d8,d15,d17,d18,d58,d84	46.9638	OK
28	6	d33,d54,d60,d71,d121,d124	29.7248	OK
29	4	d48,d62,d104,d121	30.2524	OK
30	4	d24,d90,d108,d110	48.8773	OK
31	4	d13,d25,d105,d119	-	FROZEN_FAIL
32	4	d15,d27,d86,d103	58.8003	OK
33	8	d35,d46,d48,d49,d63,d71,d108,d114	41.6604	OK
34	8	d3,d12,d19,d23,d25,d63,d113,d118	43.2877	OK
35	8	d15,d42,d54,d60,d102,d104,d123,d124	39.8256	OK
36	8	d0,d42,d67,d73,d97,d99,d108,d116	33.6189	OK
37	6	d14,d39,d48,d55,d75,d124	39.5615	OK
38	6	d12,d14,d15,d40,d80,d122	50.5114	OK
39	6	d14,d17,d20,d47,d60,d103	59.5488	OK
40	6	d10,d20,d30,d63,d80,d107	46.9245	OK
41	4	d52,d61,d66,d80	52.3307	OK
42	4	d33,d67,d76,d101	31.3123	OK
43	4	d2,d18,d80,d117	-	TIMEOUT
44	4	d18,d25,d54,d117	48.3156	OK
45	8	d17,d33,d40,d62,d67,d72,d89,d94	40.0856	OK
46	8	d2,d26,d29,d34,d67,d76,d77,d112	34.5481	OK
47	8	d27,d39,d52,d53,d67,d69,d72,d87	41.6290	OK
48	8	d0,d11,d13,d23,d64,d70,d108,d125	46.9460	OK
49	6	d33,d41,d67,d85,d109,d113	35.3406	OK
50	6	d2,d9,d19,d28,d38,d94	44.4270	OK
51	6	d10,d32,d37,d78,d93,d110	46.7121	OK
52	6	d10,d26,d53,d63,d90,d91	53.6059	OK
53	4	d39,d41,d60,d104	33.8740	OK
54	4	d6,d45,d85,d105	47.3684	OK
55	4	d40,d63,d68,d105	49.0653	OK
56	4	d9,d27,d97,d120	36.5099	OK
57	8	d6,d51,d56,d57,d58,d78,d89,d117	39.0015	OK
58	8	d7,d17,d29,d49,d71,d84,d89,d102	38.1317	OK
59	8	d9,d27,d45,d66,d67,d80,d88,d111	33.4607	OK
60	8	d0,d11,d29,d48,d50,d65,d98,d111	46.2844	OK
61	6	d17,d31,d80,d84,d93,d110	71.7640	OK
62	6	d75,d76,d79,d83,d103,d104	55.9693	OK
63	6	d32,d44,d49,d77,d97,d107	43.1176	OK
64	6	d0,d53,d73,d77,d103,d110	54.5670	OK
65	4	d54,d82,d113,d119	39.4353	OK
66	4	d21,d43,d72,d121	31.5533	OK
67	4	d23,d60,d79,d85	48.1064	OK
68	4	d6,d37,d50,d57	44.3538	OK
69	8	d11,d18,d49,d62,d98,d106,d116,d121	30.8113	OK
70	8	d1,d27,d37,d56,d62,d102,d108,d126	38.5719	OK
71	8	d12,d31,d34,d45,d63,d81,d116,d118	40.7652	OK
72	8	d40,d63,d66,d109,d113,d114,d115,d121	57.8547	OK
73	6	d19,d61,d70,d73,d112,d124	46.6424	OK
74	6	d20,d35,d60,d69,d81,d85	41.3906	OK
75	6	d16,d38,d39,d54,d59,d98	54.7638	OK
76	6	d15,d52,d84,d104,d106,d119	40.1745	OK
77	4	d5,d97,d99,d107	48.7788	OK
78	4	d1,d76,d90,d122	49.8024	OK
79	4	d56,d99,d107,d124	40.1321	OK
80	4	d56,d69,d111,d124	-	TIMEOUT
81	8	d6,d7,d32,d42,d86,d99,d103,d119	37.8697	OK
82	8	d6,d12,d21,d34,d46,d100,d109,d118	46.7670	OK
83	8	d54,d66,d71,d83,d86,d97,d107,d116	40.6160	OK
84	8	d4,d13,d17,d20,d57,d64,d89,d120	69.1223	OK
85	6	d5,d7,d10,d39,d51,d63	35.0604	OK
86	6	d29,d32,d55,d61,d119,d121	40.3308	OK
87	6	d29,d41,d42,d65,d79,d94	49.3785	OK
88	6	d6,d27,d50,d79,d96,d101	49.2165	OK
89	4	d19,d26,d62,d77	46.8462	OK
90	4	d10,d30,d88,d109	40.2524	OK
91	4	d3,d17,d87,d94	57.6787	OK
92	4	d27,d107,d110,d125	-	TIMEOUT
93	8	d39,d45,d69,d92,d111,d117,d119,d123	41.7981	OK
94	8	d22,d62,d68,d71,d82,d111,d115,d118	56.3971	OK
95	8	d7,d46,d54,d83,d86,d97,d124,d126	42.6669	OK
96	8	d2,d21,d48,d66,d70,d71,d87,d90	47.4056	OK
97	6	d4,d61,d104,d114,d121,d125	50.2103	OK
98	6	d23,d56,d62,d75,d78,d103	-	TIMEOUT
99	6	d84,d88,d90,d94,d108,d121	34.1794	OK
100	6	d30,d59,d64,d69,d78,d116	55.5952	OK
101	4	d30,d47,d49,d80	-	TIMEOUT
102	4	d49,d55,d70,d123	58.5009	OK
103	4	d25,d49,d72,d75	-	FROZEN_FAIL
104	4	d45,d58,d77,d92	32.9510	OK
105	8	d3,d11,d13,d26,d32,d70,d74,d125	37.4115	OK
106	8	d3,d13,d47,d72,d87,d112,d120,d122	50.9904	OK
107	8	d13,d16,d18,d29,d64,d102,d122,d125	47.3024	OK
108	8	d21,d30,d38,d57,d63,d77,d97,d106	42.4492	OK
109	6	d15,d76,d78,d109,d113,d115	-	TIMEOUT
110	6	d20,d25,d40,d53,d54,d67	43.3506	OK
111	6	d0,d19,d40,d44,d61,d104	55.1428	OK
112	6	d8,d59,d73,d74,d115,d120	58.4211	OK
113	4	d18,d59,d72,d116	-	TIMEOUT
114	4	d29,d50,d67,d108	26.8299	OK
115	4	d36,d38,d57,d68	54.9248	OK
116	4	d15,d18,d42,d78	-	TIMEOUT
117	8	d31,d69,d73,d77,d103,d112,d119,d126	43.6681	OK
118	8	d6,d10,d20,d23,d64,d82,d110,d112	41.5276	OK
119	8	d5,d10,d44,d58,d68,d71,d113,d120	51.0994	OK
120	8	d23,d46,d85,d89,d104,d111,d120,d125	49.6259	OK
121	6	d26,d41,d82,d84,d105,d126	36.7743	OK
122	6	d9,d22,d73,d80,d102,d116	45.7238	OK
123	6	d0,d29,d64,d82,d103,d118	54.0628	OK
124	6	d13,d48,d92,d105,d113,d127	-	TIMEOUT
125	4	d13,d33,d52,d68	42.2736	OK
126	4	d31,d73,d112,d124	51.4512	OK
127	4	d7,d40,d61,d79	38.6697	OK
128	4	d3,d23,d57,d104	62.6493	OK
129	8	d29,d30,d39,d69,d74,d106,d118,d127	44.4044	OK
130	8	d34,d37,d48,d62,d98,d116,d120,d123	46.4761	OK
131	8	d0,d17,d68,d70,d72,d76,d87,d106	56.0478	OK
132	8	d38,d85,d88,d96,d114,d116,d123,d125	40.3959	OK
133	6	d48,d59,d61,d82,d98,d105	48.4623	OK
134	6	d11,d38,d81,d97,d98,d121	39.3298	OK
135	6	d9,d25,d32,d84,d112,d126	37.1763	OK
136	6	d3,d25,d36,d39,d104,d116	34.0880	OK
137	4	d19,d67,d86,d120	39.7917	OK
138	4	d20,d84,d97,d101	35.9567	OK
139	4	d9,d17,d81,d124	-	TIMEOUT
140	4	d23,d58,d60,d73	44.2141	OK
141	8	d7,d11,d25,d42,d76,d83,d111,d113	37.4584	OK
142	8	d14,d37,d62,d75,d91,d95,d105,d110	43.6484	OK
143	8	d20,d36,d43,d44,d46,d61,d97,d127	38.9570	OK
144	8	d2,d40,d59,d65,d73,d117,d118,d119	40.3916	OK
145	6	d18,d64,d76,d88,d108,d113	43.6449	OK
146	6	d27,d50,d77,d98,d116,d123	43.9593	OK
147	6	d5,d60,d75,d91,d97,d101	30.2908	OK
148	6	d2,d12,d58,d70,d73,d127	45.5486	OK
149	4	d48,d56,d64,d90	55.7109	OK
150	4	d10,d24,d35,d79	-	TIMEOUT
151	4	d8,d33,d93,d112	-	FROZEN_FAIL
152	4	d23,d75,d83,d106	35.0275	OK
153	8	d33,d42,d44,d51,d65,d69,d93,d123	51.9436	OK
154	8	d19,d29,d36,d57,d75,d86,d101,d119	39.9908	OK
155	8	d3,d23,d31,d67,d93,d94,d101,d116	35.7642	OK
156	8	d6,d27,d59,d67,d83,d95,d97,d120	35.5541	OK
157	6	d16,d29,d56,d77,d104,d118	50.4887	OK
158	6	d9,d11,d29,d35,d77,d126	37.6706	OK
159	6	d24,d34,d60,d94,d99,d116	45.7184	OK
160	6	d25,d39,d104,d106,d107,d125	35.3868	OK
161	4	d8,d55,d71,d94	-	TIMEOUT
162	4	d25,d60,d92,d113	27.7947	OK
163	4	d15,d91,d94,d101	-	TIMEOUT
164	4	d31,d48,d70,d116	38.3194	OK
165	8	d5,d12,d23,d32,d52,d54,d62,d85	43.5281	OK
166	8	d0,d17,d37,d53,d55,d59,d70,d84	58.6461	OK
167	8	d3,d6,d28,d33,d37,d44,d64,d91	47.8933	OK
168	8	d4,d13,d32,d44,d60,d67,d82,d107	30.8999	OK
169	6	d16,d27,d29,d92,d114,d121	43.4526	OK
170	6	d7,d11,d56,d77,d115,d117	58.8856	OK
171	6	d15,d27,d102,d109,d122,d125	45.6563	OK
172	6	d16,d18,d20,d37,d82,d113	38.7611	OK
173	4	d32,d70,d83,d97	40.3026	OK
174	4	d25,d75,d110,d116	-	TIMEOUT
175	4	d29,d55,d110,d115	65.2725	OK
176	4	d58,d86,d105,d116	44.2953	OK
177	8	d24,d39,d65,d80,d95,d102,d106,d109	43.1247	OK
178	8	d17,d21,d23,d24,d33,d95,d110,d121	-	TIMEOUT
179	8	d13,d15,d31,d73,d84,d90,d105,d108	41.9154	OK
180	8	d26,d27,d39,d54,d57,d79,d90,d123	45.5762	OK
181	6	d29,d57,d71,d89,d94,d109	43.7077	OK
182	6	d6,d7,d46,d68,d69,d79	51.0194	OK
183	6	d1,d36,d46,d86,d89,d102	45.7183	OK
184	6	d7,d17,d23,d36,d55,d96	45.1702	OK
185	4	d40,d87,d107,d116	42.6789	OK
186	4	d21,d79,d83,d94	45.6995	OK
187	4	d12,d13,d39,d40	49.1273	OK
188	4	d20,d69,d108,d113	42.2659	OK
189	8	d29,d55,d69,d88,d106,d110,d113,d124	41.8284	OK
190	8	d11,d14,d28,d56,d72,d78,d101,d124	46.2779	OK
191	8	d1,d35,d52,d54,d65,d74,d77,d83	36.4410	OK
192	8	d1,d30,d33,d44,d58,d97,d110,d127	37.7181	OK
193	6	d4,d10,d18,d90,d101,d111	44.7364	OK
194	6	d19,d80,d103,d106,d109,d117	49.5985	OK
195	6	d5,d29,d43,d74,d83,d103	48.3644	OK
196	6	d22,d27,d62,d92,d111,d117	42.9487	OK
197	4	d20,d101,d102,d111	41.4905	OK
198	4	d56,d79,d85,d86	49.9335	OK
199	4	d19,d29,d43,d49	41.5107	OK
200	4	d26,d37,d60,d89	33.1887	OK
201	8	d19,d37,d39,d44,d45,d50,d65,d126	42.6992	OK
202	8	d17,d38,d80,d82,d112,d114,d118,d120	57.5442	OK
203	8	d14,d18,d70,d77,d79,d90,d113,d118	41.0863	OK
204	8	d9,d14,d19,d23,d73,d94,d98,d115	55.9689	OK
205	6	d10,d48,d82,d115,d118,d121	54.2915	OK
206	6	d15,d21,d26,d38,d87,d115	-	TIMEOUT
207	6	d10,d40,d44,d63,d93,d112	59.0572	OK
208	6	d13,d72,d86,d95,d99,d104	51.5650	OK
209	4	d16,d24,d84,d85	48.5111	OK
210	4	d38,d64,d72,d98	67.6180	OK
211	4	d20,d36,d85,d89	42.9737	OK
212	4	d21,d33,d79,d100	-	TIMEOUT
213	8	d4,d23,d32,d79,d84,d92,d96,d108	33.3028	OK
214	8	d46,d49,d54,d57,d79,d87,d92,d124	-	TIMEOUT
215	8	d9,d19,d25,d33,d35,d39,d75,d86	33.6962	OK
216	8	d11,d39,d41,d42,d46,d96,d105,d112	35.5832	OK
217	6	d59,d60,d72,d93,d113,d114	48.2856	OK
218	6	d49,d61,d79,d94,d112,d120	54.2634	OK
219	6	d41,d51,d72,d97,d107,d118	30.9878	OK
220	6	d13,d26,d35,d64,d95,d123	59.5909	OK
221	4	d21,d31,d41,d72	42.3384	OK
222	4	d37,d69,d111,d115	-	TIMEOUT
223	4	d23,d56,d89,d115	-	FROZEN_FAIL
224	4	d6,d13,d101,d106	38.2001	OK
225	8	d7,d20,d25,d57,d60,d81,d95,d98	47.5384	OK
226	8	d1,d9,d35,d37,d73,d85,d114,d120	42.6777	OK
227	8	d4,d20,d28,d38,d55,d65,d73,d108	52.2971	OK
228	8	d12,d16,d31,d60,d61,d77,d107,d117	35.5329	OK
229	6	d4,d28,d36,d61,d74,d127	38.5039	OK
230	6	d0,d47,d61,d90,d106,d109	48.8782	OK
231	6	d5,d17,d21,d92,d99,d120	49.7575	OK
232	6	d4,d11,d64,d91,d95,d99	48.0251	OK
233	4	d17,d26,d61,d88	65.2900	OK
234	4	d11,d34,d85,d90	-	TIMEOUT
235	4	d44,d86,d118,d122	53.5759	OK
236	4	d16,d34,d46,d117	-	TIMEOUT
237	8	d9,d10,d11,d51,d75,d79,d80,d101	33.4205	OK
238	8	d9,d12,d48,d64,d73,d84,d91,d121	41.4781	OK
239	8	d31,d69,d86,d94,d98,d102,d111,d112	46.0018	OK
240	8	d20,d21,d47,d68,d94,d108,d110,d127	52.3536	OK
241	6	d20,d26,d46,d75,d82,d83	31.1049	OK
242	6	d42,d75,d78,d109,d113,d114	47.5227	OK
243	6	d10,d70,d89,d90,d111,d114	51.1223	OK
244	6	d7,d14,d19,d40,d93,d103	43.3575	OK
245	4	d8,d32,d36,d112	41.2943	OK
246	4	d17,d60,d92,d93	58.3697	OK
247	4	d8,d39,d98,d115	69.5399	OK
248	4	d19,d94,d95,d113	-	FROZEN_FAIL
249	8	d6,d29,d35,d63,d71,d80,d93,d101	52.7068	OK
250	8	d30,d47,d54,d66,d67,d99,d114,d127	44.4819	OK
251	8	d18,d31,d34,d44,d51,d73,d115,d125	60.8431	OK
252	8	d16,d22,d40,d74,d76,d81,d88,d113	36.7777	OK
253	6	d31,d35,d44,d51,d57,d92	44.1420	OK
254	6	d6,d60,d92,d94,d119,d126	33.6619	OK
255	6	d16,d22,d33,d79,d101,d122	-	TIMEOUT
256	6	d18,d32,d81,d104,d105,d115	61.8750	OK
257	4	d32,d46,d88,d119	-	TIMEOUT
258	4	d14,d31,d33,d110	47.6763	OK
259	4	d39,d41,d42,d77	38.4278	OK
260	4	d57,d72,d82,d88	38.5759	OK
261	8	d20,d23,d32,d43,d50,d64,d70,d77	44.6764	OK
262	8	d7,d10,d11,d20,d39,d43,d67,d86	30.5382	OK
263	8	d7,d53,d62,d74,d77,d106,d123,d127	36.0640	OK
264	8	d15,d18,d40,d76,d103,d106,d112,d116	49.2371	OK
265	6	d36,d52,d80,d87,d118,d123	40.2021	OK
266	6	d27,d33,d81,d88,d94,d102	34.7082	OK
267	6	d31,d61,d68,d81,d115,d119	63.4916	OK
268	6	d12,d24,d36,d63,d74,d98	58.6919	OK
269	4	d40,d63,d83,d107	44.1606	OK
270	4	d40,d48,d80,d127	44.7618	OK
271	4	d5,d78,d119,d127	51.4790	OK
272	4	d23,d61,d100,d117	-	TIMEOUT
273	8	d2,d12,d55,d72,d73,d90,d120,d126	51.0910	OK
274	8	d11,d27,d34,d67,d93,d102,d103,d110	43.9429	OK
275	8	d13,d18,d49,d71,d73,d92,d98,d115	64.7485	OK
276	8	d24,d30,d32,d36,d86,d93,d95,d100	54.0583	OK
277	6	d9,d10,d11,d35,d50,d102	31.7515	OK
278	6	d35,d38,d83,d85,d116,d121	35.6935	OK
279	6	d41,d76,d81,d86,d100,d125	45.6480	OK
280	6	d4,d28,d76,d84,d94,d121	34.4245	OK
281	4	d6,d78,d106,d121	26.3078	OK
282	4	d13,d58,d67,d122	36.9466	OK
283	4	d37,d43,d62,d97	37.7758	OK
284	4	d4,d8,d28,d48	41.8997	OK
285	8	d15,d38,d52,d80,d105,d107,d112,d120	53.5982	OK
286	8	d35,d44,d53,d80,d83,d96,d117,d122	45.7700	OK
287	8	d49,d63,d67,d71,d76,d87,d90,d123	41.2161	OK
288	8	d53,d57,d73,d76,d81,d89,d122,d125	53.8959	OK
289	6	d31,d70,d73,d88,d97,d101	43.1147	OK
290	6	d10,d20,d37,d73,d74,d88	36.1680	OK
291	6	d51,d54,d65,d69,d113,d122	41.2751	OK
292	6	d12,d27,d35,d61,d62,d69	60.1772	OK
293	4	d13,d25,d57,d59	55.4670	OK
294	4	d25,d84,d105,d120	48.9229	OK
295	4	d1,d35,d40,d104	52.8072	OK
296	4	d51,d73,d121,d122	36.8938	OK
297	8	d9,d15,d22,d44,d59,d73,d82,d106	36.3146	OK
298	8	d2,d9,d45,d47,d74,d76,d101,d126	46.4795	OK
299	8	d27,d34,d69,d72,d85,d116,d119,d126	41.3693	OK
300	8	d3,d28,d41,d47,d49,d65,d84,d117	38.6473	OK
301	6	d44,d49,d75,d86,d103,d109	55.0444	OK
302	6	d22,d24,d35,d47,d83,d102	47.5017	OK
303	6	d1,d63,d66,d82,d98,d122	41.8177	OK
304	6	d2,d60,d68,d77,d84,d114	35.9051	OK
305	4	d15,d60,d66,d92	43.9094	OK
306	4	d30,d40,d78,d119	49.9954	OK
307	4	d30,d75,d79,d103	-	TIMEOUT
308	4	d34,d56,d94,d122	61.8809	OK
309	8	d20,d39,d55,d63,d95,d106,d116,d120	43.5644	OK
310	8	d15,d19,d28,d38,d42,d51,d92,d114	51.4968	OK
311	8	d14,d23,d29,d52,d83,d113,d114,d125	40.0311	OK
312	8	d5,d14,d33,d78,d101,d106,d116,d118	41.1767	OK
313	6	d0,d11,d18,d55,d65,d108	-	TIMEOUT
314	6	d8,d15,d16,d17,d88,d120	-	TIMEOUT
315	6	d34,d46,d73,d95,d104,d107	-	TIMEOUT
316	6	d20,d34,d89,d96,d97,d114	42.0707	OK
317	4	d30,d32,d45,d100	-	TIMEOUT
318	4	d0,d5,d57,d76	-	FROZEN_FAIL
319	4	d58,d97,d108,d118	35.9155	OK
320	4	d39,d63,d88,d117	41.8760	OK
321	8	d4,d8,d28,d48,d52,d61,d70,d107	41.7904	OK
322	8	d8,d11,d12,d17,d25,d62,d102,d114	59.9534	OK
323	8	d14,d35,d55,d59,d74,d81,d82,d112	33.8253	OK
324	8	d15,d36,d56,d60,d70,d76,d77,d105	48.0029	OK
325	6	d12,d44,d88,d97,d109,d126	46.2463	OK
326	6	d38,d76,d81,d96,d104,d106	38.6566	OK
327	6	d36,d47,d57,d61,d76,d121	50.2693	OK
328	6	d14,d34,d99,d105,d106,d118	40.7935	OK
329	4	d52,d62,d65,d84	36.7395	OK
330	4	d20,d23,d94,d115	-	TIMEOUT
331	4	d13,d48,d68,d96	38.4125	OK
332	4	d10,d18,d48,d55	44.1827	OK
333	8	d3,d30,d48,d53,d54,d77,d85,d122	39.6070	OK
334	8	d52,d61,d62,d72,d82,d97,d101,d122	53.5851	OK
335	8	d25,d66,d78,d91,d92,d119,d120,d127	39.0384	OK
336	8	d11,d37,d52,d56,d80,d81,d94,d105	39.9412	OK
337	6	d4,d39,d50,d66,d75,d106	44.2439	OK
338	6	d58,d62,d84,d86,d97,d127	36.6657	OK
339	6	d35,d43,d65,d90,d117,d125	59.3220	OK
340	6	d8,d12,d15,d19,d47,d125	53.6285	OK
341	4	d1,d35,d59,d105	-	FROZEN_FAIL
342	4	d2,d17,d38,d55	-	TIMEOUT
343	4	d15,d95,d116,d123	49.5628	OK
344	4	d1,d4,d105,d124	46.5838	OK
345	8	d3,d4,d24,d27,d45,d70,d73,d110	44.0741	OK
346	8	d20,d38,d49,d61,d64,d68,d90,d101	-	TIMEOUT
347	8	d8,d20,d57,d62,d76,d95,d103,d117	65.3328	OK
348	8	d2,d14,d23,d43,d96,d97,d103,d121	35.3040	OK
349	6	d10,d21,d24,d84,d111,d127	48.1365	OK
350	6	d11,d19,d54,d58,d69,d121	40.2190	OK
351	6	d4,d8,d45,d53,d71,d80	53.6983	OK
352	6	d19,d36,d41,d61,d76,d101	41.3183	OK
353	4	d35,d84,d98,d99	43.0796	OK
354	4	d13,d20,d25,d88	57.4602	OK
355	4	d19,d59,d87,d111	53.0612	OK
356	4	d7,d69,d83,d101	33.5219	OK
357	8	d47,d58,d91,d96,d97,d110,d115,d125	52.0137	OK
358	8	d18,d21,d39,d63,d68,d75,d97,d99	47.7777	OK
359	8	d1,d23,d27,d69,d78,d81,d92,d113	-	TIMEOUT
360	8	d6,d22,d26,d33,d47,d104,d110,d114	45.4559	OK
361	6	d3,d22,d23,d83,d90,d98	46.1838	OK
362	6	d21,d43,d62,d74,d99,d105	30.4959	OK
363	6	d35,d43,d68,d77,d97,d126	43.4176	OK
364	6	d16,d37,d42,d70,d107,d111	44.0226	OK
365	4	d19,d76,d92,d123	46.2844	OK
366	4	d50,d63,d64,d126	50.9270	OK
367	4	d27,d34,d77,d117	-	TIMEOUT
368	4	d1,d85,d97,d101	46.7438	OK
369	8	d34,d51,d76,d82,d84,d85,d110,d112	35.5509	OK
370	8	d45,d62,d74,d80,d81,d101,d122,d125	36.9269	OK
371	8	d29,d46,d51,d71,d83,d93,d96,d100	33.1347	OK
372	8	d6,d17,d53,d74,d104,d112,d118,d127	48.7643	OK
373	6	d35,d39,d61,d64,d77,d108	43.7243	OK
374	6	d18,d96,d102,d107,d114,d122	36.6769	OK
375	6	d9,d21,d27,d63,d90,d92	38.2132	OK
376	6	d11,d27,d42,d84,d102,d110	32.6424	OK
377	4	d2,d25,d56,d66	49.9068	OK
378	4	d56,d95,d100,d114	-	TIMEOUT
379	4	d6,d38,d88,d118	53.8484	OK
380	4	d26,d75,d106,d123	36.9405	OK
381	8	d21,d29,d36,d52,d79,d87,d89,d116	42.7815	OK
382	8	d17,d24,d81,d89,d112,d115,d121,d123	60.8970	OK
383	8	d5,d11,d27,d29,d42,d62,d76,d87	51.1047	OK
384	8	d40,d44,d47,d59,d84,d103,d109,d118	47.8471	OK
385	6	d7,d47,d50,d101,d110,d115	58.7507	OK
386	6	d1,d52,d54,d71,d99,d109	34.1591	OK
387	6	d16,d26,d47,d50,d83,d93	-	TIMEOUT
388	6	d29,d67,d80,d99,d117,d125	31.4278	OK
389	4	d29,d89,d90,d100	44.1214	OK
390	4	d21,d44,d76,d117	-	TIMEOUT
391	4	d30,d34,d61,d80	-	TIMEOUT
392	4	d29,d46,d78,d95	71.6568	OK
393	8	d35,d36,d47,d98,d99,d107,d108,d124	40.6292	OK
394	8	d35,d42,d44,d47,d73,d80,d115,d125	-	TIMEOUT
395	8	d2,d13,d34,d49,d91,d98,d124,d126	37.0433	OK
396	8	d7,d21,d42,d56,d104,d106,d113,d125	43.6809	OK
397	6	d8,d43,d57,d70,d73,d74	38.8335	OK
398	6	d28,d29,d68,d93,d117,d126	49.8698	OK
399	6	d10,d26,d55,d63,d108,d112	-	FROZEN_FAIL
400	6	d8,d22,d67,d76,d89,d115	62.5558	OK
401	4	d30,d53,d60,d112	50.1135	OK
402	4	d35,d42,d89,d109	53.8385	OK
403	4	d15,d52,d71,d89	-	TIMEOUT
404	4	d43,d68,d74,d82	33.5634	OK
405	8	d15,d24,d32,d33,d34,d63,d70,d105	52.7179	OK
406	8	d36,d37,d63,d68,d82,d100,d106,d125	37.8544	OK
407	8	d19,d23,d71,d94,d96,d103,d115,d116	56.5525	OK
408	8	d0,d16,d23,d83,d91,d101,d117,d124	-	TIMEOUT
409	6	d54,d55,d68,d82,d109,d126	44.3634	OK
410	6	d12,d33,d72,d86,d87,d124	-	TIMEOUT
411	6	d4,d11,d25,d31,d40,d117	44.4999	OK
412	6	d0,d33,d51,d109,d112,d116	36.8126	OK
413	4	d23,d40,d70,d77	39.0970	OK
414	4	d21,d64,d92,d95	-	TIMEOUT
415	4	d13,d42,d78,d101	58.3319	OK
416	4	d23,d24,d59,d109	-	TIMEOUT
417	8	d0,d2,d19,d33,d54,d57,d113,d122	39.6201	OK
418	8	d2,d18,d30,d33,d58,d87,d108,d122	33.7599	OK
419	8	d22,d26,d35,d76,d80,d94,d97,d98	43.7372	OK
420	8	d2,d17,d34,d36,d42,d54,d89,d112	49.0500	OK
421	6	d22,d25,d38,d55,d105,d113	64.6709	OK
422	6	d31,d35,d80,d89,d98,d109	51.2484	OK
423	6	d6,d21,d35,d63,d70,d72	54.3367	OK
424	6	d13,d48,d52,d75,d77,d100	32.8749	OK
425	4	d28,d61,d98,d126	52.3204	OK
426	4	d3,d18,d61,d127	-	TIMEOUT
427	4	d33,d81,d92,d99	35.5868	OK
428	4	d44,d93,d107,d120	56.1248	OK
429	8	d3,d4,d10,d15,d17,d18,d55,d67	50.6214	OK
430	8	d21,d39,d71,d73,d101,d102,d106,d108	31.9887	OK
431	8	d16,d20,d21,d39,d52,d79,d83,d100	43.7274	OK
432	8	d14,d22,d29,d61,d62,d79,d111,d116	43.5338	OK
433	6	d3,d14,d30,d35,d44,d79	50.3880	OK
434	6	d2,d41,d42,d66,d88,d127	34.7238	OK
435	6	d7,d30,d32,d68,d85,d95	42.7479	OK
436	6	d16,d19,d67,d69,d109,d127	38.8007	OK
437	4	d14,d92,d116,d127	37.2654	OK
438	4	d40,d42,d65,d94	60.6841	OK
439	4	d0,d26,d29,d58	44.9487	OK
440	4	d3,d11,d62,d120	51.2334	OK
441	8	d9,d38,d45,d57,d82,d93,d98,d107	42.0855	OK
442	8	d13,d19,d30,d63,d69,d81,d95,d106	43.3697	OK
443	8	d11,d17,d45,d57,d72,d79,d102,d119	45.5705	OK
444	8	d2,d22,d51,d74,d77,d83,d94,d116	28.9358	OK
445	6	d38,d50,d62,d94,d118,d126	47.0747	OK
446	6	d1,d2,d6,d59,d88,d104	54.0546	OK
447	6	d0,d26,d52,d78,d85,d96	32.2343	OK
448	6	d15,d36,d60,d71,d107,d125	34.9489	OK
449	4	d11,d23,d59,d105	56.5387	OK
450	4	d21,d24,d95,d117	-	TIMEOUT
451	4	d15,d19,d34,d100	55.4591	OK
452	4	d33,d60,d74,d111	34.6753	OK
453	8	d59,d66,d69,d80,d81,d83,d100,d115	61.3322	OK
454	8	d19,d27,d34,d39,d42,d51,d115,d119	57.1921	OK
455	8	d30,d53,d78,d80,d91,d104,d115,d118	-	TIMEOUT
456	8	d10,d23,d30,d40,d55,d67,d77,d83	34.6969	OK
457	6	d12,d23,d37,d63,d91,d101	41.3438	OK
458	6	d7,d44,d66,d76,d103,d115	66.1450	OK
459	6	d24,d26,d31,d35,d63,d118	50.5588	OK
460	6	d3,d15,d33,d50,d56,d102	42.8267	OK
461	4	d19,d21,d66,d95	44.4202	OK
462	4	d5,d16,d50,d113	-	TIMEOUT
463	4	d23,d31,d32,d84	40.3600	OK
464	4	d10,d12,d43,d118	53.1572	OK
465	8	d7,d44,d90,d97,d101,d109,d110,d127	36.5147	OK
466	8	d8,d38,d47,d54,d62,d70,d71,d114	54.8561	OK
467	8	d15,d22,d71,d75,d98,d105,d122,d127	49.0294	OK
468	8	d4,d35,d51,d63,d91,d97,d107,d122	39.3720	OK
469	6	d46,d69,d82,d88,d99,d124	39.8736	OK
470	6	d6,d7,d14,d56,d71,d81	40.7081	OK
471	6	d25,d40,d59,d63,d91,d120	43.8807	OK
472	6	d14,d56,d61,d68,d90,d99	43.8229	OK
473	4	d44,d45,d60,d81	32.8079	OK
474	4	d7,d36,d90,d91	29.6723	OK
475	4	d44,d48,d79,d126	55.0911	OK
476	4	d9,d14,d23,d125	38.1813	OK
477	8	d0,d5,d33,d51,d56,d59,d84,d122	43.3522	OK
478	8	d5,d15,d28,d36,d37,d45,d82,d87	46.0037	OK
479	8	d18,d25,d77,d82,d86,d93,d95,d101	42.8352	OK
480	8	d34,d40,d44,d57,d81,d91,d111,d124	39.1891	OK
481	6	d32,d44,d45,d75,d78,d96	27.9253	OK
482	6	d0,d8,d46,d56,d81,d100	-	TIMEOUT
483	6	d19,d26,d36,d60,d84,d127	41.3693	OK
484	6	d22,d42,d81,d85,d88,d114	41.8926	OK
485	4	d2,d53,d63,d67	43.4191	OK
486	4	d17,d27,d65,d89	74.5012	OK
487	4	d0,d12,d98,d112	63.3852	OK
488	4	d42,d105,d107,d126	46.1194	OK
489	8	d18,d25,d41,d57,d89,d96,d115,d122	55.1747	OK
490	8	d5,d8,d18,d26,d66,d75,d81,d87	40.5161	OK
491	8	d7,d19,d23,d41,d43,d86,d96,d123	33.3546	OK
492	8	d13,d25,d40,d42,d52,d84,d110,d111	45.1299	OK
493	6	d48,d60,d67,d72,d76,d104	28.3776	OK
494	6	d12,d13,d24,d39,d100,d125	58.4004	OK
495	6	d0,d22,d75,d92,d109,d122	32.2921	OK
496	6	d6,d24,d43,d51,d52,d74	33.3206	OK
497	4	d20,d29,d78,d121	34.0522	OK
498	4	d67,d101,d120,d125	38.7254	OK
499	4	d23,d47,d94,d99	34.6451	OK
500	4	d47,d94,d97,d114	47.5171	OK
501	8	d11,d15,d38,d57,d67,d68,d112,d119	45.2750	OK
502	8	d15,d21,d24,d58,d88,d99,d105,d107	44.0801	OK
503	8	d8,d20,d30,d37,d60,d76,d101,d121	29.3596	OK
504	8	d10,d32,d42,d44,d49,d54,d108,d114	41.2862	OK
505	6	d20,d37,d51,d66,d81,d111	33.5705	OK
506	6	d17,d22,d70,d83,d99,d101	42.5197	OK
507	6	d3,d28,d38,d106,d107,d117	37.9956	OK
508	6	d25,d27,d37,d73,d88,d105	41.0815	OK
509	4	d67,d98,d121,d124	33.3471	OK
510	4	d9,d44,d70,d103	46.4236	OK
511	4	d9,d36,d101,d102	29.3821	OK
512	4	d12,d60,d84,d121	25.6662	OK
513	8	d5,d68,d71,d77,d79,d86,d95,d125	60.9158	OK
514	8	d25,d34,d58,d68,d76,d82,d106,d113	42.7301	OK
515	8	d14,d22,d48,d54,d95,d104,d113,d124	38.5671	OK
516	8	d7,d16,d34,d40,d44,d49,d79,d103	-	TIMEOUT
517	6	d8,d12,d14,d51,d63,d116	41.5683	OK
518	6	d50,d70,d92,d94,d101,d118	52.1016	OK
519	6	d7,d31,d61,d95,d114,d125	48.4013	OK
520	6	d41,d45,d66,d88,d89,d121	33.1814	OK
521	4	d7,d23,d72,d98	40.0770	OK
522	4	d12,d41,d54,d56	42.7366	OK
523	4	d52,d57,d68,d104	51.2148	OK
524	4	d2,d5,d33,d121	-	TIMEOUT
525	8	d2,d44,d57,d64,d70,d78,d96,d108	35.3301	OK
526	8	d26,d55,d64,d77,d89,d101,d117,d119	41.5865	OK
527	8	d1,d16,d27,d72,d76,d86,d95,d123	48.6072	OK
528	8	d14,d38,d48,d61,d66,d70,d76,d83	51.8712	OK
529	6	d6,d35,d75,d81,d103,d127	43.7253	OK
530	6	d9,d48,d66,d99,d103,d107	40.8293	OK
531	6	d43,d56,d76,d87,d91,d121	40.4333	OK
532	6	d24,d32,d46,d66,d75,d120	48.5348	OK
533	4	d22,d46,d56,d85	-	FROZEN_FAIL
534	4	d57,d78,d90,d107	56.9342	OK
535	4	d66,d75,d84,d95	46.4144	OK
536	4	d13,d30,d118,d120	55.8182	OK
537	8	d13,d18,d30,d49,d76,d97,d105,d120	44.4075	OK
538	8	d35,d36,d38,d51,d80,d87,d104,d117	40.9668	OK
539	8	d1,d14,d20,d45,d46,d80,d85,d124	44.9426	OK
540	8	d22,d33,d40,d43,d53,d70,d115,d125	59.8032	OK
541	6	d1,d98,d103,d109,d111,d122	49.5531	OK
542	6	d3,d9,d48,d51,d82,d95	23.4839	OK
543	6	d1,d4,d57,d63,d79,d88	51.6943	OK
544	6	d16,d26,d33,d42,d78,d98	54.8007	OK
545	4	d11,d74,d76,d116	32.9645	OK
546	4	d34,d86,d87,d111	52.2140	OK
547	4	d42,d48,d91,d125	43.8040	OK
548	4	d4,d57,d58,d103	46.7265	OK
549	8	d5,d9,d31,d33,d43,d54,d93,d96	37.4178	OK
550	8	d5,d12,d27,d29,d65,d97,d106,d113	38.6885	OK
551	8	d2,d31,d39,d52,d64,d77,d107,d121	29.0974	OK
552	8	d25,d26,d29,d30,d35,d69,d72,d107	42.2383	OK
553	6	d27,d50,d51,d67,d91,d127	-	TIMEOUT
554	6	d10,d41,d53,d75,d104,d127	44.9258	OK
555	6	d0,d3,d22,d60,d84,d123	36.6093	OK
556	6	d19,d23,d25,d28,d38,d126	48.5294	OK
557	4	d59,d65,d75,d116	41.0375	OK
558	4	d12,d25,d67,d118	35.8999	OK
559	4	d10,d44,d74,d92	31.6796	OK
560	4	d24,d29,d80,d109	52.0513	OK
561	8	d2,d11,d35,d43,d68,d84,d91,d112	-	TIMEOUT
562	8	d23,d29,d46,d69,d87,d95,d102,d116	41.6376	OK
563	8	d15,d28,d33,d40,d42,d98,d107,d122	49.0761	OK
564	8	d7,d26,d46,d91,d97,d106,d112,d123	35.6064	OK
565	6	d28,d33,d105,d112,d123,d124	42.4854	OK
566	6	d3,d11,d16,d57,d66,d80	40.8445	OK
567	6	d24,d63,d86,d88,d110,d123	-	FROZEN_FAIL
568	6	d2,d13,d38,d40,d98,d120	61.6963	OK
569	4	d19,d42,d125,d126	52.5537	OK
570	4	d61,d71,d82,d84	46.1643	OK
571	4	d12,d57,d96,d103	40.4973	OK
572	4	d20,d60,d113,d117	30.3220	OK
573	8	d4,d22,d26,d30,d80,d103,d114,d127	54.4447	OK
574	8	d0,d9,d23,d52,d77,d87,d105,d116	-	TIMEOUT
575	8	d13,d29,d57,d84,d93,d115,d116,d121	57.9172	OK
576	8	d0,d24,d27,d56,d74,d87,d90,d95	43.8754	OK
577	6	d11,d27,d35,d42,d104,d126	45.3671	OK
578	6	d30,d48,d50,d55,d65,d100	51.2104	OK
579	6	d11,d27,d48,d86,d106,d117	43.8322	OK
580	6	d1,d31,d34,d115,d117,d127	-	TIMEOUT
581	4	d12,d45,d110,d123	49.7949	OK
582	4	d26,d32,d44,d99	40.9893	OK
583	4	d63,d82,d98,d107	40.8788	OK
584	4	d70,d75,d87,d101	38.1706	OK
585	8	d34,d35,d51,d55,d76,d80,d105,d115	68.0032	OK
586	8	d29,d33,d45,d53,d74,d82,d88,d90	29.7844	OK
587	8	d3,d6,d27,d73,d97,d106,d108,d122	36.1798	OK
588	8	d13,d14,d37,d41,d51,d64,d68,d73	39.0261	OK
589	6	d8,d15,d37,d52,d75,d91	37.8724	OK
590	6	d26,d57,d60,d73,d99,d115	56.9639	OK
591	6	d12,d13,d80,d97,d99,d106	37.5198	OK
592	6	d3,d51,d57,d64,d94,d113	-	TIMEOUT
593	4	d49,d50,d75,d114	51.2619	OK
594	4	d19,d44,d45,d47	-	FROZEN_FAIL
595	4	d10,d30,d96,d109	33.7423	OK
596	4	d33,d41,d67,d71	25.3874	OK
597	8	d1,d10,d13,d39,d65,d82,d84,d119	41.0555	OK
598	8	d17,d18,d47,d56,d77,d81,d91,d125	45.2271	OK
599	8	d23,d40,d54,d56,d84,d89,d103,d106	45.1083	OK
600	8	d2,d29,d55,d75,d84,d88,d92,d121	23.7863	OK
601	6	d10,d61,d62,d82,d97,d114	45.2912	OK
602	6	d6,d29,d65,d72,d95,d98	46.8047	OK
603	6	d11,d49,d75,d82,d114,d124	30.7261	OK
604	6	d1,d16,d21,d24,d42,d53	-	TIMEOUT
605	4	d26,d52,d54,d108	34.3535	OK
606	4	d6,d18,d39,d111	38.9746	OK
607	4	d9,d22,d84,d117	33.1728	OK
608	4	d13,d18,d45,d64	50.2712	OK
609	8	d18,d58,d66,d99,d103,d104,d110,d115	53.8198	OK
610	8	d1,d4,d11,d16,d18,d30,d80,d99	44.3589	OK
611	8	d22,d27,d72,d74,d77,d91,d97,d112	35.3640	OK
612	8	d7,d34,d40,d56,d75,d100,d101,d121	37.7625	OK
613	6	d2,d10,d31,d36,d76,d95	55.2131	OK
614	6	d1,d21,d53,d78,d88,d100	-	TIMEOUT
615	6	d36,d41,d47,d54,d56,d105	42.0453	OK
616	6	d13,d29,d46,d49,d64,d118	48.3819	OK
617	4	d17,d18,d64,d74	48.3554	OK
618	4	d25,d50,d84,d124	29.6206	OK
619	4	d25,d32,d60,d91	37.1248	OK
620	4	d17,d49,d72,d81	-	TIMEOUT
621	8	d39,d78,d80,d84,d93,d109,d115,d124	60.1905	OK
622	8	d1,d43,d56,d63,d70,d80,d92,d111	-	FROZEN_FAIL
623	8	d34,d78,d84,d91,d114,d118,d122,d124	45.3531	OK
624	8	d19,d20,d27,d35,d44,d50,d67,d71	39.9428	OK
625	6	d4,d7,d9,d19,d54,d103	41.0932	OK
626	6	d38,d57,d66,d93,d100,d120	62.2928	OK
627	6	d23,d34,d74,d93,d101,d118	38.5393	OK
628	6	d2,d35,d40,d42,d61,d114	61.3339	OK
629	4	d37,d45,d91,d123	33.2169	OK
630	4	d10,d56,d59,d124	46.6839	OK
631	4	d16,d59,d67,d94	59.0709	OK
632	4	d10,d52,d92,d99	32.0941	OK
633	8	d10,d11,d26,d67,d70,d82,d116,d120	38.5407	OK
634	8	d19,d44,d57,d64,d90,d93,d96,d103	52.1732	OK
635	8	d1,d35,d42,d58,d88,d112,d123,d124	42.2296	OK
636	8	d19,d30,d38,d40,d47,d54,d71,d92	45.0649	OK
637	6	d29,d58,d84,d106,d122,d123	39.2120	OK
638	6	d5,d41,d53,d62,d105,d122	49.7002	OK
639	6	d10,d11,d32,d34,d37,d41	46.0323	OK
640	6	d4,d14,d42,d46,d66,d103	48.4351	OK
641	4	d21,d55,d72,d114	-	TIMEOUT
642	4	d43,d56,d120,d123	58.5307	OK
643	4	d36,d46,d67,d105	30.2145	OK
644	4	d17,d42,d87,d116	-	TIMEOUT
645	8	d4,d27,d33,d51,d58,d96,d98,d107	35.6308	OK
646	8	d9,d23,d24,d30,d38,d45,d121,d123	32.2218	OK
647	8	d0,d11,d33,d58,d94,d107,d109,d110	37.5645	OK
648	8	d25,d34,d65,d89,d97,d108,d122,d123	37.8191	OK
649	6	d21,d48,d59,d65,d72,d104	49.9238	OK
650	6	d1,d30,d52,d80,d96,d104	36.8175	OK
651	6	d27,d39,d64,d66,d92,d109	41.0042	OK
652	6	d52,d70,d93,d101,d105,d108	-	TIMEOUT
653	4	d45,d64,d94,d123	51.2420	OK
654	4	d35,d78,d88,d101	54.2864	OK
655	4	d30,d41,d58,d114	37.0817	OK
656	4	d25,d54,d86,d102	51.6045	OK
657	8	d1,d13,d23,d37,d41,d99,d111,d120	39.5454	OK
658	8	d9,d16,d20,d22,d56,d67,d94,d98	36.6946	OK
659	8	d2,d14,d44,d51,d73,d102,d112,d126	37.9651	OK
660	8	d8,d9,d43,d49,d59,d61,d73,d92	44.4912	OK
661	6	d0,d22,d40,d70,d90,d102	46.0487	OK
662	6	d3,d17,d23,d51,d101,d103	-	TIMEOUT
663	6	d49,d57,d70,d72,d88,d89	51.9058	OK
664	6	d1,d44,d66,d103,d104,d116	45.0395	OK
665	4	d18,d27,d75,d87	34.6780	OK
666	4	d29,d64,d65,d113	-	TIMEOUT
667	4	d62,d86,d96,d123	38.6853	OK
668	4	d7,d29,d117,d123	36.8351	OK
669	8	d17,d56,d58,d66,d80,d90,d97,d105	46.6747	OK
670	8	d2,d19,d23,d63,d67,d73,d87,d102	30.4724	OK
671	8	d45,d46,d48,d55,d68,d80,d90,d121	43.5071	OK
672	8	d51,d52,d58,d60,d61,d63,d67,d127	27.3889	OK
673	6	d20,d27,d30,d39,d91,d126	43.5255	OK
674	6	d1,d10,d80,d95,d123,d126	49.5040	OK
675	6	d46,d56,d70,d71,d101,d125	-	TIMEOUT
676	6	d8,d13,d32,d88,d108,d122	41.1555	OK
677	4	d30,d44,d100,d117	-	FROZEN_FAIL
678	4	d2,d3,d80,d117	59.0089	OK
679	4	d25,d53,d83,d97	40.1213	OK
680	4	d47,d66,d67,d92	29.7165	OK
681	8	d47,d60,d68,d87,d93,d108,d120,d127	50.9289	OK
682	8	d46,d53,d71,d93,d95,d102,d107,d115	-	TIMEOUT
683	8	d25,d33,d50,d58,d60,d69,d97,d110	33.2651	OK
684	8	d2,d34,d37,d38,d45,d107,d121,d127	41.8669	OK
685	6	d12,d64,d76,d80,d101,d124	59.1520	OK
686	6	d15,d25,d41,d55,d65,d121	49.0697	OK
687	6	d24,d65,d66,d85,d92,d115	58.5387	OK
688	6	d5,d31,d50,d88,d89,d105	55.8387	OK
689	4	d44,d72,d83,d90	-	TIMEOUT
690	4	d20,d97,d114,d124	48.3816	OK
691	4	d37,d42,d73,d118	44.0121	OK
692	4	d18,d86,d103,d107	49.4455	OK
693	8	d20,d41,d58,d68,d74,d80,d81,d87	38.9249	OK
694	8	d42,d47,d69,d92,d101,d105,d113,d115	-	TIMEOUT
695	8	d5,d20,d32,d42,d53,d60,d64,d101	50.6536	OK
696	8	d6,d13,d16,d21,d24,d26,d101,d121	57.7432	OK
697	6	d21,d26,d39,d67,d79,d99	37.0088	OK
698	6	d32,d33,d58,d63,d72,d113	39.1639	OK
699	6	d7,d8,d43,d83,d91,d121	32.2521	OK
700	6	d34,d45,d69,d113,d116,d119	45.4274	OK
701	4	d79,d88,d111,d123	52.6895	OK
702	4	d22,d58,d78,d113	40.1808	OK
703	4	d39,d66,d93,d105	56.9571	OK
704	4	d0,d2,d34,d77	62.3222	OK
705	8	d2,d73,d76,d88,d110,d120,d122,d125	45.9897	OK
706	8	d1,d48,d59,d74,d95,d101,d105,d111	38.9421	OK
707	8	d20,d41,d56,d63,d67,d96,d99,d108	28.7735	OK
708	8	d17,d46,d48,d61,d68,d69,d72,d105	63.8988	OK
709	6	d28,d34,d69,d74,d115,d116	61.3743	OK
710	6	d4,d12,d38,d48,d82,d125	44.1494	OK
711	6	d5,d26,d32,d47,d68,d72	-	TIMEOUT
712	6	d2,d3,d23,d38,d59,d112	-	TIMEOUT
713	4	d55,d87,d107,d126	49.9107	OK
714	4	d79,d95,d118,d127	-	TIMEOUT
715	4	d8,d20,d37,d84	40.0787	OK
716	4	d14,d18,d68,d100	43.6730	OK
717	8	d3,d31,d46,d49,d63,d64,d97,d120	42.9226	OK
718	8	d8,d24,d50,d53,d63,d98,d113,d117	60.6409	OK
719	8	d10,d31,d40,d64,d79,d82,d99,d121	32.0943	OK
720	8	d13,d28,d50,d55,d60,d76,d92,d123	38.4424	OK
721	6	d3,d30,d42,d70,d83,d111	54.7176	OK
722	6	d2,d10,d39,d62,d101,d121	36.9761	OK
723	6	d22,d23,d40,d63,d95,d127	49.6041	OK
724	6	d15,d27,d32,d39,d86,d91	47.1424	OK
725	4	d59,d81,d88,d124	44.9593	OK
726	4	d5,d49,d96,d112	42.5141	OK
727	4	d10,d34,d64,d91	-	FROZEN_FAIL
728	4	d75,d112,d124,d125	31.4759	OK
729	8	d17,d41,d47,d48,d70,d82,d89,d119	42.9384	OK
730	8	d0,d39,d67,d75,d93,d97,d115,d116	51.5764	OK
731	8	d4,d16,d47,d48,d61,d82,d93,d99	54.7630	OK
732	8	d17,d24,d28,d39,d72,d82,d104,d127	55.0035	OK
733	6	d8,d11,d27,d33,d45,d51	70.9694	OK
734	6	d8,d25,d49,d99,d124,d125	39.2949	OK
735	6	d3,d12,d18,d56,d65,d93	61.3894	OK
736	6	d15,d20,d53,d92,d119,d125	52.3286	OK
737	4	d14,d68,d94,d106	40.4751	OK
738	4	d10,d18,d19,d77	39.5429	OK
739	4	d24,d25,d55,d59	62.6508	OK
740	4	d48,d49,d63,d98	59.2832	OK
741	8	d26,d27,d42,d45,d91,d106,d109,d117	36.3201	OK
742	8	d40,d46,d80,d83,d86,d90,d102,d113	48.2307	OK
743	8	d54,d61,d65,d82,d95,d96,d105,d110	32.9459	OK
744	8	d0,d4,d8,d72,d92,d101,d114,d115	-	TIMEOUT
745	6	d1,d34,d54,d56,d76,d77	44.2021	OK
746	6	d5,d9,d24,d39,d70,d80	48.4227	OK
747	6	d35,d39,d67,d91,d93,d117	37.0929	OK
748	6	d23,d59,d63,d65,d76,d102	41.0398	OK
749	4	d19,d55,d83,d123	44.8605	OK
750	4	d24,d44,d76,d124	-	TIMEOUT
751	4	d9,d14,d20,d97	36.2449	OK
752	4	d85,d89,d106,d111	36.8759	OK
753	8	d2,d10,d13,d30,d58,d78,d81,d97	40.7956	OK
754	8	d12,d23,d38,d39,d56,d83,d100,d114	43.7578	OK
755	8	d21,d33,d37,d56,d74,d86,d100,d110	41.2758	OK
756	8	d12,d21,d33,d34,d67,d102,d111,d121	28.8371	OK
757	6	d50,d62,d63,d101,d123,d124	40.8379	OK
758	6	d18,d22,d28,d68,d82,d110	38.3262	OK
759	6	d48,d82,d89,d93,d105,d108	36.6568	OK
760	6	d6,d43,d78,d88,d89,d113	46.4192	OK
761	4	d11,d37,d59,d112	46.9648	OK
762	4	d21,d39,d51,d95	36.5527	OK
763	4	d13,d28,d37,d62	41.1980	OK
764	4	d3,d28,d73,d87	61.4371	OK
765	8	d5,d52,d53,d54,d78,d84,d115,d120	62.3743	OK
766	8	d4,d11,d36,d43,d65,d66,d96,d123	48.5585	OK
767	8	d2,d13,d15,d17,d51,d69,d72,d119	-	TIMEOUT
768	8	d4,d27,d59,d69,d74,d92,d98,d99	38.5318	OK
769	6	d22,d25,d47,d80,d97,d124	44.6907	OK
770	6	d5,d10,d50,d63,d78,d117	-	TIMEOUT
771	6	d4,d40,d85,d88,d100,d125	39.1745	OK
772	6	d15,d60,d65,d70,d77,d90	43.4084	OK
773	4	d7,d57,d71,d99	34.7590	OK
774	4	d35,d38,d87,d100	-	TIMEOUT
775	4	d22,d58,d97,d106	36.1297	OK
776	4	d39,d61,d79,d109	44.0294	OK
777	8	d33,d34,d35,d51,d52,d79,d84,d114	37.6666	OK
778	8	d7,d17,d30,d37,d40,d47,d81,d110	54.2818	OK
779	8	d27,d38,d48,d70,d77,d81,d105,d113	41.5857	OK
780	8	d6,d20,d33,d47,d59,d68,d91,d122	51.1960	OK
781	6	d34,d47,d95,d99,d120,d125	51.8169	OK
782	6	d8,d35,d41,d49,d57,d121	32.0040	OK
783	6	d3,d51,d56,d69,d104,d105	-	TIMEOUT
784	6	d16,d45,d52,d83,d112,d125	40.9703	OK
785	4	d63,d103,d109,d117	54.5617	OK
786	4	d10,d80,d97,d100	59.9128	OK
787	4	d9,d27,d115,d116	-	TIMEOUT
788	4	d10,d62,d99,d101	36.3665	OK
789	8	d12,d48,d73,d74,d77,d101,d112,d118	34.3715	OK
790	8	d13,d23,d36,d42,d75,d108,d115,d118	51.0539	OK
791	8	d6,d28,d34,d46,d82,d100,d105,d115	62.6050	OK
792	8	d23,d31,d41,d45,d51,d64,d82,d116	26.7766	OK
793	6	d21,d23,d29,d92,d98,d115	60.3024	OK
794	6	d11,d40,d43,d85,d96,d97	28.9687	OK
795	6	d13,d37,d38,d41,d45,d107	33.0274	OK
796	6	d30,d46,d73,d78,d79,d114	-	FROZEN_FAIL
797	4	d0,d33,d51,d64	-	TIMEOUT
798	4	d1,d3,d117,d127	-	TIMEOUT
799	4	d55,d60,d121,d126	48.9300	OK
800	4	d20,d104,d113,d116	50.5829	OK
801	8	d1,d12,d14,d37,d47,d53,d62,d71	47.9440	OK
802	8	d8,d9,d12,d22,d37,d76,d84,d89	34.8083	OK
803	8	d9,d27,d41,d45,d72,d92,d106,d116	25.9367	OK
804	8	d16,d17,d23,d76,d82,d94,d97,d109	41.5748	OK
805	6	d31,d34,d70,d74,d84,d120	29.8789	OK
806	6	d14,d22,d27,d53,d105,d123	48.7076	OK
807	6	d33,d66,d73,d81,d90,d109	42.7027	OK
808	6	d46,d49,d59,d74,d126,d127	47.3852	OK
809	4	d0,d6,d30,d119	-	TIMEOUT
810	4	d30,d53,d105,d106	50.1979	OK
811	4	d11,d54,d85,d89	48.9040	OK
812	4	d2,d51,d65,d72	-	TIMEOUT
813	8	d1,d17,d29,d76,d78,d82,d85,d87	41.5166	OK
814	8	d7,d44,d49,d84,d86,d101,d121,d122	38.8713	OK
815	8	d9,d34,d39,d85,d105,d117,d118,d123	40.6295	OK
816	8	d4,d14,d16,d53,d76,d80,d84,d90	46.4829	OK
817	6	d7,d38,d42,d71,d86,d96	35.1614	OK
818	6	d8,d29,d47,d78,d80,d99	47.8012	OK
819	6	d22,d60,d69,d95,d105,d127	45.9613	OK
820	6	d28,d44,d55,d77,d95,d115	-	TIMEOUT
821	4	d9,d23,d51,d113	-	TIMEOUT
822	4	d6,d39,d48,d123	45.7689	OK
823	4	d79,d83,d87,d123	54.3830	OK
824	4	d25,d33,d36,d52	40.3223	OK
825	8	d1,d9,d11,d22,d29,d79,d99,d117	35.8161	OK
826	8	d5,d11,d26,d53,d79,d82,d85,d119	40.2686	OK
827	8	d30,d49,d51,d69,d70,d73,d81,d112	40.6726	OK
828	8	d3,d26,d29,d38,d40,d52,d70,d89	43.0555	OK
829	6	d36,d43,d62,d69,d72,d81	37.9926	OK
830	6	d12,d18,d33,d79,d86,d113	55.2788	OK
831	6	d7,d12,d13,d27,d98,d120	47.7519	OK
832	6	d22,d45,d91,d100,d109,d114	43.3460	OK
833	4	d20,d50,d79,d85	-	TIMEOUT
834	4	d23,d24,d33,d119	41.9398	OK
835	4	d79,d116,d119,d120	-	TIMEOUT
836	4	d36,d57,d59,d66	49.4145	OK
837	8	d7,d46,d83,d84,d93,d100,d116,d124	38.4238	OK
838	8	d16,d28,d43,d72,d89,d118,d121,d122	41.0239	OK
839	8	d18,d26,d27,d32,d77,d83,d89,d103	40.1973	OK
840	8	d40,d61,d62,d98,d102,d105,d118,d123	50.6056	OK
841	6	d16,d53,d60,d87,d110,d111	46.6636	OK
842	6	d19,d29,d44,d83,d118,d124	43.5248	OK
843	6	d17,d24,d45,d78,d103,d113	-	TIMEOUT
844	6	d15,d23,d27,d83,d97,d126	43.7571	OK
845	4	d0,d35,d37,d55	49.6222	OK
846	4	d38,d74,d99,d115	62.0637	OK
847	4	d50,d52,d81,d114	38.7099	OK
848	4	d76,d77,d88,d111	-	TIMEOUT
849	8	d2,d13,d15,d22,d32,d75,d94,d103	-	TIMEOUT
850	8	d0,d7,d28,d60,d72,d91,d100,d110	35.9117	OK
851	8	d35,d44,d54,d81,d97,d103,d111,d121	36.5340	OK
852	8	d32,d34,d39,d48,d73,d92,d98,d106	44.5847	OK
853	6	d2,d4,d18,d36,d111,d124	37.2745	OK
854	6	d21,d34,d35,d106,d108,d116	38.7107	OK
855	6	d46,d90,d98,d108,d115,d116	62.3530	OK
856	6	d1,d47,d57,d60,d108,d127	33.2357	OK
857	4	d8,d68,d93,d105	-	TIMEOUT
858	4	d9,d28,d94,d123	40.6143	OK
859	4	d20,d36,d71,d123	40.0028	OK
860	4	d20,d22,d62,d119	53.3169	OK
861	8	d2,d13,d19,d79,d84,d87,d116,d120	45.5327	OK
862	8	d9,d42,d66,d74,d75,d77,d90,d107	29.2008	OK
863	8	d6,d13,d15,d43,d73,d74,d121,d124	36.0083	OK
864	8	d19,d21,d32,d33,d64,d65,d70,d71	46.4495	OK
865	6	d3,d28,d38,d44,d94,d114	60.8023	OK
866	6	d8,d44,d46,d60,d66,d124	35.5166	OK
867	6	d21,d37,d39,d87,d105,d126	44.1496	OK
868	6	d42,d53,d60,d88,d98,d112	47.6372	OK
869	4	d13,d29,d42,d67	33.1563	OK
870	4	d77,d102,d118,d121	28.6276	OK
871	4	d59,d97,d99,d121	35.0386	OK
872	4	d37,d67,d111,d121	24.3085	OK
873	8	d3,d10,d24,d73,d80,d90,d97,d114	50.3581	OK
874	8	d25,d65,d68,d69,d85,d100,d110,d118	48.0370	OK
875	8	d2,d3,d17,d46,d49,d61,d80,d86	69.3543	OK
876	8	d25,d26,d56,d64,d72,d89,d105,d114	55.7309	OK
877	6	d6,d8,d14,d23,d49,d55	46.8314	OK
878	6	d22,d30,d31,d33,d47,d96	33.7880	OK
879	6	d19,d28,d47,d64,d75,d119	-	TIMEOUT
880	6	d41,d65,d70,d82,d109,d116	38.9719	OK
881	4	d15,d18,d70,d97	55.6071	OK
882	4	d15,d66,d85,d99	45.6354	OK
883	4	d17,d45,d67,d112	49.7283	OK
884	4	d45,d51,d100,d125	29.4254	OK
885	8	d26,d27,d36,d55,d66,d110,d113,d125	38.5125	OK
886	8	d0,d4,d8,d18,d38,d64,d114,d127	54.3422	OK
887	8	d0,d9,d38,d68,d84,d99,d100,d125	38.6111	OK
888	8	d0,d17,d57,d98,d103,d111,d122,d123	68.3132	OK
889	6	d14,d31,d77,d85,d91,d102	32.4224	OK
890	6	d20,d23,d74,d87,d93,d117	42.8252	OK
891	6	d10,d45,d48,d51,d76,d98	38.8955	OK
892	6	d21,d27,d91,d99,d112,d124	37.2449	OK
893	4	d9,d35,d48,d49	47.9609	OK
894	4	d6,d61,d99,d125	44.3168	OK
895	4	d16,d78,d115,d127	-	TIMEOUT
896	4	d4,d9,d14,d86	45.2897	OK
897	8	d10,d30,d38,d54,d59,d86,d103,d117	51.5491	OK
898	8	d4,d9,d11,d18,d36,d62,d120,d125	32.8162	OK
899	8	d3,d12,d24,d33,d43,d44,d78,d116	-	FROZEN_FAIL
900	8	d16,d27,d29,d51,d56,d86,d109,d127	43.6083	OK
901	6	d30,d35,d54,d82,d83,d102	33.0469	OK
902	6	d11,d16,d30,d44,d70,d85	-	FROZEN_FAIL
903	6	d36,d42,d43,d94,d106,d112	47.3136	OK
904	6	d10,d25,d34,d40,d62,d96	35.9499	OK
905	4	d1,d4,d20,d124	49.7355	OK
906	4	d1,d22,d45,d72	-	TIMEOUT
907	4	d32,d52,d106,d121	35.7770	OK
908	4	d36,d69,d105,d115	71.5204	OK
909	8	d9,d22,d44,d46,d61,d77,d89,d127	45.9713	OK
910	8	d1,d24,d30,d49,d56,d60,d92,d107	37.6326	OK
911	8	d13,d28,d38,d49,d53,d70,d118,d121	-	TIMEOUT
912	8	d11,d13,d40,d45,d53,d72,d93,d127	53.4898	OK
913	6	d11,d26,d64,d85,d111,d116	47.1084	OK
914	6	d7,d13,d29,d40,d45,d124	36.9186	OK
915	6	d18,d50,d60,d83,d107,d113	37.2099	OK
916	6	d25,d28,d58,d60,d83,d105	38.1748	OK
917	4	d18,d51,d56,d96	31.8032	OK
918	4	d13,d111,d120,d124	54.7738	OK
919	4	d37,d45,d55,d116	-	TIMEOUT
920	4	d34,d95,d99,d117	39.0284	OK
921	8	d8,d15,d32,d49,d51,d69,d85,d91	-	TIMEOUT
922	8	d28,d34,d43,d71,d87,d107,d117,d119	46.3518	OK
923	8	d22,d40,d43,d56,d58,d75,d105,d125	37.3987	OK
924	8	d3,d55,d63,d71,d83,d109,d118,d121	35.7484	OK
925	6	d1,d11,d38,d56,d106,d111	45.9270	OK
926	6	d8,d10,d100,d108,d120,d122	41.5490	OK
927	6	d3,d21,d25,d61,d115,d126	53.1150	OK
928	6	d33,d55,d61,d75,d91,d104	-	FROZEN_FAIL
929	4	d4,d23,d78,d122	56.7901	OK
930	4	d6,d41,d116,d117	35.1315	OK
931	4	d35,d47,d103,d118	67.4260	OK
932	4	d0,d18,d94,d118	48.4156	OK
933	8	d8,d20,d53,d69,d75,d85,d98,d109	46.8865	OK
934	8	d10,d13,d14,d28,d85,d93,d98,d119	45.6852	OK
935	8	d17,d29,d35,d44,d52,d61,d85,d93	54.0091	OK
936	8	d53,d57,d68,d70,d82,d90,d108,d122	46.4236	OK
937	6	d13,d16,d88,d95,d115,d124	-	TIMEOUT
938	6	d16,d31,d74,d94,d115,d120	59.5771	OK
939	6	d20,d22,d45,d48,d100,d117	49.0777	OK
940	6	d19,d27,d28,d42,d70,d73	49.8122	OK
941	4	d37,d38,d52,d127	38.9781	OK
942	4	d5,d33,d75,d106	40.4582	OK
943	4	d88,d107,d113,d121	33.1942	OK
944	4	d5,d16,d48,d74	51.6220	OK
945	8	d5,d59,d83,d85,d87,d105,d113,d124	43.8644	OK
946	8	d33,d43,d58,d66,d77,d78,d117,d123	36.5973	OK
947	8	d12,d37,d42,d72,d73,d90,d95,d116	-	TIMEOUT
948	8	d10,d29,d39,d41,d44,d46,d60,d73	34.3738	OK
949	6	d32,d47,d66,d81,d94,d112	38.6505	OK
950	6	d8,d37,d52,d81,d88,d95	33.8448	OK
951	6	d6,d31,d41,d77,d103,d114	44.0695	OK
952	6	d1,d37,d39,d81,d117,d127	36.8044	OK
953	4	d74,d75,d84,d121	25.7589	OK
954	4	d28,d37,d86,d113	-	TIMEOUT
955	4	d10,d29,d35,d122	43.8694	OK
956	4	d6,d56,d78,d102	40.1247	OK
957	8	d14,d23,d49,d56,d71,d83,d91,d114	46.2656	OK
958	8	d5,d21,d22,d49,d50,d100,d114,d125	-	TIMEOUT
959	8	d14,d37,d81,d92,d94,d98,d101,d109	39.0532	OK
960	8	d3,d22,d72,d78,d88,d89,d95,d114	-	TIMEOUT
961	6	d41,d55,d73,d106,d108,d113	38.7860	OK
962	6	d22,d35,d36,d53,d77,d106	47.1177	OK
963	6	d1,d16,d22,d85,d96,d121	50.1301	OK
964	6	d35,d44,d69,d104,d106,d118	45.8542	OK
965	4	d47,d51,d74,d97	23.9469	OK
966	4	d10,d77,d125,d126	48.5868	OK
967	4	d0,d6,d57,d118	-	TIMEOUT
968	4	d39,d67,d76,d120	42.7870	OK
969	8	d7,d30,d31,d45,d62,d73,d106,d125	34.7483	OK
970	8	d17,d66,d70,d92,d111,d121,d123,d126	45.7188	OK
971	8	d4,d14,d30,d37,d41,d66,d81,d95	35.0959	OK
972	8	d13,d34,d41,d69,d91,d92,d107,d118	36.1395	OK
973	6	d12,d19,d46,d49,d74,d91	35.5470	OK
974	6	d24,d42,d69,d77,d80,d82	47.0336	OK
975	6	d3,d24,d35,d36,d90,d92	39.8277	OK
976	6	d41,d72,d87,d95,d105,d124	41.0365	OK
977	4	d26,d39,d55,d56	45.3114	OK
978	4	d29,d48,d106,d117	40.2565	OK
979	4	d4,d19,d29,d33	37.0390	OK
980	4	d79,d89,d92,d122	61.6548	OK
981	8	d7,d30,d35,d44,d56,d77,d87,d113	44.6440	OK
982	8	d20,d32,d33,d36,d53,d58,d78,d108	35.4233	OK
983	8	d4,d10,d19,d27,d28,d50,d110,d123	-	TIMEOUT
984	8	d8,d11,d15,d16,d30,d64,d77,d120	55.7030	OK
985	6	d2,d24,d31,d47,d51,d52	-	TIMEOUT
986	6	d7,d23,d37,d71,d89,d90	38.5060	OK
987	6	d3,d17,d25,d41,d55,d61	58.9822	OK
988	6	d1,d25,d43,d49,d54,d72	43.7753	OK
989	4	d47,d93,d112,d121	-	TIMEOUT
990	4	d27,d46,d90,d97	-	FROZEN_FAIL
991	4	d54,d58,d104,d108	38.4084	OK
992	4	d28,d31,d80,d119	-	TIMEOUT
993	8	d10,d21,d28,d34,d73,d83,d92,d126	36.3619	OK
994	8	d29,d57,d72,d79,d98,d113,d116,d126	47.1393	OK
995	8	d17,d45,d48,d74,d94,d104,d109,d121	36.4212	OK
996	8	d3,d21,d26,d30,d36,d101,d112,d125	39.9286	OK
997	6	d16,d26,d43,d93,d101,d102	47.9458	OK
998	6	d31,d50,d51,d59,d86,d103	48.1912	OK
999	6	d69,d71,d91,d102,d108,d127	31.4895	OK
1000	6	d37,d71,d103,d116,d121,d124	23.8882	OK
1001	4	d27,d31,d64,d125	51.5446	OK
1002	4	d7,d34,d59,d127	48.0571	OK
1003	4	d13,d17,d25,d127	66.1878	OK
1004	4	d6,d45,d83,d97	-	TIMEOUT
1005	8	d19,d24,d39,d51,d75,d77,d119,d126	46.0242	OK
1006	8	d4,d8,d30,d66,d87,d110,d125,d127	48.0849	OK
1007	8	d8,d9,d80,d96,d98,d113,d115,d117	53.9853	OK
1008	8	d34,d42,d45,d77,d79,d99,d110,d125	42.4637	OK
1009	6	d28,d40,d120,d121,d124,d125	39.0327	OK
1010	6	d14,d67,d90,d96,d100,d126	35.6241	OK
1011	6	d7,d11,d15,d32,d72,d82	41.1974	OK
1012	6	d6,d24,d87,d89,d93,d97	52.4729	OK
1013	4	d88,d91,d105,d109	35.1438	OK
1014	4	d14,d62,d63,d89	47.6406	OK
1015	4	d16,d21,d60,d79	-	TIMEOUT
1016	4	d29,d43,d78,d86	48.0112	OK
1017	8	d5,d9,d68,d83,d107,d108,d117,d120	37.7594	OK
1018	8	d5,d25,d52,d81,d82,d96,d99,d125	27.7661	OK
1019	8	d19,d42,d51,d76,d86,d93,d111,d127	50.3980	OK
1020	8	d12,d23,d54,d57,d67,d73,d76,d102	32.4794	OK
1021	6	d17,d24,d69,d86,d109,d121	60.1550	OK
1022	6	d19,d53,d76,d77,d88,d110	45.2338	OK
1023	6	d51,d64,d80,d102,d106,d116	34.0008	OK
1024	6	d4,d46,d47,d54,d119,d127	49.9671	OK
1025	4	d15,d51,d68,d111	-	TIMEOUT
1026	4	d37,d61,d93,d118	57.0346	OK
1027	4	d38,d76,d105,d111	60.0640	OK
1028	4	d16,d52,d81,d105	-	TIMEOUT
1029	8	d29,d41,d60,d61,d65,d68,d73,d103	44.2410	OK
1030	8	d7,d38,d49,d62,d79,d111,d118,d124	36.4070	OK
1031	8	d7,d9,d34,d40,d51,d66,d69,d108	31.5924	OK
1032	8	d5,d10,d14,d21,d45,d71,d80,d124	49.3575	OK
1033	6	d16,d23,d76,d93,d101,d104	57.9028	OK
1034	6	d28,d30,d35,d60,d64,d127	46.9855	OK
1035	6	d23,d31,d60,d80,d84,d99	29.2511	OK
1036	6	d27,d36,d44,d55,d60,d108	34.0349	OK
1037	4	d54,d70,d104,d112	44.8890	OK
1038	4	d14,d65,d95,d125	-	TIMEOUT
1039	4	d28,d81,d108,d121	24.3061	OK
1040	4	d37,d63,d71,d92	31.5002	OK
1041	8	d5,d8,d13,d61,d64,d78,d94,d121	51.6573	OK
1042	8	d2,d31,d60,d79,d92,d98,d99,d113	37.5071	OK
1043	8	d23,d41,d53,d60,d65,d76,d77,d100	35.4623	OK
1044	8	d8,d20,d70,d81,d104,d112,d120,d125	49.0483	OK
1045	6	d25,d41,d66,d85,d105,d108	24.8062	OK
1046	6	d7,d16,d83,d90,d107,d116	38.0996	OK
1047	6	d0,d13,d34,d47,d102,d113	51.2279	OK
1048	6	d21,d28,d40,d51,d78,d80	48.4586	OK
1049	4	d33,d63,d81,d105	41.4990	OK
1050	4	d34,d66,d115,d122	68.5107	OK
1051	4	d44,d50,d72,d83	-	TIMEOUT
1052	4	d21,d46,d94,d106	40.5922	OK
1053	8	d5,d22,d50,d57,d58,d96,d100,d118	36.7613	OK
1054	8	d12,d22,d38,d43,d66,d67,d102,d109	40.1428	OK
1055	8	d3,d30,d43,d57,d94,d111,d116,d126	42.2735	OK
1056	8	d33,d48,d52,d68,d73,d97,d110,d126	36.1783	OK
1057	6	d46,d48,d52,d55,d72,d107	48.1106	OK
1058	6	d7,d37,d60,d67,d74,d104	21.9441	OK
1059	6	d2,d21,d63,d94,d115,d117	-	TIMEOUT
1060	6	d34,d54,d82,d98,d101,d120	48.9752	OK
1061	4	d18,d24,d65,d108	42.2710	OK
1062	4	d13,d15,d60,d85	42.0423	OK
1063	4	d1,d11,d90,d120	52.2289	OK
1064	4	d64,d77,d97,d101	38.4032	OK
1065	8	d10,d33,d43,d45,d66,d86,d94,d126	47.0695	OK
1066	8	d22,d29,d33,d36,d66,d81,d110,d119	33.7020	OK
1067	8	d11,d32,d71,d72,d80,d92,d110,d127	-	TIMEOUT
1068	8	d13,d38,d42,d67,d80,d111,d112,d125	45.4561	OK
1069	6	d9,d13,d38,d46,d48,d58	37.4858	OK
1070	6	d29,d41,d66,d111,d119,d120	42.7364	OK
1071	6	d10,d91,d113,d117,d124,d126	39.5767	OK
1072	6	d23,d28,d31,d37,d89,d126	40.5019	OK
1073	4	d43,d46,d52,d72	59.6209	OK
1074	4	d1,d46,d54,d69	54.4715	OK
1075	4	d19,d63,d106,d127	39.6371	OK
1076	4	d6,d24,d72,d84	53.5068	OK
1077	8	d7,d20,d27,d31,d39,d82,d95,d100	30.1861	OK
1078	8	d1,d11,d68,d84,d115,d116,d117,d122	-	TIMEOUT
1079	8	d12,d14,d18,d33,d54,d72,d82,d83	37.4844	OK
1080	8	d5,d22,d23,d45,d61,d65,d97,d102	38.9715	OK
1081	6	d39,d41,d53,d72,d99,d103	39.3168	OK
1082	6	d30,d33,d76,d79,d110,d125	-	FROZEN_FAIL
1083	6	d24,d51,d91,d94,d114,d125	-	TIMEOUT
1084	6	d23,d68,d94,d99,d108,d121	34.4379	OK
1085	4	d23,d47,d109,d111	51.4931	OK
1086	4	d10,d57,d87,d118	54.4897	OK
1087	4	d21,d39,d74,d126	43.4188	OK
1088	4	d20,d111,d119,d122	48.1583	OK
1089	8	d12,d19,d32,d38,d63,d75,d76,d109	43.5935	OK
1090	8	d11,d24,d27,d64,d90,d105,d108,d118	45.4203	OK
1091	8	d4,d20,d29,d45,d46,d65,d100,d118	46.3602	OK
1092	8	d11,d21,d67,d76,d80,d106,d115,d116	53.8325	OK
1093	6	d20,d27,d47,d54,d66,d87	46.2903	OK
1094	6	d1,d3,d4,d29,d101,d111	52.8594	OK
1095	6	d43,d77,d103,d117,d122,d124	44.9101	OK
1096	6	d22,d32,d34,d77,d92,d101	-	TIMEOUT
1097	4	d3,d4,d28,d48	42.4115	OK
1098	4	d6,d48,d53,d123	47.6457	OK
1099	4	d37,d48,d61,d111	39.5038	OK
1100	4	d22,d37,d77,d118	42.9972	OK
1101	8	d5,d29,d39,d42,d108,d113,d121,d124	37.8377	OK
1102	8	d5,d13,d51,d62,d75,d100,d115,d120	61.4425	OK
1103	8	d2,d9,d26,d74,d85,d106,d110,d126	37.4438	OK
1104	8	d4,d15,d16,d59,d80,d102,d108,d124	41.7875	OK
1105	6	d29,d68,d88,d106,d121,d126	37.1237	OK
1106	6	d5,d41,d49,d73,d111,d114	53.1752	OK
1107	6	d56,d59,d86,d88,d112,d120	51.9942	OK
1108	6	d33,d75,d92,d99,d106,d119	34.0235	OK
1109	4	d41,d53,d72,d120	53.5769	OK
1110	4	d22,d33,d44,d123	48.6266	OK
1111	4	d25,d40,d51,d125	38.8429	OK
1112	4	d60,d77,d106,d126	43.5191	OK
1113	8	d4,d8,d12,d40,d44,d53,d66,d91	46.5568	OK
1114	8	d16,d29,d30,d57,d58,d86,d110,d124	50.0974	OK
1115	8	d11,d12,d26,d38,d66,d68,d87,d90	50.3586	OK
1116	8	d10,d26,d27,d28,d30,d42,d112,d117	-	TIMEOUT
1117	6	d40,d52,d74,d92,d113,d127	37.3479	OK
1118	6	d25,d31,d35,d39,d85,d93	52.9642	OK
1119	6	d1,d51,d62,d106,d112,d121	26.6683	OK
1120	6	d21,d43,d68,d73,d87,d95	54.6437	OK
1121	4	d38,d62,d92,d106	37.2044	OK
1122	4	d35,d58,d107,d109	37.9107	OK
1123	4	d92,d104,d105,d117	66.9230	OK
1124	4	d2,d7,d37,d113	38.5482	OK
1125	8	d15,d17,d21,d42,d80,d86,d102,d111	62.3081	OK
1126	8	d9,d14,d38,d75,d77,d100,d102,d107	31.4535	OK
1127	8	d2,d37,d52,d71,d80,d88,d103,d114	54.6555	OK
1128	8	d9,d21,d50,d77,d85,d88,d103,d113	40.4952	OK
1129	6	d23,d32,d54,d72,d79,d99	42.5262	OK
1130	6	d5,d7,d40,d61,d66,d87	61.2965	OK
1131	6	d15,d28,d66,d77,d95,d108	45.8089	OK
1132	6	d1,d12,d31,d76,d90,d114	50.5607	OK
1133	4	d59,d60,d86,d116	48.5511	OK
1134	4	d35,d72,d76,d89	57.7764	OK
1135	4	d26,d63,d83,d96	32.1799	OK
1136	4	d25,d49,d92,d116	-	TIMEOUT
1137	8	d15,d20,d23,d33,d37,d105,d108,d121	36.0231	OK
1138	8	d19,d54,d67,d94,d101,d103,d114,d127	38.1825	OK
1139	8	d32,d36,d41,d106,d108,d112,d124,d125	31.7685	OK
1140	8	d8,d30,d33,d40,d54,d116,d117,d121	35.2784	OK
1141	6	d10,d28,d30,d74,d94,d104	38.7420	OK
1142	6	d30,d39,d75,d77,d78,d95	33.8003	OK
1143	6	d7,d12,d36,d78,d107,d124	32.2511	OK
1144	6	d0,d31,d46,d55,d72,d125	60.5697	OK
1145	4	d11,d17,d89,d106	48.6091	OK
1146	4	d79,d86,d115,d123	72.3459	OK
1147	4	d33,d35,d96,d121	29.1507	OK
1148	4	d38,d114,d115,d117	-	TIMEOUT
1149	8	d11,d22,d59,d83,d86,d99,d101,d104	42.2573	OK
1150	8	d6,d21,d22,d31,d42,d71,d79,d113	76.8471	OK
1151	8	d4,d13,d30,d46,d48,d49,d70,d121	41.2426	OK
1152	8	d11,d21,d52,d62,d82,d102,d113,d125	35.7281	OK
1153	6	d5,d6,d46,d87,d106,d111	44.8135	OK
1154	6	d23,d25,d29,d65,d81,d97	36.2008	OK
1155	6	d22,d36,d43,d46,d65,d73	43.7370	OK
1156	6	d15,d39,d43,d78,d83,d104	47.6500	OK
1157	4	d6,d14,d46,d76	50.2137	OK
1158	4	d25,d36,d81,d99	36.3766	OK
1159	4	d66,d82,d96,d105	33.0643	OK
1160	4	d13,d30,d51,d61	-	TIMEOUT
1161	8	d15,d29,d60,d68,d81,d98,d118,d126	46.5678	OK
1162	8	d4,d7,d16,d25,d59,d68,d104,d123	58.8709	OK
1163	8	d21,d32,d36,d52,d63,d77,d104,d114	40.9558	OK
1164	8	d0,d10,d43,d62,d95,d108,d115,d118	61.7782	OK
1165	6	d0,d15,d42,d69,d74,d123	51.1921	OK
1166	6	d11,d54,d64,d72,d89,d97	46.2184	OK
1167	6	d17,d22,d31,d41,d76,d101	-	FROZEN_FAIL
1168	6	d35,d53,d71,d81,d87,d110	48.7892	OK
1169	4	d62,d66,d69,d115	69.5742	OK
1170	4	d53,d82,d87,d117	43.8117	OK
1171	4	d0,d4,d34,d84	51.6262	OK
1172	4	d1,d2,d44,d121	48.8314	OK
1173	8	d7,d19,d20,d31,d100,d105,d113,d125	40.4095	OK
1174	8	d2,d31,d45,d90,d91,d96,d99,d118	32.6601	OK
1175	8	d2,d5,d49,d56,d71,d91,d94,d113	-	FROZEN_FAIL
1176	8	d9,d23,d49,d56,d59,d77,d92,d126	34.7323	OK
1177	6	d1,d50,d53,d71,d101,d126	47.4145	OK
1178	6	d28,d43,d44,d49,d71,d126	46.7609	OK
1179	6	d16,d32,d49,d58,d66,d70	38.5421	OK
1180	6	d0,d5,d13,d64,d109,d116	55.5721	OK
1181	4	d70,d82,d104,d110	38.5169	OK
1182	4	d31,d92,d119,d126	56.0331	OK
1183	4	d11,d12,d57,d71	69.9036	OK
1184	4	d1,d80,d107,d114	55.4143	OK
1185	8	d6,d19,d20,d49,d57,d85,d100,d108	47.8006	OK
1186	8	d7,d16,d24,d42,d50,d63,d79,d84	60.7593	OK
1187	8	d6,d27,d63,d64,d85,d110,d121,d122	39.6933	OK
1188	8	d13,d18,d24,d60,d61,d85,d87,d112	41.3566	OK
1189	6	d8,d15,d21,d31,d96,d114	40.1705	OK
1190	6	d14,d15,d16,d32,d80,d113	51.4283	OK
1191	6	d13,d14,d16,d26,d77,d110	45.1601	OK
1192	6	d24,d59,d75,d97,d102,d105	42.1839	OK
1193	4	d2,d98,d116,d118	49.7000	OK
1194	4	d6,d25,d86,d109	50.5642	OK
1195	4	d27,d49,d84,d116	-	TIMEOUT
1196	4	d3,d17,d26,d49	73.9783	OK
1197	8	d32,d47,d62,d65,d90,d107,d113,d123	47.7731	OK
1198	8	d11,d15,d32,d35,d37,d79,d91,d111	44.5314	OK
1199	8	d2,d14,d37,d74,d79,d87,d94,d120	38.8121	OK
1200	8	d13,d17,d50,d51,d60,d87,d88,d108	36.6004	OK
1201	6	d48,d76,d84,d85,d119,d121	32.6251	OK
1202	6	d10,d26,d41,d84,d107,d116	37.5496	OK
1203	6	d0,d56,d57,d58,d119,d126	57.0231	OK
1204	6	d52,d54,d61,d84,d96,d123	42.1403	OK
1205	4	d1,d47,d92,d102	32.8257	OK
1206	4	d2,d7,d18,d91	46.2703	OK
1207	4	d29,d36,d74,d112	32.9094	OK
1208	4	d7,d11,d49,d92	35.6670	OK
1209	8	d44,d45,d50,d56,d62,d67,d72,d86	42.7332	OK
1210	8	d5,d25,d28,d35,d45,d50,d67,d97	38.0635	OK
1211	8	d43,d53,d61,d78,d86,d94,d95,d116	57.4117	OK
1212	8	d16,d30,d33,d36,d48,d49,d96,d111	38.3776	OK
1213	6	d11,d48,d62,d81,d95,d109	39.5195	OK
1214	6	d13,d38,d63,d71,d75,d83	42.7397	OK
1215	6	d16,d20,d32,d53,d120,d125	66.4667	OK
1216	6	d42,d45,d95,d99,d118,d127	41.7428	OK
1217	4	d82,d95,d123,d126	51.7947	OK
1218	4	d9,d68,d102,d121	28.3358	OK
1219	4	d51,d53,d56,d115	-	TIMEOUT
1220	4	d55,d60,d78,d101	-	TIMEOUT
1221	8	d21,d34,d40,d65,d75,d95,d96,d108	36.8472	OK
1222	8	d10,d58,d86,d90,d109,d113,d115,d119	57.5174	OK
1223	8	d69,d81,d94,d97,d104,d110,d119,d127	42.9884	OK
1224	8	d6,d19,d21,d45,d59,d67,d91,d113	35.2061	OK
1225	6	d20,d25,d30,d58,d70,d75	46.2053	OK
1226	6	d9,d18,d50,d51,d85,d92	29.1166	OK
1227	6	d35,d48,d64,d70,d77,d84	46.0536	OK
1228	6	d2,d66,d72,d76,d88,d103	55.4600	OK
1229	4	d3,d38,d103,d120	66.3250	OK
1230	4	d53,d58,d101,d121	42.5084	OK
1231	4	d59,d87,d118,d119	-	TIMEOUT
1232	4	d21,d48,d80,d109	47.2469	OK
1233	8	d7,d32,d35,d53,d95,d106,d112,d115	50.3300	OK
1234	8	d2,d57,d78,d86,d90,d107,d108,d127	50.2159	OK
1235	8	d5,d8,d35,d39,d76,d83,d84,d103	45.2394	OK
1236	8	d16,d27,d48,d52,d97,d98,d100,d121	36.7149	OK
1237	6	d23,d26,d43,d77,d84,d115	-	TIMEOUT
1238	6	d6,d8,d45,d47,d50,d125	50.5374	OK
1239	6	d17,d52,d59,d72,d74,d98	46.9169	OK
1240	6	d2,d14,d17,d43,d94,d116	54.9826	OK
1241	4	d40,d83,d100,d105	43.0024	OK
1242	4	d28,d33,d107,d122	44.0113	OK
1243	4	d17,d33,d52,d99	42.7191	OK
1244	4	d52,d79,d110,d121	37.2206	OK
1245	8	d1,d36,d40,d51,d70,d79,d114,d117	35.4011	OK
1246	8	d10,d16,d63,d84,d102,d117,d118,d125	39.6687	OK
1247	8	d23,d44,d73,d76,d88,d100,d106,d116	40.8115	OK
1248	8	d24,d45,d46,d63,d98,d100,d110,d117	51.3983	OK
1249	6	d11,d17,d40,d61,d70,d74	53.9963	OK
1250	6	d19,d31,d55,d94,d105,d126	45.6252	OK
1251	6	d26,d42,d64,d83,d104,d115	-	TIMEOUT
1252	6	d6,d11,d18,d53,d97,d118	46.8384	OK
1253	4	d49,d87,d101,d102	33.3937	OK
1254	4	d2,d9,d29,d64	-	TIMEOUT
1255	4	d34,d83,d118,d124	45.9277	OK
1256	4	d17,d21,d62,d118	-	FROZEN_FAIL
1257	8	d4,d25,d35,d41,d43,d71,d112,d120	38.5788	OK
1258	8	d2,d19,d31,d43,d45,d69,d75,d100	29.7604	OK
1259	8	d8,d12,d39,d45,d55,d91,d112,d113	41.2786	OK
1260	8	d1,d12,d13,d26,d78,d96,d99,d113	35.3586	OK
1261	6	d4,d23,d51,d61,d63,d95	49.2366	OK
1262	6	d3,d7,d16,d49,d86,d107	49.8339	OK
1263	6	d11,d24,d27,d42,d56,d106	43.4386	OK
1264	6	d48,d53,d82,d83,d101,d109	34.7887	OK
1265	4	d27,d30,d54,d59	44.8302	OK
1266	4	d3,d44,d82,d91	44.1622	OK
1267	4	d3,d80,d99,d102	36.5178	OK
1268	4	d16,d54,d56,d117	47.7315	OK
1269	8	d11,d17,d55,d71,d77,d94,d105,d127	52.0346	OK
1270	8	d24,d26,d34,d43,d64,d83,d85,d99	41.0949	OK
1271	8	d4,d17,d44,d81,d85,d97,d114,d123	44.7785	OK
1272	8	d3,d5,d31,d59,d60,d62,d79,d109	39.7917	OK
1273	6	d15,d20,d35,d75,d95,d127	57.7593	OK
1274	6	d9,d38,d51,d52,d60,d96	23.0821	OK
1275	6	d10,d34,d71,d81,d84,d113	35.8617	OK
1276	6	d6,d58,d73,d84,d87,d106	43.6580	OK
1277	4	d13,d52,d62,d63	46.5809	OK
1278	4	d46,d56,d82,d97	40.5412	OK
1279	4	d1,d16,d113,d125	-	TIMEOUT
1280	4	d13,d17,d36,d49	67.1763	OK
1281	8	d20,d23,d32,d44,d52,d60,d109,d119	35.0265	OK
1282	8	d42,d45,d50,d62,d63,d77,d79,d108	-	TIMEOUT
1283	8	d20,d51,d69,d73,d92,d101,d114,d123	-	TIMEOUT
1284	8	d39,d42,d96,d108,d110,d112,d120,d123	35.7378	OK
1285	6	d5,d21,d39,d76,d97,d109	44.3457	OK
1286	6	d44,d65,d78,d97,d116,d118	41.5173	OK
1287	6	d18,d34,d72,d85,d96,d123	36.5710	OK
1288	6	d1,d3,d39,d48,d50,d120	38.6869	OK
1289	4	d95,d103,d106,d125	60.5747	OK
1290	4	d95,d98,d101,d125	74.5804	OK
1291	4	d9,d18,d78,d104	44.6887	OK
1292	4	d31,d41,d49,d98	57.2576	OK
1293	8	d14,d65,d89,d94,d98,d108,d111,d125	46.3883	OK
1294	8	d7,d8,d37,d62,d63,d66,d92,d122	35.9565	OK
1295	8	d3,d23,d29,d37,d41,d63,d65,d116	34.8407	OK
1296	8	d20,d42,d48,d64,d98,d101,d108,d109	42.2755	OK
1297	6	d22,d27,d77,d78,d97,d105	-	TIMEOUT
1298	6	d36,d53,d68,d78,d88,d101	38.8550	OK
1299	6	d0,d1,d17,d24,d43,d125	71.4479	OK
1300	6	d43,d45,d73,d95,d106,d110	36.6338	OK
1301	4	d34,d47,d50,d124	-	TIMEOUT
1302	4	d28,d46,d54,d115	-	TIMEOUT
1303	4	d15,d46,d47,d51	-	TIMEOUT
1304	4	d49,d66,d104,d112	40.2019	OK
1305	8	d20,d21,d27,d31,d42,d70,d75,d96	33.0857	OK
1306	8	d2,d7,d16,d25,d60,d87,d122,d124	34.9328	OK
1307	8	d1,d10,d15,d24,d54,d68,d96,d124	42.6471	OK
1308	8	d61,d80,d86,d87,d92,d94,d109,d121	43.1503	OK
1309	6	d14,d25,d84,d91,d96,d102	30.6785	OK
1310	6	d0,d6,d31,d35,d102,d116	41.3802	OK
1311	6	d63,d71,d94,d105,d115,d121	-	TIMEOUT
1312	6	d0,d4,d11,d48,d82,d92	42.6591	OK
1313	4	d59,d83,d113,d124	55.9185	OK
1314	4	d20,d89,d102,d109	46.5055	OK
1315	4	d25,d75,d98,d121	44.9179	OK
1316	4	d8,d32,d36,d49	45.3679	OK
1317	8	d22,d29,d43,d77,d114,d119,d123,d127	44.2202	OK
1318	8	d7,d22,d27,d43,d54,d61,d62,d111	39.8565	OK
1319	8	d31,d41,d56,d65,d71,d83,d98,d121	35.7055	OK
1320	8	d16,d23,d34,d57,d85,d87,d96,d125	40.5758	OK
1321	6	d29,d57,d59,d66,d97,d111	40.1782	OK
1322	6	d22,d28,d29,d48,d74,d87	35.4808	OK
1323	6	d0,d32,d79,d80,d94,d97	-	TIMEOUT
1324	6	d15,d48,d81,d93,d99,d108	46.6885	OK
1325	4	d27,d32,d56,d101	-	TIMEOUT
1326	4	d2,d37,d80,d117	39.1643	OK
1327	4	d56,d75,d116,d127	36.1883	OK
1328	4	d8,d37,d72,d81	-	TIMEOUT
1329	8	d31,d55,d70,d74,d79,d96,d122,d126	40.4611	OK
1330	8	d13,d15,d39,d45,d53,d57,d85,d124	44.9624	OK
1331	8	d5,d40,d76,d86,d89,d100,d108,d121	40.8287	OK
1332	8	d13,d18,d24,d33,d49,d72,d82,d100	-	TIMEOUT
1333	6	d35,d41,d77,d113,d117,d123	37.5499	OK
1334	6	d2,d37,d50,d53,d55,d74	46.1191	OK
1335	6	d26,d37,d43,d92,d96,d109	29.2665	OK
1336	6	d13,d14,d24,d45,d91,d121	38.6047	OK
1337	4	d30,d38,d86,d111	55.0122	OK
1338	4	d8,d30,d62,d103	62.9958	OK
1339	4	d61,d77,d101,d125	41.0657	OK
1340	4	d22,d44,d96,d118	45.4207	OK
1341	8	d2,d21,d29,d30,d70,d94,d97,d113	45.6556	OK
1342	8	d5,d24,d31,d46,d57,d70,d122,d125	57.1860	OK
1343	8	d16,d25,d32,d76,d83,d98,d111,d123	49.2108	OK
1344	8	d5,d16,d31,d47,d53,d100,d103,d125	74.1724	OK
1345	6	d1,d30,d31,d46,d80,d114	51.6760	OK
1346	6	d10,d22,d32,d41,d52,d65	35.7858	OK
1347	6	d8,d21,d31,d43,d76,d93	53.1630	OK
1348	6	d0,d11,d63,d75,d76,d108	36.4274	OK
1349	4	d35,d80,d113,d125	-	TIMEOUT
1350	4	d11,d25,d53,d90	56.3463	OK
1351	4	d9,d36,d48,d60	49.4530	OK
1352	4	d34,d55,d76,d91	-	TIMEOUT
1353	8	d19,d32,d41,d65,d66,d71,d97,d108	35.1182	OK
1354	8	d18,d21,d36,d52,d65,d102,d108,d116	34.4956	OK
1355	8	d39,d41,d49,d68,d80,d95,d107,d111	44.9676	OK
1356	8	d6,d19,d28,d31,d63,d69,d97,d104	43.0864	OK
1357	6	d16,d22,d69,d84,d85,d92	43.8993	OK
1358	6	d2,d25,d37,d57,d70,d96	31.1635	OK
1359	6	d26,d31,d44,d56,d78,d96	37.0177	OK
1360	6	d24,d25,d69,d72,d89,d125	56.3076	OK
1361	4	d12,d43,d81,d99	36.0695	OK
1362	4	d46,d88,d103,d122	58.2912	OK
1363	4	d2,d32,d39,d66	37.3024	OK
1364	4	d32,d36,d68,d96	40.1452	OK
1365	8	d13,d46,d63,d90,d94,d107,d112,d117	46.9374	OK
1366	8	d22,d58,d70,d73,d78,d104,d109,d119	40.8333	OK
1367	8	d14,d19,d20,d21,d23,d42,d61,d80	58.4772	OK
1368	8	d2,d31,d34,d73,d108,d122,d126,d127	44.4707	OK
1369	6	d1,d3,d48,d88,d103,d108	31.6152	OK
1370	6	d10,d43,d44,d57,d62,d114	51.1280	OK
1371	6	d13,d19,d34,d90,d93,d108	43.7589	OK
1372	6	d28,d43,d86,d95,d97,d126	52.2271	OK
1373	4	d30,d63,d74,d76	42.5942	OK
1374	4	d54,d67,d75,d123	30.8726	OK
1375	4	d0,d55,d78,d100	-	TIMEOUT
1376	4	d9,d14,d118,d124	38.9389	OK
1377	8	d1,d27,d76,d84,d89,d90,d91,d117	49.3633	OK
1378	8	d2,d25,d47,d50,d90,d102,d110,d125	54.5297	OK
1379	8	d1,d21,d31,d39,d57,d64,d105,d124	43.6408	OK
1380	8	d46,d68,d76,d93,d95,d101,d109,d120	54.9669	OK
1381	6	d27,d35,d41,d90,d111,d112	42.5940	OK
1382	6	d1,d28,d48,d50,d72,d91	40.1139	OK
1383	6	d8,d10,d34,d84,d101,d107	44.1025	OK
1384	6	d30,d41,d50,d68,d107,d122	45.6425	OK
1385	4	d32,d83,d125,d126	40.3513	OK
1386	4	d28,d33,d99,d102	32.6578	OK
1387	4	d5,d27,d32,d39	45.8215	OK
1388	4	d3,d13,d60,d88	28.4218	OK
1389	8	d2,d72,d74,d87,d109,d111,d122,d124	36.7401	OK
1390	8	d21,d29,d39,d47,d63,d67,d71,d109	38.1289	OK
1391	8	d26,d38,d46,d48,d50,d63,d109,d121	44.9760	OK
1392	8	d9,d30,d33,d37,d49,d58,d70,d102	32.6060	OK
1393	6	d4,d13,d23,d51,d97,d109	34.9934	OK
1394	6	d56,d59,d78,d86,d104,d109	49.6106	OK
1395	6	d13,d15,d28,d77,d109,d122	45.8016	OK
1396	6	d63,d68,d71,d89,d93,d107	-	TIMEOUT
1397	4	d10,d12,d46,d81	42.7340	OK
1398	4	d0,d13,d54,d82	49.2775	OK
1399	4	d25,d71,d73,d120	46.5937	OK
1400	4	d47,d64,d110,d125	67.5369	OK
1401	8	d3,d24,d28,d33,d77,d84,d85,d93	40.0595	OK
1402	8	d22,d27,d53,d60,d70,d92,d95,d98	37.0098	OK
1403	8	d10,d19,d25,d30,d33,d48,d49,d114	41.8151	OK
1404	8	d11,d32,d39,d49,d51,d77,d87,d121	32.0515	OK
1405	6	d30,d64,d88,d93,d107,d114	62.5760	OK
1406	6	d5,d17,d42,d107,d111,d123	60.2524	OK
1407	6	d11,d15,d33,d48,d70,d74	39.7206	OK
1408	6	d19,d42,d98,d101,d112,d126	44.8237	OK
1409	4	d52,d69,d99,d102	43.3133	OK
1410	4	d0,d40,d47,d55	-	TIMEOUT
1411	4	d2,d66,d77,d116	37.6385	OK
1412	4	d30,d56,d68,d75	53.8634	OK
1413	8	d10,d11,d37,d43,d57,d60,d71,d74	32.0562	OK
1414	8	d0,d13,d29,d34,d53,d63,d69,d88	54.3828	OK
1415	8	d14,d21,d34,d67,d75,d83,d94,d104	30.6346	OK
1416	8	d2,d4,d27,d45,d56,d65,d71,d91	43.5412	OK
1417	6	d52,d56,d65,d83,d97,d113	38.0219	OK
1418	6	d39,d52,d59,d68,d101,d114	45.7425	OK
1419	6	d23,d37,d94,d111,d122,d126	37.3478	OK
1420	6	d45,d46,d47,d48,d117,d125	47.9163	OK
1421	4	d5,d46,d72,d79	-	TIMEOUT
1422	4	d41,d45,d48,d100	32.9056	OK
1423	4	d17,d18,d36,d109	60.5860	OK
1424	4	d25,d62,d103,d116	46.7730	OK
1425	8	d3,d5,d11,d25,d28,d35,d96,d98	42.3581	OK
1426	8	d2,d3,d21,d27,d33,d36,d63,d68	44.5116	OK
1427	8	d21,d35,d41,d51,d78,d86,d113,d122	40.5379	OK
1428	8	d5,d14,d31,d39,d62,d68,d84,d122	39.0992	OK
1429	6	d0,d11,d26,d36,d75,d106	38.3747	OK
1430	6	d6,d37,d57,d58,d98,d109	40.9316	OK
1431	6	d28,d57,d73,d90,d98,d125	58.1233	OK
1432	6	d26,d28,d43,d57,d72,d91	58.7817	OK
1433	4	d19,d30,d85,d92	43.4771	OK
1434	4	d11,d21,d38,d45	-	TIMEOUT
1435	4	d46,d85,d108,d109	38.7824	OK
1436	4	d38,d73,d77,d89	-	TIMEOUT
1437	8	d0,d19,d26,d38,d67,d69,d94,d127	44.1471	OK
1438	8	d17,d28,d37,d81,d99,d109,d114,d122	46.1905	OK
1439	8	d23,d32,d37,d46,d71,d82,d90,d98	43.8492	OK
1440	8	d35,d62,d81,d85,d105,d108,d123,d126	38.3657	OK
1441	6	d21,d58,d98,d107,d126,d127	47.6953	OK
1442	6	d0,d22,d56,d60,d92,d107	32.4747	OK
1443	6	d4,d28,d34,d52,d92,d121	33.7904	OK
1444	6	d15,d35,d75,d89,d92,d117	48.1715	OK
1445	4	d36,d53,d62,d107	36.8021	OK
1446	4	d14,d30,d35,d57	49.4901	OK
1447	4	d6,d36,d96,d108	31.7638	OK
1448	4	d13,d18,d27,d95	-	FROZEN_FAIL
1449	8	d7,d20,d36,d37,d40,d62,d93,d122	41.2806	OK
1450	8	d3,d19,d35,d38,d46,d76,d106,d120	45.6760	OK
1451	8	d3,d28,d39,d73,d86,d105,d113,d120	44.7969	OK
1452	8	d2,d8,d15,d41,d44,d101,d108,d116	41.0856	OK
1453	6	d40,d58,d66,d69,d78,d108	34.8097	OK
1454	6	d14,d23,d32,d54,d96,d102	40.8816	OK
1455	6	d19,d47,d56,d100,d119,d122	45.6457	OK
1456	6	d13,d42,d80,d95,d97,d103	71.0203	OK
1457	4	d27,d49,d69,d108	-	TIMEOUT
1458	4	d19,d26,d85,d92	41.3684	OK
1459	4	d7,d41,d61,d72	32.3239	OK
1460	4	d2,d16,d27,d54	50.4275	OK
1461	8	d8,d11,d21,d48,d51,d61,d68,d79	-	TIMEOUT
1462	8	d2,d11,d12,d23,d79,d80,d91,d123	51.1289	OK
1463	8	d24,d33,d49,d72,d80,d91,d100,d101	44.5610	OK
1464	8	d6,d9,d25,d38,d84,d97,d104,d122	42.9779	OK
1465	6	d20,d23,d38,d41,d74,d118	38.1891	OK
1466	6	d36,d41,d55,d59,d87,d114	43.0069	OK
1467	6	d10,d33,d74,d86,d92,d110	36.5770	OK
1468	6	d19,d39,d53,d61,d99,d127	45.5465	OK
1469	4	d3,d24,d36,d79	43.6259	OK
1470	4	d22,d24,d116,d127	46.4126	OK
1471	4	d41,d43,d75,d80	39.8452	OK
1472	4	d17,d71,d90,d93	-	TIMEOUT
1473	8	d18,d22,d45,d65,d66,d113,d117,d121	35.6800	OK
1474	8	d10,d31,d35,d73,d93,d102,d104,d124	50.8503	OK
1475	8	d21,d33,d80,d93,d95,d105,d112,d115	-	TIMEOUT
1476	8	d2,d10,d14,d26,d39,d62,d67,d74	32.7452	OK
1477	6	d18,d40,d57,d96,d99,d102	30.1164	OK
1478	6	d21,d23,d27,d89,d118,d119	47.1649	OK
1479	6	d27,d46,d51,d101,d102,d110	36.4549	OK
1480	6	d16,d54,d81,d84,d87,d124	47.5181	OK
1481	4	d29,d71,d116,d121	29.6203	OK
1482	4	d9,d37,d39,d120	37.0135	OK
1483	4	d8,d54,d81,d97	40.0670	OK
1484	4	d15,d92,d110,d121	44.2544	OK
1485	8	d5,d13,d21,d45,d54,d64,d69,d108	51.1871	OK
1486	8	d17,d20,d36,d70,d76,d103,d107,d115	64.4170	OK
1487	8	d13,d23,d47,d54,d66,d76,d87,d109	40.1294	OK
1488	8	d41,d42,d50,d89,d107,d111,d121,d123	35.8448	OK
1489	6	d2,d19,d37,d50,d90,d99	32.2985	OK
1490	6	d3,d37,d38,d81,d82,d117	33.5697	OK
1491	6	d0,d29,d67,d81,d104,d127	37.1924	OK
1492	6	d9,d24,d32,d48,d55,d115	61.5696	OK
1493	4	d42,d55,d96,d107	43.2044	OK
1494	4	d3,d48,d53,d89	50.5700	OK
1495	4	d4,d77,d93,d94	56.3079	OK
1496	4	d31,d78,d116,d127	40.3516	OK
1497	8	d29,d45,d85,d90,d95,d105,d109,d117	37.4078	OK
1498	8	d22,d25,d26,d41,d45,d72,d97,d111	48.8224	OK
1499	8	d4,d8,d22,d25,d26,d105,d113,d127	46.4771	OK
1500	8	d29,d50,d54,d57,d74,d97,d107,d116	35.3112	OK
