channel,activation_variance_clean,activation_variance_clean_iqr,activation_variance_light,activation_variance_light_iqr,active_ratio_clean,active_ratio_clean_iqr,active_ratio_light,active_ratio_light_iqr,gradient_energy_clean,gradient_energy_clean_iqr,gradient_energy_light,gradient_energy_light_iqr,orientation_coherence_clean,orientation_coherence_clean_iqr,orientation_coherence_light,orientation_coherence_light_iqr,dominant_angle_clean,dominant_angle_clean_iqr,dominant_angle_light,dominant_angle_light_iqr,spectral_centroid_clean,spectral_centroid_clean_iqr,spectral_centroid_light,spectral_centroid_light_iqr,cross_light_ncc,cross_light_ncc_iqr,relative_mad,relative_mad_iqr,mean_shift_absolute,mean_shift_absolute_iqr,mean_shift_relative,mean_shift_relative_iqr,gradient_retention,gradient_retention_iqr,gradient_energy,orientation_coherence,spectral_centroid,weight_corr_rg,weight_corr_rb,weight_corr_gb,weight_corr_mean,weight_corr_min,weight_energy_r,weight_energy_g,weight_energy_b,weight_pca_pc1_r,weight_pca_pc1_g,weight_pca_pc1_b,weight_pca_explained_ratio,weight_orientation_coherence,weight_dominant_angle,weight_spectral_centroid,weight_dc_power_ratio,density_label,structure_label,illumination_label,colour_label,frequency_label,soft_label,dead_variance_max_condition,dead_gradient_max_condition,dead_base_rule,dead_bootstrap_stability,confirmed_dead_candidate,manual_review_status
0,0.016270051045949696,0.007166096479984549,0.014459000823027774,0.0047393370566099925,0.9779752604166667,0.014661458333333321,0.9814192708333334,0.014192708333333304,0.011932138124930542,0.0055878839679035786,0.011375368803590472,0.005322158211116833,0.59606947913311,0.22674307057963444,0.5101564242212937,0.35933474685109806,89.03635462422837,2.949844440938463,88.44128075312155,3.9024415957269696,0.35741494335946167,0.06221597589884903,0.3734466210103726,0.10183772762797932,0.9140654200756051,0.3411453398050721,0.1453676865579862,0.2048602271183383,0.0,0.05705537261015458,0.0,0.22704630000579307,0.9999999998810284,0.1575009113495518,0.011653753464260508,0.5531129516772019,0.36543078218491715,0.993719931226514,0.9461856729760799,0.9152147336925225,0.9517067792983722,0.9152147336925225,0.30964982235732197,0.544444053473518,0.1459061241690157,0.5615538148954857,0.7425402022952916,0.36509089409569434,0.9798702012628774,0.5658107957097266,106.22987462102341,0.5328533502393653,3.2751952123619643e-06,Dense-global,Oriented-edge,Sensitive,Achromatic,High-frequency,Achromatic + Oriented-edge + High-frequency + Sensitive,0.01703806225361188,0.012632207639781227,False,0.0,False,not_required
1,0.047068823222852704,0.013076547530708055,0.03726842790901767,0.022833205679803886,0.9222265625,0.022014973958333295,0.9331705729166666,0.03985026041666673,0.023398270920290138,0.010206026805925732,0.016418304197350127,0.015384201640291657,0.5445883569850457,0.09803213399044608,0.5346441757148979,0.11669114407487058,105.89384906111161,14.539172683862517,106.81645140080124,13.60658232152457,0.17833600973998914,0.045668939685256815,0.19239255784485426,0.04332893478639782,0.9563454941377902,0.1863698459269696,0.2599036603928814,0.4170400553353498,0.0,0.15407974432433869,0.0,0.6275299635617357,0.9021217363394978,0.39859840513830713,0.019908287558820133,0.5396162663499717,0.1853642837924217,0.9613917116842599,0.9475361957700259,0.9818519180717634,0.9635932751753497,0.9475361957700259,0.13900255855210156,0.5428129757856028,0.3181844656617561,0.36506060767487836,0.7402884129025588,0.5645385889788753,0.9833248290142315,0.7962915282237916,101.36993479727035,0.27838577107128054,0.00012259027886662584,Dense-global,Texture/high-frequency,Intermediate,Achromatic,Mid-frequency,Achromatic + Texture/high-frequency + Mid-frequency + Intermediate,0.047860629888704855,0.023398270920290138,False,0.0,False,not_required
2,0.0,0.0,0.0,0.0,0.0,0.0,0.0,0.0,0.0,0.0,0.0,0.0,0.0,0.0,0.0,0.0,0.0,0.0,0.0,0.0,0.0,0.0,0.0,0.0,nan,nan,0.0,0.0,0.0,0.0,0.0,0.0,0.0,0.0,0.0,0.0,0.0,0.0,0.0,0.0,0.0,0.0,0.20619533230531126,0.10619516911122778,0.2553307804058932,0.7355558361765618,0.5874506068485916,0.3374305800899216,0.3980615721778189,0.203874496341947,92.00224013436662,0.21200366495173648,0.019633987519051502,Ultra-sparse,Mixed/isotropic,Sensitive,Mixed-colour,Mid-frequency,Mixed-colour + Mixed/isotropic + Mid-frequency + Sensitive,0.0,0.0,True,1.0,True,pending
3,0.00666346626101621,0.002297698388464816,0.005837554979997321,0.010489032144468691,0.20991536458333332,0.09638997395833332,0.20534505208333334,0.2656608072916667,0.0008662619572474954,0.00044645953816896205,0.0007969862372644269,0.0011423349828495735,0.28093914848742485,0.13025888709549352,0.24232705470072022,0.2523624044347893,82.89495818952963,16.53335669028033,82.50763815751245,15.013024894796189,0.05290793467078446,0.017404190987684212,0.053648827750331106,0.04131633222254004,0.8903759998253606,0.2563602584519995,0.8973312772905611,0.7157935465255568,0.0,0.0377196275097123,0.0,1.489520855983437,0.9999999987445392,1.3611402668630357,0.0008316240972559611,0.26163310159407255,0.05327838121055778,0.9069186078820575,0.6482243275452877,0.7088248851845482,0.7546559402039644,0.6482243275452877,0.3125324310274627,0.4582409095727522,0.22922665939636636,0.4934880297924788,0.7476379368554118,0.44441768622110384,0.8630659020518479,0.19796475806696753,5.881962978009317,0.28625225954863087,0.0050621323290056825,Moderate-region,Mixed/isotropic,Sensitive,Achromatic,Mid-frequency,Achromatic + Mixed/isotropic + Mid-frequency + Sensitive,0.008170514393218666,0.0010121354598217535,False,0.0,False,not_required
4,0.0,0.0,0.0,0.0,0.0,0.0,0.0,0.0,0.0,0.0,0.0,0.0,0.0,0.0,0.0,0.0,0.0,0.0,0.0,0.0,0.0,0.0,0.0,0.0,nan,nan,0.0,0.0,0.0,0.0,0.0,0.0,0.0,0.0,0.0,0.0,0.0,0.0,0.0,0.0,0.0,0.0,0.0014466745103987745,0.0016389625936238331,0.002479724547059162,-0.07225416637930136,0.31815091992430267,0.9452826707351363,0.0022590445554087537,0.0005382790426703591,104.25785255690809,0.1488860427582121,0.02161680699079548,Ultra-sparse,Mixed/isotropic,Sensitive,Mixed-colour,Mid-frequency,Mixed-colour + Mixed/isotropic + Mid-frequency + Sensitive,0.0,0.0,True,1.0,True,pending
5,0.018732811536341452,0.010915506056310519,0.017053554798268682,0.01465051229120259,0.9298242187500001,0.038450520833333446,0.9254947916666667,0.05120768229166672,0.014969843991474333,0.007983453563421287,0.014069865021491,0.01147094479601463,0.5114480272348082,0.11148819701411328,0.48796028869172214,0.09502139543265742,153.01826694297853,8.01856185052273,156.93455552218938,7.082624883022618,0.26998590419199686,0.017967777745536706,0.27366236139879996,0.04189098372591127,0.8735437982618848,0.2715653004978733,0.2075055106977789,0.17206336401442676,0.0,0.008514794435198071,0.0,0.04908333422750253,0.9999999999122412,0.43406182083619993,0.014519854506482667,0.49970415796326517,0.2718241327953984,-0.8344439652609683,-0.9900220277822251,0.8545789054501204,-0.3232956958643577,-0.9900220277822251,0.5742127098528425,0.013556539518027115,0.4122307506288188,0.7596424648986488,-0.09915431104005956,-0.6427376977623735,0.9913734626332437,0.6711911944467155,166.2039233997105,0.227594445227717,9.502663595561733e-07,Dense-global,Texture/high-frequency,Sensitive,Opponent,Mid-frequency,Opponent + Texture/high-frequency + Mid-frequency + Sensitive,0.01978945530863897,0.015805647795053737,False,0.0,False,not_required
6,0.04626647260314651,0.020642146272246982,0.03887077075884303,0.02221108283037984,0.9983984375,0.0012858072916666075,0.9985286458333333,0.0019108072916667052,0.00810211996429729,0.00421792523565579,0.009557266969540169,0.008236992391642923,0.2593145273129582,0.16633943261556075,0.23418077033319407,0.1327229324398893,79.78380246609544,21.08140459146918,75.02529779044141,16.599173717831974,0.0739494869911301,0.02228309226098972,0.07926647776869736,0.029878717154848994,0.9009330691842534,0.3506444254196871,0.09912710084877477,0.09050565346615731,0.0,0.03224784197792249,0.0,0.04924292648896282,0.9999999999119055,0.860585506310155,0.008829693466918729,0.24674764882307612,0.07660798237991373,-0.9253576084823754,0.7822173827120213,-0.946420804752481,-0.3631870101742784,-0.946420804752481,0.14216187005571135,0.6302275175859975,0.22761061235804447,-0.3860562247135557,0.8143613641049875,-0.43333146667762346,0.9572769260830133,0.04996957830870366,154.24597401848922,0.18640825847292836,0.009933233758015948,Dense-global,Mixed/isotropic,Sensitive,Opponent,Mid-frequency,Opponent + Mixed/isotropic + Mid-frequency + Sensitive,0.046562619087664917,0.010774976479263773,False,0.0,False,not_required
7,0.0,0.0,0.0,0.0,0.0,0.0,0.0,0.0,0.0,0.0,0.0,0.0,0.0,0.0,0.0,0.0,0.0,0.0,0.0,0.0,0.0,0.0,0.0,0.0,nan,nan,0.0,0.0,0.0,0.0,0.0,0.0,0.0,0.0,0.0,0.0,0.0,0.0,0.0,0.0,0.0,0.0,0.06271443152308079,0.023067575729528007,0.02055244267152468,0.49602459630312545,0.6912936152505499,0.5254262435167717,0.049541158399867,0.005207865534734343,61.14518496387482,0.18604625121919177,0.0256298281570196,Ultra-sparse,Mixed/isotropic,Sensitive,Mixed-colour,Mid-frequency,Mixed-colour + Mixed/isotropic + Mid-frequency + Sensitive,0.0,0.0,True,1.0,True,pending
8,0.00971006668010111,0.004713863979357679,0.009092098066893376,0.0063476089729025435,0.98986328125,0.008450520833333308,0.9900065104166667,0.009511718750000009,0.008390754319400302,0.003203524317935489,0.00850013416980792,0.005496206986959474,0.5729681043906747,0.2707261185046422,0.43431400064123926,0.32505749495205405,176.10302027999268,4.357655896765664,175.2707442351716,7.986369250533613,0.38384564820470746,0.0909256890228341,0.4019020455610784,0.06973306224384085,0.8667206710679245,0.3976360288192339,0.10183213846269773,0.11210088764842807,0.0,0.049607511490236095,0.0,0.16707248240620437,0.9999999999013804,0.28877641635331963,0.008445444244604111,0.5036410525159569,0.39287384688289295,0.979280517540086,0.9925457644429824,0.9594901475439549,0.9771054765090078,0.9594901475439549,0.2824238583044009,0.539330122522476,0.17824601917295502,0.5326876550076157,0.7357359273409834,0.41825411823697756,0.9851673565125052,0.5197066991975144,4.315952709530827,0.5240516791182355,9.518172927340067e-07,Dense-global,Texture/high-frequency,Sensitive,Achromatic,High-frequency,Achromatic + Texture/high-frequency + High-frequency + Sensitive,0.009969619620653637,0.008900402497725298,False,0.0,False,not_required
9,0.0,0.0,0.0,0.0,0.0,0.0,0.0,0.0,0.0,0.0,0.0,0.0,0.0,0.0,0.0,0.0,0.0,0.0,0.0,0.0,0.0,0.0,0.0,0.0,nan,nan,0.0,0.0,0.0,0.0,0.0,0.0,0.0,0.0,0.0,0.0,0.0,0.9136444737738145,0.7690586564079271,0.9071654061992571,0.8632895121269996,0.7690586564079271,0.20698113823156203,0.17455459597092693,0.5968550892578802,0.6287671030834084,0.5912575267106823,0.5050410549530256,0.8276642855984673,0.19063013981555538,87.90077651944085,0.15411744684543732,0.0373486817238327,Ultra-sparse,Mixed/isotropic,Sensitive,Achromatic,Mid-frequency,Achromatic + Mixed/isotropic + Mid-frequency + Sensitive,0.0,0.0,True,1.0,True,pending
10,0.06995283076661707,0.028718982694172113,0.05178465423402048,0.02811876625272558,0.9554947916666667,0.02019531249999995,0.9630143229166667,0.04008789062500007,0.026787836073616348,0.013268498329974756,0.02637092268477336,0.015465550323913967,0.5758964733868452,0.14792661830300513,0.5883432978930916,0.1994011033494837,88.32298235001142,9.718192147423878,88.5360674710491,9.069393622352536,0.16126392305885306,0.04068590710857689,0.17636544640756957,0.06328445587616083,0.9650286985270247,0.20620083691239077,0.2819313521497232,0.41225305506502635,0.0,0.2319991508336115,0.0,0.5867761207603839,0.999999999964875,0.31230669775991704,0.026579379379194856,0.5821198856399684,0.16881468473321132,0.9868940942704749,0.9688618769012237,0.9609477410620161,0.9722345707445715,0.9609477410620161,0.3216825670965528,0.5742627880852201,0.10405464481796711,0.5678905987207575,0.7601405755800087,0.31573180587560973,0.9884570471161058,0.6856084139269533,90.04289175944675,0.3321178194636535,7.895472255808304e-05,Dense-global,Oriented-edge,Intermediate,Achromatic,High-frequency,Achromatic + Oriented-edge + High-frequency + Intermediate,0.07211593695377994,0.028394552879994678,False,0.0,False,not_required
11,0.03816782098395778,0.009833690670193539,0.0322429126173675,0.020841385965088936,0.9680794270833333,0.016477864583333446,0.9675325520833333,0.031227213541666687,0.017569368248812972,0.01446855918707725,0.014683546758675657,0.013965024958937465,0.7259520124048262,0.10812718169871327,0.7026370708153993,0.11827848656714957,133.46383336057139,5.151355709647703,133.9714807112676,4.081386546982856,0.13866323209291875,0.06584495813963204,0.15777720448087557,0.09390532983708397,0.9687355143081412,0.17303296461927864,0.24192206767855182,0.35701409927275196,0.0,0.1725839215570183,0.0,0.5050664168615491,0.9121092882913352,0.295963944471367,0.016126457503744314,0.7142945416101127,0.14822021828689716,0.9944176673676696,0.9673644831638957,0.9651277752980609,0.9756366419432089,0.9651277752980609,0.35166519932691853,0.5120123992227644,0.1363224014500038,0.5946116836395668,0.7178763149161573,0.36206427904685407,0.990048667029643,0.8700171571054255,136.8180966998973,0.3101744432909253,5.529464781720664e-05,Dense-global,Oriented-edge,Intermediate,Achromatic,Mid-frequency,Achromatic + Oriented-edge + Mid-frequency + Intermediate,0.0384933399783066,0.017569368248812972,False,0.0,False,not_required
12,0.015008515593077356,0.005454828464476234,0.012329889235632217,0.019156271939976426,0.3217643229166667,0.09096679687499998,0.2919205729166666,0.3524348958333333,0.0022050227212174825,0.0010203903426929772,0.0022050227212174825,0.0030542998640397077,0.427894176787864,0.07480703806815886,0.41134818842592524,0.18811893580343897,85.4135185823194,8.637534636665393,89.00510725983524,8.747833108639412,0.07318043466571514,0.03344936091725523,0.09134575199878481,0.07900184421942377,0.8988299240940458,0.42131265168887544,0.537889482867681,0.765597095695796,0.0,0.05877913208214306,0.0,1.4070947113091528,0.9999999995464637,1.2352477945930014,0.0022050227212174825,0.4196211826068946,0.08226309333224997,0.9633625860027558,0.5039972420351626,0.6556776842385471,0.7076791707588218,0.5039972420351626,0.37999783588887226,0.4023581746063116,0.217643989502613,0.6559818673530095,0.684593117345481,0.317836519908042,0.8715208448757,0.6892465734482696,84.56659485083128,0.29427553255075506,0.0020941758877403814,Moderate-region,Mixed/isotropic,Sensitive,Achromatic,Mid-frequency,Achromatic + Mixed/isotropic + Mid-frequency + Sensitive,0.016126375699559995,0.0029522455272586717,False,0.0,False,not_required
13,0.0,0.0,0.0,0.0,0.0,0.0,0.0,0.0,0.0,0.0,0.0,0.0,0.0,0.0,0.0,0.0,0.0,0.0,0.0,0.0,0.0,0.0,0.0,0.0,nan,nan,0.0,0.0,0.0,0.0,0.0,0.0,0.0,0.0,0.0,0.0,0.0,0.8226019487558426,0.6559569501260374,0.8636036028922013,0.7807208339246938,0.6559569501260374,0.10160710141705608,0.055433743637486814,0.8419838183156797,0.3437383193411782,0.6592094147027285,0.6687951221291825,0.8729911314269558,0.09369769160505718,162.5826603583179,0.16436338350391264,0.044382294256438304,Ultra-sparse,Mixed/isotropic,Sensitive,Achromatic,Mid-frequency,Achromatic + Mixed/isotropic + Mid-frequency + Sensitive,0.0,0.0,True,1.0,True,pending
14,0.031089967676026044,0.017467115739899168,0.022167017618507548,0.02095709107183334,0.8725455729166667,0.04046223958333339,0.8976888020833333,0.04940104166666659,0.01595965422554835,0.011695745080266624,0.011984573164369981,0.01167339464743022,0.432614703276776,0.13832494148012026,0.4913379495199516,0.21653704499840287,158.48314102676488,161.70536012084034,158.05441700800174,170.3143452416073,0.17463353518080305,0.029984078070051934,0.1835489491632752,0.026729359407204917,0.9521190647827187,0.22234343311459193,0.16399303845257984,0.2991357334376852,0.0,0.007212335202297318,0.0,0.05243305482269602,0.9644033249480959,0.28284218179745313,0.013972113694959166,0.4619763263983638,0.17909124217203912,0.9907484442243124,0.9403595327252694,0.9604377745299082,0.9638485838264966,0.9403595327252694,0.3025111288862835,0.537514028786414,0.1599748423269069,0.5506400132256507,0.7379503910806117,0.3901599622447541,0.9845322865952473,0.5783767666892459,165.00606103784125,0.20747938454055853,9.763074669291271e-06,Dense-global,Texture/high-frequency,Intermediate,Achromatic,Mid-frequency,Achromatic + Texture/high-frequency + Mid-frequency + Intermediate,0.031089967676026044,0.01595965422554835,False,0.0,False,not_required
15,0.03188534487281609,0.018706987242880176,0.03277453263857711,0.01884094155662084,0.9237890625,0.028183593750000013,0.9290364583333333,0.029235026041666723,0.026423885403226183,0.018026674461728762,0.02862691948373558,0.02161546170075459,0.6768604077217668,0.08506476110960692,0.6736874320821851,0.07434781362071141,126.99978381411033,3.8072804110003062,127.46775913461049,3.541135123320231,0.27859192642716085,0.045307240491817335,0.3029698220993049,0.10784288774354944,0.9029858396616469,0.3322883759145293,0.24988956535592835,0.26657831447151925,0.0,0.09122850021725902,0.0,0.33483453651123324,0.9999999999641237,0.3518784315086123,0.02752540244348088,0.6752739199019759,0.29078087426323285,-0.734508285785004,-0.9919867572815873,0.6921537124881325,-0.34478044352615295,-0.9919867572815873,0.5635739456106599,0.016321681088916747,0.42010437330023376,0.7542123845377169,-0.09295626287609449,-0.6500175476108634,0.9883056212968921,0.8092264881542103,126.6595040144467,0.2743876329357794,6.143468382327291e-06,Dense-global,Oriented-edge,Sensitive,Opponent,Mid-frequency,Opponent + Oriented-edge + Mid-frequency + Sensitive,0.03562014087152103,0.03040198213401339,False,0.0,False,not_required
16,0.06780808366026993,0.012395307576916308,0.05582116004791478,0.04152073896871037,0.9998046875,0.00038411458333331705,0.9997395833333333,0.0007454427083333215,0.002447260844776841,0.0007795733581803738,0.002466243398123908,0.0009003634853905278,0.18895209317857248,0.18979658573208585,0.14325129134191822,0.11259124078357063,98.27948800416627,24.923611671580687,90.94724883609257,23.832362525206094,0.023251079240189244,0.004209216723685998,0.026651326937594207,0.012734193436272714,0.9826785155672852,0.11626581159080696,0.20551494497066441,0.32538687287168183,0.0,0.21378088283668495,0.0,0.39089752013687373,0.9832398046061757,0.11862058007561027,0.0024567521214503745,0.16610169226024535,0.024951203088891726,-0.8400072208010727,0.49278833002815015,-0.45411931504190184,-0.2671127352716081,-0.8400072208010727,0.4448166779934433,0.4551868075779984,0.09999651442731494,0.7206480101106651,-0.6773755853447878,0.14774559858873867,0.8746342199422736,0.04902337632184722,47.04060045528522,0.17340820972076657,0.01595912894444458,Dense-global,Mixed/isotropic,Stable,Opponent,Mid-frequency,Opponent + Mixed/isotropic + Mid-frequency + Stable,0.06859204223653921,0.0025612179483788687,False,0.0,False,not_required
17,0.0036675628490205393,0.003476800451707603,0.003946579827335707,0.006703064829952783,0.24615885416666666,0.10503906249999997,0.29819661458333335,0.5169270833333334,0.00023996329932188801,0.0002787896467920489,0.0004377364887538231,0.0007715141149996904,0.316283482439309,0.18773213705648623,0.28426517463871104,0.17763376582407786,88.4414483976773,16.328684129000536,85.6129002529851,14.091948636316815,0.048265537468109604,0.03179788967703413,0.052079543703483534,0.04589819778167819,0.5332862656362027,0.6719537341806272,0.9948779738907674,2.2347784240506963,0.0,0.09797400327312025,0.0,3.010555389710444,0.9999999984794206,2.5426179386627195,0.0003388498940378556,0.30027432853901004,0.050172540585796566,0.7066937160287095,0.47853439171837325,0.870074923727575,0.6851010104915526,0.47853439171837325,0.45371158664839584,0.3830518964143931,0.16323651693078284,0.18992739103239492,0.8378211389340062,0.5118430670537144,0.9118497094294354,0.02704255689923822,177.021960436844,0.20380000625917152,0.02018482462464898,Moderate-region,Mixed/isotropic,Sensitive,Achromatic,Mid-frequency,Achromatic + Mixed/isotropic + Mid-frequency + Sensitive,0.004638404656678127,0.0005203151877677256,False,0.0,False,not_required
18,0.007392175927708397,0.008381259169870345,0.010126452619635015,0.018800584478102175,0.25873046875,0.10363606770833331,0.31080729166666665,0.569248046875,0.001067854107184013,0.0007085892126106226,0.0018335554437768267,0.0026853059473375103,0.2287419641692629,0.1746794409925453,0.2241693477080334,0.15769442308992204,90.84287820786378,18.77728196719589,80.75069160451383,23.311716530569257,0.06639130872380544,0.0370397507886685,0.08412899839707244,0.11647054554822178,0.4250533455081414,0.6299160705316279,0.9989033853773528,2.0285818715566166,0.0,0.17486772754339508,0.0,3.5214047550970244,0.9999999994833612,2.587174559779682,0.0014507047754804198,0.22645565593864814,0.07526015356043894,0.913204620573976,0.9499196561573006,0.8745774128287234,0.9125672298533333,0.8745774128287234,0.23602631165163504,0.4700091134879794,0.29396457485830757,0.5001879658972302,0.6807658520951224,0.5351353598789689,0.9392755245051518,0.17361400284804626,3.549928832564302,0.33565058836771644,0.002346874411737411,Moderate-region,Mixed/isotropic,Sensitive,Achromatic,High-frequency,Achromatic + Mixed/isotropic + High-frequency + Sensitive,0.012103238509775852,0.0020295042227452334,False,0.0,False,not_required
19,0.11736798474316837,0.026617551178585885,0.0881178995790047,0.05246989863471683,0.97654296875,0.009095052083333277,0.9753645833333333,0.01862630208333338,0.021730641251555688,0.008613565289106763,0.0177891215564076,0.01000184125049257,0.5469333400390346,0.12690441120719087,0.5138503103910976,0.12122305764964197,72.23254893638835,13.885311768301918,72.50155130323445,15.245463130273436,0.06856583129036578,0.018690147909973254,0.07611016137407305,0.03339884025559915,0.9741835840992351,0.12097423767245263,0.2672374264036348,0.40603671233148686,0.0,0.3316918948018753,0.0,0.6401518940461463,0.9201549464967711,0.28322219416004013,0.019759881403981643,0.5303918252150661,0.0723379963322194,0.9844844818359384,0.9625243724267992,0.9680473100962509,0.9716853881196629,0.9625243724267992,0.3996403784752119,0.4602307921118764,0.14012882941205063,0.6391070558999051,0.673375354411051,0.37162858228444556,0.9858986898166949,0.8035394549356486,50.969267543786415,0.2383237250719329,0.0015241594962791675,Dense-global,Mixed/isotropic,Intermediate,Achromatic,Mid-frequency,Achromatic + Mixed/isotropic + Mid-frequency + Intermediate,0.11736798474316837,0.021934688275015872,False,0.0,False,not_required
20,0.04615156041740162,0.010275395723658182,0.03791046911818906,0.029180775304579284,0.955859375,0.026409505208333295,0.9564778645833333,0.03347005208333331,0.016774461050106174,0.013603104651410014,0.01393476142315182,0.015669249311708527,0.4890160731578995,0.1095849484645558,0.4838844355491959,0.12210423372114942,25.627898453812016,16.508408999247415,25.724054151738798,15.34248802456435,0.11923069942430323,0.0653267443728845,0.13660946605144023,0.06552982080634903,0.9663959306805758,0.12394855551916428,0.2703603415991599,0.4359165556442835,0.0,0.18505742851671086,0.0,0.6612781566327963,0.9457137363155708,0.31069191146730757,0.015354611236628997,0.4864502543535477,0.12792008273787173,0.9937469263662432,0.9362574678247373,0.9358764991478232,0.9552936311129345,0.9358764991478232,0.3418432766118777,0.5848637644372676,0.07329295895045145,0.5862569485210718,0.7680800943836691,0.2575961158913989,0.9889853197074673,0.7061859536193091,14.387080940806342,0.28802881312155326,0.00010371305369728655,Dense-global,Mixed/isotropic,Intermediate,Achromatic,Mid-frequency,Achromatic + Mixed/isotropic + Mid-frequency + Intermediate,0.04694859402549133,0.016813548137520694,False,0.0,False,not_required
21,0.13325571161639438,0.030029165773120425,0.08979418640188805,0.061825267569061315,0.9973046875,0.001839192708333326,0.9973958333333333,0.0038509114583333837,0.007432498729468114,0.003452659896264333,0.005363623979037162,0.004214996431183014,0.4360327887679444,0.14992259446652928,0.38702107658740137,0.11885709448845116,102.05874311606094,15.860643442355723,102.10761177733961,15.478600196188864,0.03069173355122428,0.0064911512126102425,0.03325568845905311,0.013644676526257563,0.9833370501789754,0.09508820404334772,0.3058901075432978,0.4296139627260765,0.0,0.4133598522850988,0.0,0.6549485113853832,0.7965782056863123,0.42215053982163575,0.006398061354252638,0.4115269326776729,0.0319737110051387,0.8910271446962511,0.7606529465045346,0.9150598585491257,0.8555799832499705,0.7606529465045346,0.35265074338135716,0.5034650838660976,0.14388417274906404,0.6436433081265349,0.6543751759208606,0.3968833846893488,0.9163673063216419,0.4791237537584748,105.09071745596614,0.2394425043494864,0.008947808341869631,Dense-global,Mixed/isotropic,Sensitive,Achromatic,Mid-frequency,Achromatic + Mixed/isotropic + Mid-frequency + Sensitive,0.13329979703071795,0.007432498729468114,False,0.0,False,not_required
22,0.08918502101254598,0.011211205484053285,0.06688019661419159,0.04005282294719975,0.9765885416666666,0.018264973958333375,0.9768619791666666,0.02041666666666675,0.015832208646078975,0.010238717420290961,0.01357053426084768,0.011723904320202538,0.39986537121227067,0.14270788269736312,0.40182299797948307,0.13764807808502655,16.54619521314119,126.76269891503878,16.876435180982227,154.30723652197875,0.06335081840298408,0.023848103331350866,0.0731317680009407,0.034172556727262514,0.9719516716875167,0.1125973094851136,0.29312980014526463,0.4311614774611723,0.0,0.3102272699760782,0.0,0.7141120635001925,0.8833891493654937,0.38465134027232195,0.014701371453463327,0.4008441845958769,0.0682412932019624,0.9687469838633767,0.9207446122369534,0.9400135061840784,0.9431683674281363,0.9207446122369534,0.23917501669150365,0.6083896007345081,0.15243538257324588,0.4912442478915165,0.7834040938411505,0.3807323399271779,0.9739273465150531,0.8154314020196766,178.2395992855532,0.2452560202034419,0.0009228258741843501,Dense-global,Mixed/isotropic,Sensitive,Achromatic,Mid-frequency,Achromatic + Mixed/isotropic + Mid-frequency + Sensitive,0.08918502101254598,0.015832208646078975,False,0.0,False,not_required
23,0.040369212149702044,0.004555057745578225,0.03372785416616164,0.01594149568627598,0.9745377604166667,0.021669921874999942,0.9640234375,0.03238606770833319,0.016343848577017882,0.011036345411148703,0.016330099242022306,0.012686033587457374,0.6726537053574273,0.07149768289024483,0.6722631363998752,0.07772280394898745,49.275454684019834,5.433578640318373,48.31764677102946,3.834786113216701,0.16844164072767465,0.06661151577895519,0.20643470192880303,0.10531701205178212,0.9250698038919949,0.21882803056060174,0.2805625055804996,0.3587900768061807,0.0,0.1738985520762736,0.0,0.5692347970471112,0.9999999999451226,0.3406118662433322,0.016336973909520096,0.6724584208786513,0.18743817132823884,-0.7892369622231074,-0.9893152570606122,0.7234122034207009,-0.35171333862100623,-0.9893152570606122,0.5774961548273227,0.022447991048490244,0.4000558541240079,0.7643944921243233,-0.1158651856942492,-0.6342525673215956,0.9858268713040679,0.8304973467996289,43.91720129653465,0.28877957188393155,1.115078806987873e-05,Dense-global,Oriented-edge,Intermediate,Opponent,Mid-frequency,Opponent + Oriented-edge + Mid-frequency + Intermediate,0.04102901652492314,0.019126141859966958,False,0.0,False,not_required
24,0.00892049377507925,0.005751591203643956,0.010721012196851377,0.010408464150861899,0.9733203125000001,0.01880859374999999,0.97912109375,0.01668294270833337,0.008205405556510384,0.00458461936110438,0.009807428051972034,0.009967903572592175,0.1768130035518569,0.2558837393521208,0.28488651938906706,0.46172362132658207,98.02422010192433,17.266549227231877,100.68663709802638,15.383984592516327,0.4852895086754075,0.062240874223703446,0.44901050909236007,0.09866524511555297,0.8734362851917211,0.40077619285963684,0.10871781832048466,0.13748372095536213,0.0,0.008742624947444717,0.0,0.04496017104794768,0.9999999999030142,1.5118275981146818,0.009006416804241208,0.230849761470462,0.4671500088838838,0.9760649634485707,0.9791077011987299,0.9525222146799495,0.9692316264424168,0.9525222146799495,0.3015944751555391,0.5085262888454588,0.18987923599886228,0.5507029758360323,0.715079491884516,0.43056654850501436,0.9811287349248188,0.6483736049737571,46.32356450548571,0.6030483933073234,2.146652913147036e-07,Dense-global,Texture/high-frequency,Sensitive,Achromatic,High-frequency,Achromatic + Texture/high-frequency + High-frequency + Sensitive,0.011300122244034295,0.010805915565731922,False,0.0,False,not_required
25,0.04191019118549162,0.012856328842180811,0.03153678516463172,0.020509289861313132,0.9079622395833333,0.032584635416666674,0.91310546875,0.060429687499999996,0.018802806339173677,0.011694219703980883,0.014437058921861923,0.010668528941206488,0.43762575956097743,0.1409639307262967,0.48265505880428106,0.10248858395982918,15.863645024918071,17.163368754556515,10.846560006786866,15.08638120847954,0.1414225029260629,0.04801861003568858,0.15444889832573633,0.0526548059816917,0.9591950029723985,0.20233162507963265,0.31279729547700186,0.45490139809246277,0.0,0.14199460395496233,0.0,0.6010792571961907,0.9999999999329668,0.2557890445329809,0.0166199326305178,0.4601404091826292,0.1479357006258996,0.9639691355054993,0.9567930435755164,0.9953204430297203,0.9720275407035787,0.9567930435755164,0.14828551079278127,0.4921563729141368,0.35955811629263396,0.37756423004897555,0.7027238768148192,0.6030127736141873,0.9885128924448062,0.6236362736822788,5.194008939289465,0.2319989640195117,0.0002624232074751309,Dense-global,Texture/high-frequency,Sensitive,Achromatic,Mid-frequency,Achromatic + Texture/high-frequency + Mid-frequency + Sensitive,0.04279878898458913,0.019609306081222393,False,0.0,False,not_required
26,0.044786574631258624,0.015863751580336857,0.03788881615776621,0.017957442830616715,0.8803971354166666,0.020071614583333286,0.8911328125,0.040973307291666705,0.0241948980981969,0.009567274607273784,0.019151920020923002,0.010898349538894285,0.6244601116754616,0.1099772375260637,0.6631656025311409,0.14060721264356757,85.27511645898934,8.004790128500986,86.31804883906824,6.597446537507068,0.18097135424045557,0.022747170459055666,0.1907855381527208,0.03634566516152807,0.9595259771188991,0.21230386945480317,0.14630229092127278,0.2872124772348072,-0.0047408119721978476,0.01972426212680159,-0.02453060615734695,0.1138651326789887,0.9155032272521861,0.28814241162642473,0.021673409059559952,0.6438128571033013,0.1858784461965882,0.9978530814914567,0.9954614034357444,0.9938367045680468,0.9957170631650826,0.9938367045680468,0.2775951924029434,0.5254230785426653,0.19698172905401623,0.5272231938131213,0.7251493498422099,0.44293805924633767,0.9976023836584605,0.5100107448833952,77.3570450438769,0.20481558899145205,3.2956426824930727e-05,Dense-global,Oriented-edge,Intermediate,Achromatic,Mid-frequency,Achromatic + Oriented-edge + Mid-frequency + Intermediate,0.045854466928307844,0.024646235399133708,False,0.0,False,not_required
27,0.01094161669502883,0.004449898684958481,0.009357175501836918,0.006293045443314202,0.82650390625,0.11298828124999982,0.8257421875,0.3996582031249999,0.0017140524747898136,0.0009482718732433957,0.0016276645772886258,0.001414800451699468,0.4105894663611366,0.1785266193969185,0.4286771910407958,0.12934800385531814,93.3213646478351,8.590999114356379,90.21169335224664,8.836927002117804,0.07078578886299536,0.019336347338966088,0.07179660059685494,0.02721885026673944,0.6428125864143229,0.3679269218392285,0.717621291914676,0.5489764374398025,0.0,0.16494714991636145,0.0,1.4797841078515273,0.999999999515995,0.6535402865340726,0.0016708585260392197,0.4196333287009662,0.07129119472992515,-0.14712773574953444,-0.8366025021373659,0.2761533911028792,-0.23585894892800705,-0.8366025021373659,0.5692168445802689,0.2864304383992352,0.14435271701957583,0.8372017376336679,-0.10222195680323198,-0.5372559185811591,0.7973944913342911,0.33202535880648654,88.8596249415025,0.16750178317741654,0.02383029541050396,Dense-global,Mixed/isotropic,Sensitive,Opponent,Mid-frequency,Opponent + Mixed/isotropic + Mid-frequency + Sensitive,0.011187606732733816,0.001852738661831044,False,0.0,False,not_required
28,0.025499056219100244,0.01077570609571165,0.02881560699452273,0.01822437157317545,0.99361328125,0.007822265624999991,0.9966666666666666,0.006679687500000031,0.0039182145489918135,0.002607905646841953,0.0038715615906414736,0.003158969113085798,0.20513221218125405,0.2569245333304776,0.18013298747720216,0.15331803867904392,89.81494971752448,42.80844036166454,86.41506355297949,24.502660715864522,0.06558296075191913,0.012006759718400942,0.06661726182869537,0.032372918909493266,0.7669061402298676,0.4043438582908283,0.25612204694657026,0.12481908106750061,0.0,0.15798871738152914,0.0,0.30913221808750013,0.9999999997926978,0.35318333716068107,0.0038948880698166438,0.1926325998292281,0.06610011129030725,-0.982477548273699,-0.8578440219300788,0.7762794579557418,-0.35468070408267866,-0.982477548273699,0.5974151973776543,0.3619985313061067,0.040586271315889086,0.7852315434345798,-0.5889285366437919,-0.19124487423706374,0.9774122081530625,0.10948739914268077,23.841303206025856,0.19179826958487997,0.012056774314535309,Dense-global,Mixed/isotropic,Sensitive,Opponent,Mid-frequency,Opponent + Mixed/isotropic + Mid-frequency + Sensitive,0.02974763447480823,0.0041155474731775395,False,0.0,False,not_required
29,0.04159592549840051,0.010744742917863578,0.036889629933190456,0.039024500386946624,0.43177734375,0.06874674479166665,0.4061458333333333,0.39272135416666665,0.007702585373710392,0.0041095963184529195,0.006558061242006608,0.006813406038234318,0.36457754893087135,0.12679030555177373,0.38467277754854284,0.22004210272875996,76.71754960520079,15.70799510423575,83.85710719935835,20.320926357690908,0.08148177880437235,0.03377923133774008,0.09133818577368094,0.09664965449172472,0.9242213352932441,0.39861891608771627,0.40110656359023455,0.6974889501589826,0.0,0.10549924338161984,0.0,1.0977830333685943,0.9911084399054155,0.526256147649095,0.0071303233078585,0.37462516323970707,0.08640998228902665,0.9096159907953579,0.7988569687100884,0.6281033455410426,0.7788587683488296,0.6281033455410426,0.2747500669974999,0.5897744399264898,0.13547549307478515,0.5356615461731441,0.7926014825264214,0.29128954297797127,0.9018409060521544,0.45130876608280085,75.18550787778776,0.36633400431594404,0.00045810086252850464,Moderate-region,Mixed/isotropic,Sensitive,Achromatic,High-frequency,Achromatic + Mixed/isotropic + High-frequency + Sensitive,0.044471326705156355,0.008033424330657114,False,0.0,False,not_required
30,0.024653938115377347,0.014517384393674705,0.01886429347787249,0.012778040662339606,0.9359179687500001,0.025602213541666585,0.9431705729166666,0.040322265624999964,0.019207480117634183,0.010594069811907188,0.015160264836412737,0.011524582519063336,0.5189172968918181,0.169635583438271,0.5212130151014831,0.2067607337231298,89.59868333924877,11.443077723689484,89.35106735425879,9.523932020705857,0.3428172580831145,0.0360254709693269,0.34890328330705006,0.037518753214072886,0.9520554932607432,0.21935287850378782,0.16481362325976034,0.24256376622488446,0.0,0.04177489707189403,0.0,0.22017417046348373,0.9671847546507318,0.27701932269040574,0.01718387247702346,0.5200651559966506,0.3458602706950823,0.9814737352950401,0.9745779264030132,0.9327125138789137,0.962921391858989,0.9327125138789137,0.2890220797991191,0.6089208384920314,0.10205708170857586,0.5388906594553936,0.783679464598261,0.3089390780052183,0.9837373286192846,0.7583423553911888,93.75870457689054,0.380414122346705,2.325357835512992e-06,Dense-global,Texture/high-frequency,Intermediate,Achromatic,High-frequency,Achromatic + Texture/high-frequency + High-frequency + Intermediate,0.02543124816602299,0.019259444736192562,False,0.0,False,not_required
31,0.0461497492491754,0.008759990472104823,0.0363853261942718,0.021292606333186047,0.9786393229166667,0.010110677083333242,0.9753841145833333,0.024934895833333304,0.0090742655797263,0.005127963909425029,0.009491580618136949,0.0061195292874232955,0.546416662173554,0.14484506708341582,0.5202573771227963,0.07138785120727881,105.42616516995614,10.166307539226167,108.28047460136553,8.394925888473722,0.06898703381257074,0.02355282720328645,0.08377133654086133,0.05180805903169536,0.9589737988838178,0.14292902376123406,0.28867670656077704,0.38980900976343646,0.0,0.2187851984319114,0.0,0.5927824606843313,0.974665664953797,0.14757047989260508,0.009282923098931625,0.5333370196481751,0.07637918517671603,-0.5594499073962094,-0.9622868454359065,0.7073092470881307,-0.27147583524799507,-0.9622868454359065,0.6989845611974316,0.04989095793505172,0.2511244808670318,0.8520346266108979,-0.14129811587768237,-0.5040553913067937,0.9553918039425827,0.6850419979807107,116.79813043593619,0.2131078646461603,8.05014475934358e-05,Dense-global,Mixed/isotropic,Sensitive,Opponent,Mid-frequency,Opponent + Mixed/isotropic + Mid-frequency + Sensitive,0.0461497492491754,0.009820760218276093,False,0.0,False,not_required
32,0.03000862689098756,0.010974089796402436,0.016852109164320492,0.018373441503400104,0.95666015625,0.05787760416666676,0.9831119791666667,0.037867838541666754,0.0024871676177830445,0.0013199770958086515,0.0018599922749147934,0.0013761917957979194,0.24410808095284814,0.2164704315594032,0.18601430931636254,0.11939149686125405,87.2780481694161,19.704208662863607,83.40389247726299,13.05573801254755,0.037641666363990314,0.0077547330938526615,0.04480038899002395,0.013199563596194432,0.9146768070245331,0.29395893110988014,0.3131733583563139,0.2044985535057225,0.0,0.21930883120232164,0.0,0.613369405948089,0.8788670635181788,0.3466695785739401,0.002173579946348919,0.21506119513460534,0.04122102767700713,0.30985740358001423,-0.8338149449239728,0.1987493430438638,-0.10840273276669825,-0.8338149449239728,0.32907708929436935,0.05201063070610486,0.6189122799982185,-0.6083958243671794,0.001525259037320148,0.7936322791302338,0.867957755954626,0.13858863765777438,64.36248429879622,0.18567501845801762,0.015666014216993023,Dense-global,Mixed/isotropic,Sensitive,Opponent,Mid-frequency,Opponent + Mixed/isotropic + Mid-frequency + Sensitive,0.03000862689098756,0.0024896444264406676,False,0.0,False,not_required
33,0.027917788278424647,0.009089604369208481,0.02237062736231102,0.02618427863039157,0.98193359375,0.010540364583333406,0.982421875,0.015126953125000009,0.0038510175515417693,0.0014548690926293123,0.004691195584500957,0.00413685477836211,0.24371786137256815,0.1293026154110319,0.22436145784134112,0.11668683310311673,73.94449823864855,19.647828601193652,71.56261605740164,13.7264957433473,0.05647905267281918,0.023302392514147605,0.06966182213988974,0.02676257473648186,0.8680636653730313,0.349348339364984,0.377375884968547,0.37852356615327654,0.0,0.2833302772166363,0.0,0.8519180232661681,0.9999999998153901,1.3895490231921332,0.004271106568021363,0.23403965960695464,0.06307043740635446,-0.9468748304805085,0.8141550727124701,-0.9266845298834637,-0.35313476255050064,-0.9468748304805085,0.17075148816106728,0.6198846058547912,0.20936390598379373,-0.3976467864698381,0.7866914652790528,-0.4722219516999482,0.9544225379467324,0.05185446086954106,56.84342024829567,0.1773148685967131,0.01073320201378115,Dense-global,Mixed/isotropic,Sensitive,Opponent,Mid-frequency,Opponent + Mixed/isotropic + Mid-frequency + Sensitive,0.030283561616562496,0.0051525827556706556,False,0.0,False,not_required
34,0.023361057957586275,0.008907476518019142,0.02083374585314031,0.01986449793969695,0.4315559895833333,0.11258463541666669,0.44110677083333333,0.35498697916666677,0.0020462815832932467,0.0010365661094820027,0.002535002662363878,0.0011872806658555523,0.27656219299817486,0.1749524088172543,0.25050581238774927,0.18131978113254005,95.9062971734189,18.940052281069867,90.93683997004348,23.9068240428643,0.038392480539808656,0.017270383724605883,0.05111228841968238,0.019277171011358167,0.9219725164735659,0.47032874574136196,0.5789342600511287,1.003727999417533,0.0,0.16716122870243152,0.0,1.2836629620453561,1.0026100920119216,0.8360909313057625,0.0022906421228285623,0.26353400269296207,0.04475238447974551,0.7074004308609723,-0.3276945469234606,0.2499667586950327,0.20989088087751476,-0.3276945469234606,0.4756482652879374,0.36794264845571156,0.156409086254637,0.692901530329001,0.7207437292453641,-0.02039475474757756,0.7043212119233268,0.1195108422164559,99.71238744474583,0.26182464224779733,0.006536799973386324,Moderate-region,Mixed/isotropic,Sensitive,Opponent,Mid-frequency,Opponent + Mixed/isotropic + Mid-frequency + Sensitive,0.024500850323557206,0.0026787741667904747,False,0.0,False,not_required
35,0.028526828655925877,0.006430774688007394,0.024494154525504967,0.031619578342718724,0.38609375,0.08432291666666669,0.35791666666666666,0.4350162760416667,0.002146940481335037,0.001030803060658099,0.0019763711193029427,0.002211873918035456,0.14147681958834413,0.16393255185862748,0.13582730021227724,0.11890217393322738,98.85673846088983,44.21281207672217,113.92019821355143,77.68245337590206,0.03861280398510393,0.01022179400186412,0.045451812762427185,0.04512266614470762,0.8958307915467763,0.47680554705072753,0.47194211420042775,0.6886316592117528,0.0,0.106827585645559,0.0,1.2085134662512025,0.9999999995542477,0.80465023261247,0.00206165580031899,0.13865205990031068,0.04203230837376556,-0.7368818738740971,-0.8749850421778367,0.9365103377584001,-0.22511885943117793,-0.8749850421778367,0.17098156488346503,0.22991043506897127,0.5991080000461174,-0.37664625204429314,0.5023923114184773,0.778292725295943,0.9355255416626197,0.38618224606022744,166.98993415684674,0.21945240219167436,0.0071069667517310985,Moderate-region,Mixed/isotropic,Sensitive,Opponent,Mid-frequency,Opponent + Mixed/isotropic + Mid-frequency + Sensitive,0.03021470343029964,0.0022991980012835663,False,0.0,False,not_required
36,0.0,0.0,0.0,0.0,0.0,0.0,0.0,0.0,0.0,0.0,0.0,0.0,0.0,0.0,0.0,0.0,0.0,0.0,0.0,0.0,0.0,0.0,0.0,0.0,nan,nan,0.0,0.0,0.0,0.0,0.0,0.0,0.0,0.0,0.0,0.0,0.0,0.0,0.0,0.0,0.0,0.0,0.022223270947103236,0.004876004327640784,0.0037825887913407186,0.6114065826291488,0.601189940498545,0.5145411996731672,0.013254086507701032,0.0013560613419537667,58.25993511876991,0.18503678821139416,0.026205441920174606,Ultra-sparse,Mixed/isotropic,Sensitive,Mixed-colour,Mid-frequency,Mixed-colour + Mixed/isotropic + Mid-frequency + Sensitive,0.0,0.0,True,1.0,True,pending
37,0.056491058616972636,0.00856801773151343,0.03735870279733493,0.027212744075946455,0.999921875,0.00023437500000000888,0.9999869791666667,0.0001595052083332993,0.0024749565520528986,0.001299371173346823,0.0017267421056865481,0.0014648349912630412,0.16752389980912202,0.1592778956076335,0.12309219226861151,0.10783233250774006,78.76031651143998,55.843233108488825,57.53753310063932,71.8610796551233,0.02668069258771883,0.005527972600094137,0.03048121272089146,0.013106679482637242,0.9846681108846742,0.11773572967013035,0.2886255167736802,0.3908460735917427,0.0,0.26051427151203466,0.0,0.6291909343660567,0.7900298826118197,0.39163408675534883,0.0021008493288697232,0.14530804603886677,0.028580952654305145,0.46604665984173577,0.37515337496045,0.2638172357228407,0.3683390901750088,0.2638172357228407,0.05958111547647367,0.12085105452266316,0.8195678299969033,0.08527851754625307,0.08714267164626244,0.9925390315869019,0.8932781693412691,0.19706375286221026,1.9196016124778368,0.22310848224666838,0.010496050236002938,Dense-global,Mixed/isotropic,Sensitive,Colour-selective,Mid-frequency,Colour-selective + Mixed/isotropic + Mid-frequency + Sensitive,0.056491058616972636,0.0024749565520528986,False,0.0,False,not_required
38,0.0,0.0,0.0,0.0,0.0,0.0,0.0,0.0,0.0,0.0,0.0,0.0,0.0,0.0,0.0,0.0,0.0,0.0,0.0,0.0,0.0,0.0,0.0,0.0,nan,nan,0.0,0.0,0.0,0.0,0.0,0.0,0.0,0.0,0.0,0.0,0.0,0.0,0.0,0.0,0.0,0.0,0.001104926879408675,0.0014285111514233902,0.0004537706695173585,0.8817858091537649,0.4587284956293339,0.1096446718846317,0.0013367438844819697,0.00037179049138849005,14.623884648980646,0.1784795534707498,0.015700549467158976,Ultra-sparse,Mixed/isotropic,Sensitive,Mixed-colour,Mid-frequency,Mixed-colour + Mixed/isotropic + Mid-frequency + Sensitive,0.0,0.0,True,1.0,True,pending
39,0.006890332054847043,0.004139064054504825,0.006877075209231814,0.004574018221054425,0.9870703125,0.010797526041666616,0.9893229166666666,0.011458333333333348,0.004182486468205527,0.0038982157591003113,0.005747126117097732,0.004085713181832751,0.2660183810481211,0.147108434051349,0.2586705574463485,0.15287806760416295,132.17327013907115,32.02431067985016,115.39907322561965,51.95115543282493,0.3500277989081398,0.12743909707044376,0.40864685152180763,0.1412187219751957,0.9183739254081933,0.31889226545639093,0.13627118959420578,0.19521703875970464,0.0,0.05916892494183648,0.0,0.2483635703760728,0.9999999998760575,0.6942812104142196,0.004964806292651629,0.26234446924723476,0.3793373252149737,0.9416056753089326,0.9572003182352158,0.9765805434145508,0.958462178986233,0.9416056753089326,0.2841505854953207,0.49223976160998734,0.22360965289453902,0.5266877221292736,0.7053358928091901,0.4744484394255498,0.9731244297589852,0.7953498848164163,135.20136421924633,0.5920713494331885,3.2080259125731936e-06,Dense-global,Texture/high-frequency,Intermediate,Achromatic,High-frequency,Achromatic + Texture/high-frequency + High-frequency + Intermediate,0.007212224892639022,0.006002491062816375,False,0.0,False,not_required
40,0.0037133275340629386,0.004761634021887545,0.0049392029040290775,0.004074527367583545,0.994921875,0.011813151041666692,0.9921549479166667,0.01073567708333334,0.003710455835177392,0.004811048554105033,0.0051530859371701244,0.004150548748024211,0.38400670322354397,0.11227993244742734,0.35619088009937017,0.12139765068755431,45.78492582927412,2.541717859539368,45.814790499841365,2.6859943226777645,0.5671521416544734,0.03628200345988486,0.572490841152208,0.030116631725408904,0.8889110428117327,0.2942319622742967,0.08011534069345977,0.06263991644663128,-0.00011906864278932172,0.001996102690773466,-0.0004849443963861641,0.008134921570749904,0.9999999998993364,0.5365048104353163,0.004431770886173758,0.3700987916614571,0.5698214914033407,0.9206314023475625,0.676752315801611,0.8686860501746791,0.8220232561079509,0.676752315801611,0.337482815908386,0.4223588871767699,0.24015829691462973,0.5754874396427896,0.6807639322652779,0.4531828277197881,0.9003781618355777,0.7706395951910926,46.08840980523109,0.5976420212943471,2.6996445343372232e-06,Dense-global,Texture/high-frequency,Sensitive,Achromatic,High-frequency,Achromatic + Texture/high-frequency + High-frequency + Sensitive,0.005161023928507409,0.005379152117586684,False,0.0,False,not_required
41,0.02357468219300423,0.00538313912074239,0.018398618531547957,0.0139606202248212,0.9881119791666666,0.009967447916666705,0.9889908854166667,0.012252604166666625,0.007821147874952642,0.006922087664953732,0.006157564486484512,0.008042928168636986,0.3599127813776942,0.1992302142109475,0.34160222465289025,0.15340849700874898,28.148331211652128,158.6722562516659,35.96443751066343,154.11899988669336,0.12732518262499729,0.0805289494041184,0.15693994176551396,0.09012064178580756,0.9682343079530008,0.13633680375291113,0.20810153230335876,0.28539451582537784,0.0,0.1510430547675136,0.0,0.44159355262701505,0.9787737424451709,0.30725672479988153,0.006989356180718578,0.35075750301529224,0.1421325621952556,0.9812420142197311,0.9460091068230596,0.9542782436498218,0.9605097882308709,0.9460091068230596,0.29967695476486883,0.5348678319587453,0.16545521327618695,0.5477229809065346,0.7360195257339531,0.39783764769718155,0.9806386091857289,0.5039054801954687,4.261440957032449,0.4609037030770505,1.2647541502033805e-05,Dense-global,Mixed/isotropic,Intermediate,Achromatic,High-frequency,Achromatic + Mixed/isotropic + High-frequency + Intermediate,0.02403250397007303,0.007821147874952642,False,0.0,False,not_required
42,0.0525188927423349,0.018393387505672286,0.03705998515206481,0.025600155332803465,0.9840755208333334,0.013411458333333237,0.9830664062500001,0.016585286458333348,0.0143811439451499,0.008192921861587384,0.010991928308991107,0.012473855482998168,0.4726512631990274,0.10381773038831865,0.42523654573436864,0.10799262446034619,91.69390389756694,17.11364056076792,92.39207528169808,15.781437510991623,0.14059367900719644,0.06048433137289273,0.1536488263111143,0.08574371115137482,0.9722056431711236,0.15913254707641655,0.23705048104315884,0.36211982002086673,0.0,0.21908730223220413,0.0,0.5618552652183089,0.8455403214162766,0.3610616249618547,0.012686536127070503,0.448943904466698,0.14712125265915538,0.9920116263798558,0.9509941770963972,0.9271592595896071,0.9567216876886201,0.9271592595896071,0.3264145735749871,0.5693778987834646,0.10420752764135839,0.574266568364146,0.7583128949716692,0.30851168823717795,0.9852793183620341,0.6333060307806457,104.6777718347831,0.4465994574560411,2.7114640088721652e-05,Dense-global,Texture/high-frequency,Intermediate,Achromatic,High-frequency,Achromatic + Texture/high-frequency + High-frequency + Intermediate,0.05277033555736509,0.0143811439451499,False,0.0,False,not_required
43,0.04769901780153145,0.015703278315607576,0.03868971004646629,0.02159599928746076,0.9575130208333333,0.029602864583333277,0.9582356770833333,0.04498046874999995,0.017524746112675592,0.022688896313976664,0.015270755127085466,0.018289103874357185,0.7056895733233506,0.09609699937809335,0.6845452040773341,0.12600330954309735,49.55932449627418,7.972459912043895,49.72346793996908,7.405942582353909,0.1535452349714317,0.08928265312674522,0.17741369163805273,0.10181801233663151,0.9679877683819235,0.17328957975623527,0.274366777741623,0.3987675896875766,0.0,0.18715620380372816,0.0,0.571246446642526,0.9573826010190454,0.2714973405162334,0.016397750619880528,0.6951173887003423,0.16547946330474222,0.9945197168746179,0.7452328655835212,0.7697660378595421,0.8365062067725605,0.7452328655835212,0.44525894923015075,0.49430274498972504,0.06043830577979719,0.6749391515651683,0.7118774738808641,0.19413295409458636,0.9727961238698671,0.8929109557857748,43.83422077492666,0.318826724219055,4.7927777139253195e-05,Dense-global,Oriented-edge,Intermediate,Achromatic,High-frequency,Achromatic + Oriented-edge + High-frequency + Intermediate,0.04769901780153145,0.017524746112675592,False,0.0,False,not_required
44,0.043244408001035205,0.009585675834071432,0.03303920026178717,0.015443893365138225,0.96044921875,0.02775716145833329,0.9634830729166666,0.04199869791666666,0.014346081449770991,0.011836989838447637,0.01771434777936438,0.009784659437092662,0.5392816947539849,0.12845353724003372,0.5540084473933318,0.25165488309702505,14.962871357667819,13.208171265657413,8.30552817105399,15.729622460237767,0.12496050514218277,0.07310576222699677,0.1508640227005706,0.08024572569738996,0.960973515149659,0.18847865903653593,0.32546387302885904,0.458137604048908,0.0,0.20233524953219018,0.0,0.6914774072282792,0.9999999999618536,0.8832995327456796,0.016030214614567686,0.5466450710736583,0.13791226392137668,0.9933590920723374,0.931726417203033,0.9064777997625761,0.9438544363459821,0.9064777997625761,0.33733051008934317,0.537713147858612,0.12495634205179168,0.5861340895787283,0.7380228678014166,0.33431882333468466,0.9796613458831259,0.710088921352939,14.916789870085802,0.37317510678445664,6.242331600172156e-05,Dense-global,Mixed/isotropic,Sensitive,Achromatic,High-frequency,Achromatic + Mixed/isotropic + High-frequency + Sensitive,0.043667543331020055,0.018292647151016576,False,0.0,False,not_required
45,0.08003353862108298,0.01621894794344096,0.07156855054297487,0.05251129638196729,0.9998372395833333,0.000784505208333397,0.9996549479166668,0.0011132812500000977,0.0034384838798000275,0.0014844955620868469,0.003449997645946599,0.0025067737435352064,0.17477600823855105,0.1879211139366299,0.1695264578206902,0.09786280451354924,104.47361583755671,41.40783955620954,102.08351723322505,46.37319068106571,0.026971966647909133,0.005265020677371283,0.029785055590334772,0.017070175221692765,0.9830797600842605,0.06963291167931907,0.13654751155583728,0.27532169638449056,0.0,0.19726878460340103,0.0,0.3449797809188062,0.9621547499747485,0.37871922668775204,0.0034442407628733135,0.17215123302962063,0.02837851111912195,-0.8516916670368259,-0.38871338659278,0.1573782244986946,-0.3610089430436371,-0.8516916670368259,0.7735613811721531,0.21199654646173136,0.014442072365214588,0.9123184540642966,-0.40606415313617933,-0.05279149468929589,0.9381207154957708,0.13923975313350356,171.32496584117524,0.18564513194905505,0.013507116964022682,Dense-global,Mixed/isotropic,Stable,Opponent,Mid-frequency,Opponent + Mixed/isotropic + Mid-frequency + Stable,0.08207037911533333,0.003779637586483804,False,0.0,False,not_required
46,0.0851137679146538,0.018253424070580143,0.056665529628795244,0.039177004564489123,0.9933203125000001,0.003619791666666594,0.9946484375,0.009954427083333273,0.006662385802846216,0.0029775924492769857,0.004705854662390764,0.003789143334869735,0.46188669220658307,0.163999178759359,0.5042145158245415,0.19753106432987488,74.83892137031125,13.706167964471987,76.13445688318694,13.349902251892587,0.034565016134529794,0.010260504244001972,0.04051733177623122,0.0204230672083947,0.982243589718931,0.10133388514053021,0.32984840745963884,0.4542129119261787,0.0,0.33150787872705934,0.0,0.7050792123159185,0.8868889760669576,0.3598682705104064,0.00568412023261849,0.48305060401556227,0.03754117395538051,0.8611742120029464,0.6119693028348646,0.8414321797141127,0.7715252315173079,0.6119693028348646,0.4095961475773569,0.4348495727758064,0.15555427964234053,0.6692153982944518,0.6526825102351914,0.3551848694957138,0.877036730625284,0.47600731222002207,76.97314300975428,0.2994213760912264,0.0036960031207745854,Dense-global,Mixed/isotropic,Sensitive,Achromatic,Mid-frequency,Achromatic + Mixed/isotropic + Mid-frequency + Sensitive,0.0851137679146538,0.006767843582665757,False,0.0,False,not_required
47,0.05042308126529946,0.01183743494383277,0.03852446514644515,0.02046045292573031,0.9819791666666666,0.017356770833333313,0.9844791666666667,0.020898437499999867,0.01041451170140292,0.014732322612571893,0.009521834138162434,0.011664297261002744,0.6622827511311596,0.10970071542983628,0.6209633938571584,0.16011191005371928,48.585832154979414,6.886279643003057,47.987960306385474,4.51756259996619,0.10967006351396194,0.07960704952967701,0.14447888932269928,0.1109851844408493,0.9717296645608724,0.1498366270733259,0.2754663787174669,0.39316870466052395,0.0,0.22280092983291594,0.0,0.579579715257653,0.9195298613912026,0.3143635992728394,0.009968172919782678,0.641623072494159,0.1270744764183306,0.9769254000232519,0.9896432082627444,0.9800015589942002,0.9821900557600655,0.9769254000232519,0.2603125377679055,0.5497252920858965,0.1899621701460346,0.5086549750314788,0.742992741052095,0.4350079345478889,0.9882007401582119,0.865240895522695,47.93611839030989,0.4590941626003427,2.0848453258562045e-05,Dense-global,Oriented-edge,Intermediate,Achromatic,High-frequency,Achromatic + Oriented-edge + High-frequency + Intermediate,0.05086292774424573,0.01041451170140292,False,0.0,False,not_required
48,0.0,0.0,0.0,0.0,0.0,0.0,0.0,0.0,0.0,0.0,0.0,0.0,0.0,0.0,0.0,0.0,0.0,0.0,0.0,0.0,0.0,0.0,0.0,0.0,nan,nan,0.0,0.0,0.0,0.0,0.0,0.0,0.0,0.0,0.0,0.0,0.0,0.0,0.0,0.0,0.0,0.0,0.002923013866246216,0.0010711448001907227,0.0026834902702148737,0.458708660195845,0.5495818788916251,0.6982450310996017,0.0028531871581903624,0.0005749171078389421,75.47269488259985,0.20222017197535844,0.021802672513048318,Ultra-sparse,Mixed/isotropic,Sensitive,Mixed-colour,Mid-frequency,Mixed-colour + Mixed/isotropic + Mid-frequency + Sensitive,0.0,0.0,True,1.0,True,pending
49,0.02729172757846267,0.012056950076517227,0.023495819963084322,0.01968819407516923,0.9540625,0.025218098958333268,0.9566015625,0.030289713541666652,0.018233325814420963,0.016408187994196518,0.014241254889950207,0.015716467538809054,0.6938046573341862,0.11183555678889368,0.6618950565078796,0.15405369067804175,132.18998925584208,4.14893506450403,132.79351037857526,5.20450122181262,0.2379570109788179,0.103880093469367,0.2595538875797171,0.0868508289277567,0.9545005494458128,0.16770712277061917,0.22100312515635182,0.34615544500586237,0.0,0.11773125317098904,0.0,0.48942095601092583,0.9038555013757421,0.28652150790039055,0.016237290352185584,0.677849856921033,0.24875544927926752,0.9768249555998715,0.9394992878781188,0.8928934673873047,0.936405903621765,0.8928934673873047,0.2918085684479382,0.589571365325735,0.11862006622607076,0.5435432436481031,0.7738899950084652,0.32504617811981246,0.9732579081081099,0.8935926804085844,133.91856763347752,0.36847136023142063,1.593699721058368e-05,Dense-global,Oriented-edge,Intermediate,Achromatic,High-frequency,Achromatic + Oriented-edge + High-frequency + Intermediate,0.02729172757846267,0.018233325814420963,False,0.0,False,not_required
50,0.009392337129187767,0.005939481318439782,0.008551978188719677,0.006443583138386666,0.9905533854166666,0.009381510416666683,0.99052734375,0.009059244791666532,0.008187128686034304,0.005653583966551793,0.007935331625199672,0.005501360705802545,0.3692734529770908,0.11996554534902609,0.3802048243136289,0.14085449666583866,146.5624997596463,13.31587412087535,154.47960348801143,27.804110138128777,0.39041387933623584,0.0939595213683101,0.4058765371006934,0.07037453328511106,0.9157499776282934,0.27754490416474664,0.08058886191225353,0.12053113109368316,0.0,0.03219662823437845,0.0,0.10547941011153884,0.9999999999303153,0.49753812403251874,0.008061230155616987,0.37473913864535985,0.3981452082184646,0.9896851087833329,0.8970810505286674,0.8585518643514387,0.9151060078878129,0.8585518643514387,0.3211632572730048,0.5049492191479709,0.17388752357881374,0.5763316721224557,0.719443683790493,0.38761138987715416,0.961279473248788,0.7255082515659007,134.7719936891793,0.560549929707887,2.818882815314516e-06,Dense-global,Texture/high-frequency,Intermediate,Achromatic,High-frequency,Achromatic + Texture/high-frequency + High-frequency + Intermediate,0.010279096300409091,0.009000230263113109,False,0.0,False,not_required
51,0.094717667657967,0.019710844108646264,0.0700139310691552,0.043540262282781635,0.9942578125,0.008111979166666616,0.992421875,0.009586588541666718,0.015030605136473493,0.014931778655186113,0.011148112766668484,0.014691586352229818,0.7343917633266976,0.1639697180528804,0.6728608917275184,0.17546772909192032,132.8857362648203,4.910213583020379,132.96214841432123,3.8322526292153896,0.06768317001659377,0.037160781888440464,0.08103589391365609,0.05904666023626892,0.978822582113918,0.112549629872156,0.24521341378722783,0.36538279346154867,0.0,0.32892312834596193,0.0,0.5882071656740713,0.9020069848405874,0.38160231734325223,0.013089358951570988,0.703626327527108,0.07435953196512493,0.981059657231008,0.9796834196338252,0.9524517212815385,0.9710649327154571,0.9524517212815385,0.3013624984012821,0.5517622138265956,0.1468752877719046,0.5503975364236203,0.7451061343901992,0.3766688205743932,0.984246131418071,0.8906521701583853,133.10764358550222,0.3929251462499212,0.00010340500844455349,Dense-global,Oriented-edge,Intermediate,Achromatic,High-frequency,Achromatic + Oriented-edge + High-frequency + Intermediate,0.09506731366260526,0.015030605136473493,False,0.0,False,not_required
52,0.02090305904283552,0.009874649464914117,0.018074210124949815,0.012617899384916713,0.9490494791666667,0.03221354166666668,0.9486848958333334,0.04567382812500009,0.0037319290805048304,0.0018934707581173453,0.0037852490514289263,0.002471050987922485,0.2411398219479165,0.17898926148045163,0.16163721298595107,0.10269475040339476,105.27392648887404,22.179964113484303,102.72681111407101,30.361919759550617,0.07149581922677556,0.02860093504380154,0.07958533975407553,0.02619669081608096,0.8966857634341054,0.292399793477537,0.22699525300612564,0.16124481329406298,0.0,0.021306905385554818,0.0,0.07406302693854061,0.9999999997646489,0.25665832096747443,0.0037585890659668783,0.2013885174669338,0.07554057949042554,0.7344142465815966,-0.8216100763109317,-0.9744205883022659,-0.353872139343867,-0.9744205883022659,0.04768134166379446,0.3767972113046544,0.5755214470311715,-0.21091753745213654,-0.5728499428525688,0.7920585428924652,0.9664870796788985,0.06274008954073153,71.10172878135381,0.1842790649984813,0.012703088846960676,Dense-global,Mixed/isotropic,Sensitive,Opponent,Mid-frequency,Opponent + Mixed/isotropic + Mid-frequency + Sensitive,0.022179489585438902,0.004086977455809224,False,0.0,False,not_required
53,0.029529031864989015,0.006253323219117701,0.021868086829147645,0.013624461786530574,0.993671875,0.006523437500000062,0.9958268229166667,0.0074414062500000044,0.005076556453792274,0.0043017430092603965,0.004773833158785804,0.0046341282917914004,0.6278636757247468,0.23539684838157565,0.5509096204230912,0.30507166691333665,133.40186144639802,3.2443786794775065,133.6781880726625,3.007725477665929,0.08220605405869587,0.04431231767859131,0.1101082168841647,0.09700740818881151,0.9749258599605144,0.13176691632756032,0.23827652329075621,0.32855356538808506,0.0,0.18611799457221082,0.0,0.5137607649900319,0.9739862648841191,0.23251244895415946,0.004925194806289039,0.5893866480739189,0.09615713547143029,0.9680780153924863,0.9924759245505539,0.9657300551922028,0.9754279983784144,0.9657300551922028,0.27185272028411256,0.5253354876740685,0.20281179204166036,0.520847000144556,0.7259993249900027,0.44904719412827493,0.9827532507122185,0.8299157718277391,133.78349569011925,0.5426178513061792,9.146191147567379e-06,Dense-global,Oriented-edge,Intermediate,Achromatic,High-frequency,Achromatic + Oriented-edge + High-frequency + Intermediate,0.029804916370972552,0.005076556453792274,False,0.0,False,not_required
54,0.0025208972659515614,0.0012180716413999315,0.0018157171716268966,0.00423466977263726,0.2519401041666667,0.09238932291666668,0.18931640625,0.2948079427083333,0.0002731862224407347,0.00017682315864153678,0.0002464456708824613,0.0004879327672008114,0.19555117740170005,0.07932124264281729,0.16832246774378676,0.1736908891921059,51.3233188207515,38.48443013990243,39.69197352488092,55.10580449612028,0.046164530449946374,0.01236939272044938,0.04655485532858996,0.03559153143212086,0.8852473738326112,0.2448839216726425,0.9819798673264288,0.6575353690546542,0.0,0.02778315083495195,0.0,1.7512540569960464,0.9999999956894348,1.5139378458551223,0.000259815946661598,0.1819368225727434,0.04635969288926817,0.9745610305469559,0.11738287612010037,0.18908679567982098,0.4270102341156257,0.11738287612010037,0.34761633299891115,0.3482975931041069,0.30408607388909825,0.7092758320051287,0.703737131944785,0.041010282315057565,0.9312163474592442,0.44537077399172437,56.874546572892704,0.22880774528880662,0.01290344290657825,Moderate-region,Mixed/isotropic,Sensitive,Mixed-colour,Mid-frequency,Mixed-colour + Mixed/isotropic + Mid-frequency + Sensitive,0.002948739136729106,0.000323276100970962,False,0.0,False,not_required
55,0.037368818667307985,0.006164826587867503,0.025955089405418588,0.018213020070219247,0.9965755208333333,0.008515625000000027,0.9931119791666667,0.008020833333333255,0.004941158984264496,0.007695075050654042,0.003990566278292074,0.005863960256826993,0.4615668811798423,0.15649840563873413,0.3958355063936674,0.24285877178798987,46.8819531270837,6.497819747678022,46.794035633485116,8.36532866516746,0.07372545816187256,0.06593922281860523,0.09318369389088543,0.09551163291187996,0.9719378334529581,0.1165889185354787,0.26794351750096634,0.3734405248408015,0.0,0.21375129003010299,0.0,0.6306201396908182,0.9573448995126512,0.2648562287324857,0.004465862631278285,0.42870119378675486,0.083454576026379,0.9771595814669058,0.9861060270174379,0.9436137421968019,0.9689597835603818,0.9436137421968019,0.29680870474789867,0.5200416346382758,0.18314966061366397,0.5475749948211849,0.7227286622572026,0.4216929046100894,0.980746198905707,0.7314245486337541,39.1915955124999,0.5544536687999008,1.798348958840775e-05,Dense-global,Mixed/isotropic,Intermediate,Achromatic,High-frequency,Achromatic + Mixed/isotropic + High-frequency + Intermediate,0.037368818667307985,0.004941158984264496,False,0.0,False,not_required
56,0.026899379686268057,0.00720628277912546,0.024235334436536006,0.012215039264956734,0.9162174479166667,0.022893880208333384,0.9201432291666667,0.04449869791666661,0.014052617226341697,0.007792027817488301,0.01302132914089716,0.0068548989944556375,0.45631126412847234,0.1380462791237228,0.4339342010325512,0.1432989491918623,137.66299108871038,14.560616405202325,139.53999593439073,12.207202028394704,0.17782601188787517,0.050711258896264544,0.20820519238684487,0.06208949893162424,0.9517023754372197,0.20379043053471269,0.2390803673079594,0.4065516362485475,0.0,0.09168308641965947,0.0,0.522498504748235,0.999999999941855,0.24255354003202256,0.01353697318361943,0.44512273258051177,0.19301560213736002,0.9943225178553512,0.915561992206133,0.9118120238161239,0.9405655112925361,0.9118120238161239,0.3505862095767639,0.5421052085916659,0.10730858183092405,0.595925809284749,0.741809699971135,0.30755617187280054,0.9816617566435587,0.705351402450367,144.89520744145966,0.30212301123475904,3.219030794785892e-05,Dense-global,Texture/high-frequency,Intermediate,Achromatic,Mid-frequency,Achromatic + Texture/high-frequency + Mid-frequency + Intermediate,0.026899379686268057,0.014052617226341697,False,0.0,False,not_required
57,0.05535275633848839,0.012106615986146166,0.040136188030452186,0.021697796941188178,0.92826171875,0.022975260416666643,0.9336653645833333,0.0561002604166666,0.019287121456767586,0.007485737017278258,0.014667272322723707,0.008279627993773214,0.5887803599343271,0.09302629625463188,0.6002561897668092,0.17188369087961175,91.51255934031428,9.418218828228518,89.73349942516134,8.166332667126866,0.11722446713726228,0.021332917524617925,0.12938453505568476,0.048462324237467755,0.9682179452043176,0.16425251130532537,0.29794417752406777,0.44420378295903734,0.0,0.17815296052631238,0.0,0.6037715780851043,0.9025375779592312,0.2670002556553184,0.016977196889745645,0.5945182748505682,0.12330450109647352,0.9915456251130967,0.9672863412916406,0.9539593434152215,0.970930436606653,0.9539593434152215,0.3066670474494958,0.4983691895691182,0.19496376298066878,0.5575550448364129,0.7071402993210508,0.4348390151005318,0.9845886769604157,0.7419733876671899,92.89528081436774,0.26903823632428037,0.00037614271524965035,Dense-global,Oriented-edge,Sensitive,Achromatic,Mid-frequency,Achromatic + Oriented-edge + Mid-frequency + Sensitive,0.05634486878647145,0.019287121456767586,False,0.0,False,not_required
58,0.02915324519021959,0.009224938090217065,0.026362580765130435,0.035287083745302525,0.30156901041666667,0.10738281250000001,0.2834700520833333,0.345078125,0.004041107475262396,0.0013903498437778353,0.0034027996456311603,0.00448753660619641,0.19614651120385967,0.12238873485404331,0.17673977535511604,0.17029400181086912,91.73383493455817,27.25752152241411,92.89063826669678,50.202731861910294,0.06065130294826508,0.021264565470320893,0.06974416974489174,0.07372912816338587,0.9143612033336638,0.371541760746532,0.4953599827069043,0.832831645189697,0.0,0.07953181779224969,0.0,1.352036263732374,0.9999999997589366,1.2050510677834074,0.003721953560446778,0.18644314327948786,0.06519773634657841,0.9786029802540311,0.7851672880923029,0.7663816360632226,0.8433839681365188,0.7663816360632226,0.3170614198951544,0.5287551499353798,0.15418343016740604,0.6007718361171338,0.7171134366782901,0.3533008913998097,0.9330201271769681,0.13332958662273683,136.78688223882517,0.2743417537100438,0.005227117293697979,Moderate-region,Mixed/isotropic,Sensitive,Achromatic,Mid-frequency,Achromatic + Mixed/isotropic + Mid-frequency + Sensitive,0.033537563670332615,0.0041472809888860145,False,0.0,False,not_required
59,0.0075564961266661335,0.007208331720435534,0.00629747542963405,0.007555832985122912,0.9801041666666667,0.020406901041666647,0.9850130208333333,0.021015624999999982,0.006686815124428397,0.006070031348680688,0.005549418667614889,0.006415603950445837,0.36466572339977404,0.14141189185083708,0.3170930150213197,0.14589147062358215,162.48763825808706,155.07571973705524,162.93768521513365,156.1781397635816,0.4230297571306233,0.0334426615475496,0.4391840685870756,0.039339196262986265,0.9237916070502994,0.28419003576122515,0.07742187507159023,0.07228342253579947,-0.0003443580320886125,0.0019022832729158196,-0.0016193623551765707,0.00874274404803251,0.9999999996939193,0.40815999805872405,0.006118116896021643,0.34087936921054685,0.43110691285884944,0.9786120312924236,0.9647324202503199,0.9618887188666186,0.9684110568031207,0.9618887188666186,0.2617421750757099,0.5660727046334334,0.1721851202906397,0.5109260390968368,0.7560810450187153,0.4090183809270988,0.9831022068947782,0.6814848015801547,168.8637693160762,0.46154007342031045,2.322846434952191e-06,Dense-global,Texture/high-frequency,Intermediate,Achromatic,High-frequency,Achromatic + Texture/high-frequency + High-frequency + Intermediate,0.007710666969258692,0.00683174920957998,False,0.0,False,not_required
60,0.09834099162132996,0.02512728133193748,0.07088981118338739,0.04114575419351091,0.9851888020833333,0.013847656249999951,0.9838085937500001,0.015087890625000044,0.022239344069864057,0.023092568735014283,0.016433456573599875,0.02226444826472712,0.6979660247060377,0.07292956721671884,0.6723743807783229,0.10051621071292616,54.851382544658414,10.357034256184697,52.37221152490075,8.493887488597068,0.11338546702153116,0.07171321371720075,0.12693833638429725,0.07795970422054899,0.9716505970054579,0.12774335633026634,0.25310879321291724,0.37160730824042276,0.0,0.3093371579617119,0.0,0.5973648763945872,0.8856005940821824,0.32177498882556743,0.019336400321731964,0.6851702027421803,0.1201619017029142,0.9656479264103937,0.9758335178427673,0.9689248027382716,0.9701354156638109,0.9656479264103937,0.2528513747141922,0.6002821803917414,0.14686644489382508,0.49962343501471,0.7782592229138449,0.38038007983284355,0.9823263827235883,0.8553475742386817,53.54496514182868,0.37393171388186613,9.580999792540425e-05,Dense-global,Oriented-edge,Intermediate,Achromatic,High-frequency,Achromatic + Oriented-edge + High-frequency + Intermediate,0.0984602358177621,0.022239344069864057,False,0.0,False,not_required
61,0.12007280097931736,0.02516300353031345,0.07902138599215786,0.054706140908800716,1.0,0.0,1.0,0.0,0.004056403210316341,0.0015258293596170404,0.00298593735612637,0.0022772797043901527,0.18834715051726575,0.09903587838443788,0.1818343776953869,0.20318824868613744,65.85462980573226,45.63957096337972,64.09400454000586,42.647555436350174,0.02279360208148747,0.003938645527517361,0.025496515577489866,0.00985424173095362,0.9849280279461968,0.08955219890823596,0.2944127759321864,0.41330035713259405,0.0,0.39573855104602057,0.0,0.6262218780432836,0.8248467874028709,0.37959238652104466,0.0035211702832213553,0.18509076410632633,0.02414505882948867,0.9159972059252449,0.9008566876541904,0.9100487718826642,0.9089675551540332,0.9008566876541904,0.39138099015805555,0.3546442706956187,0.25397473914304664,0.6489271284408471,0.5363469922617246,0.5396531162379384,0.9401449703750716,0.1830871625048759,156.63462036981184,0.2745050919933167,0.010976096722737826,Dense-global,Mixed/isotropic,Sensitive,Achromatic,Mid-frequency,Achromatic + Mixed/isotropic + Mid-frequency + Sensitive,0.12007280097931736,0.004162727954995438,False,0.0,False,not_required
62,0.01636534272172787,0.006251705665637441,0.013013901336057704,0.022513227773561195,0.30794270833333337,0.10056315104166672,0.25472005208333337,0.3396614583333334,0.0014556396233177662,0.0006161390255859135,0.00122425693747259,0.0020638511550911893,0.1729295425382945,0.13754039214665992,0.14710434657556104,0.1990876090287668,81.51786064066485,20.555355607949437,71.46870448395691,81.98123238565823,0.04073054573514653,0.008338945584356723,0.043030309538417015,0.022356027499436187,0.911743243530108,0.1630648337577506,0.6077327313749108,0.7610492682938157,0.0,0.06833349131596556,0.0,1.4800342692378696,0.9999999991392645,1.4415498193175251,0.001339948280395178,0.16001694455692778,0.04188042763678177,0.9510109222034993,0.7206228574501647,0.7959165429244811,0.8225167741927151,0.7206228574501647,0.32688010405996804,0.4222318148790358,0.2508880810572249,0.6286715660340266,0.6980042395178642,0.3428733639048286,0.9222487396679403,0.2200692711527176,122.74965800630605,0.25308661882564215,0.007013672910642373,Moderate-region,Mixed/isotropic,Sensitive,Achromatic,Mid-frequency,Achromatic + Mixed/isotropic + Mid-frequency + Sensitive,0.01888766585621693,0.0015056756779263589,False,0.0,False,not_required
63,0.028476470011336304,0.018766811070530496,0.02232050154142942,0.020294323389774667,0.948984375,0.030146484375000115,0.9565690104166666,0.028421223958333353,0.020307258835509073,0.022958120291275325,0.016295124927925425,0.020597655282931157,0.6573373136825432,0.08610167382743106,0.6362045057171855,0.12375642738796955,52.954854330400536,9.581541605463947,49.27585763899589,7.697483331766172,0.2981143779507238,0.08884906590509578,0.3283796245675824,0.08955975774784813,0.9544411458520798,0.2118765880370379,0.18670336029404522,0.3046852525605362,0.0,0.08645295944492264,0.0,0.37081021237799594,0.931296812707283,0.33155202499801306,0.01830119188171725,0.6467709096998644,0.3132470012591531,0.9648467067894569,0.9753094645169402,0.9669533970262691,0.9690365227775555,0.9648467067894569,0.2633213937845262,0.599764737866119,0.13691386834906585,0.5098763943275675,0.7780364943973801,0.36699492625015245,0.98172014156673,0.8514140684963716,51.434010480016205,0.35104822926098084,8.62511523151743e-06,Dense-global,Oriented-edge,Intermediate,Achromatic,High-frequency,Achromatic + Oriented-edge + High-frequency + Intermediate,0.028476470011336304,0.020307258835509073,False,0.0,False,not_required
