channel,activation_variance_clean,activation_variance_clean_iqr,activation_variance_light,activation_variance_light_iqr,active_ratio_clean,active_ratio_clean_iqr,active_ratio_light,active_ratio_light_iqr,gradient_energy_clean,gradient_energy_clean_iqr,gradient_energy_light,gradient_energy_light_iqr,orientation_coherence_clean,orientation_coherence_clean_iqr,orientation_coherence_light,orientation_coherence_light_iqr,dominant_angle_clean,dominant_angle_clean_iqr,dominant_angle_light,dominant_angle_light_iqr,spectral_centroid_clean,spectral_centroid_clean_iqr,spectral_centroid_light,spectral_centroid_light_iqr,cross_light_ncc,cross_light_ncc_iqr,relative_mad,relative_mad_iqr,mean_shift_absolute,mean_shift_absolute_iqr,mean_shift_relative,mean_shift_relative_iqr,gradient_retention,gradient_retention_iqr,spatial_entropy_clean,spatial_entropy_clean_iqr,component_count_clean,component_count_clean_iqr,component_scale_clean,component_scale_clean_iqr,spatial_entropy_light,spatial_entropy_light_iqr,component_count_light,component_count_light_iqr,component_scale_light,component_scale_light_iqr,gradient_energy,orientation_coherence,spectral_centroid,density_label,structure_label,illumination_label,colour_label,frequency_label,soft_label,dead_variance_max_condition,dead_gradient_max_condition,dead_base_rule,dead_bootstrap_stability,confirmed_dead_candidate,manual_review_status
0,0.04231632544752528,0.013535401270685789,0.04668176444680068,0.012810201880916638,0.9709375,0.025338541666666603,0.9701302083333334,0.04231770833333337,0.02636739341461971,0.013034845077162713,0.027861718724368927,0.006025862905073166,0.3524356703398444,0.11366606600448392,0.29305210592319486,0.15555345611503943,90.07976418383493,3.7442157442278727,89.73598099959037,4.8377308796225265,0.20927379844204963,0.03759211926880307,0.19238673789980776,0.046723294436395196,0.8822334786854142,0.5535764690372944,0.22182890827799023,0.4280255302714615,-0.009692269113354163,0.035327201522201576,-0.029258905450228016,0.10385487073414378,0.9999999999677218,0.11896818198249981,0.9807496772941904,0.00499112868825724,46.0,10.25,0.0017581018518518518,0.0005924739966757903,0.9802928742373229,0.003994334347200201,42.5,16.0,0.0021243351063829786,0.0010556640624999995,0.027114556069494318,0.32274388813151966,0.2008302681709287,Dense-global,Region-blob,Sensitive,N/A,Low-frequency,Dense-global + Region-blob + Low-frequency + Sensitive,0.04789917895733335,0.02912603205275241,False,0.0,False,not_required
1,0.10906281076067639,0.01748716042295924,0.10050234147355082,0.027199005981699886,0.8423697916666666,0.029817708333333304,0.8394010416666666,0.05516927083333334,0.0856158515114069,0.018074498379793996,0.08085111806835393,0.028882417385803397,0.2853109790364415,0.06545614713166192,0.2751576895546632,0.04876763173685694,106.53772004605527,5.796912025573704,106.86569338189673,6.092422537369572,0.2560684662932574,0.010638690594267808,0.256050081149665,0.018593825289648203,0.8296858018325467,0.3665171776389706,0.32256120129948584,0.2573701830701868,0.0,0.04221404252375123,0.0,0.09966086194995069,0.9999999999871264,0.25794081526611556,0.9651589057926573,0.005325525101835704,58.0,6.0,0.0011975241825312884,0.0002488564235966159,0.9653846279274544,0.006606364676651988,58.0,6.5,0.0012952862945492661,0.0002784176046654262,0.08323348478988041,0.28023433429555233,0.2560592737214612,Dense-global,Mixed/isotropic,Sensitive,N/A,Mid-frequency,Dense-global + Mixed/isotropic + Mid-frequency + Sensitive,0.11010666796943644,0.08842589449892505,False,0.0,False,not_required
2,0.09021013646530883,0.05077781131092854,0.09201853899579872,0.05261440170473816,0.6090885416666667,0.08635416666666673,0.6519791666666667,0.09747395833333339,0.04308178921231406,0.025872429110010857,0.04371930447074819,0.02802260198089982,0.16812312173434674,0.15692827710549362,0.17344097683817183,0.12079364797416159,74.62573219734995,38.25627144224422,78.68791661328137,33.23986528316732,0.16813193511918395,0.021212085310322232,0.16720443812103122,0.02069042762149112,0.9023069004029984,0.40939982534735364,0.4240393774976331,1.0562370201185538,0.014674811290236303,0.08137138150718073,0.07023331137496769,0.43149388950047574,0.9999999999860147,0.045140125443590806,0.9059923848934548,0.012019294835660999,36.5,9.0,0.002077604948698699,0.00045268477182539664,0.9215594962721074,0.025635264813261394,37.5,11.5,0.001962683823529412,0.000524973237579401,0.04340054684153112,0.17078204928625929,0.16766818662010757,Dense-global,Region-blob,Sensitive,N/A,Low-frequency,Dense-global + Region-blob + Low-frequency + Sensitive,0.09799120338869724,0.0455386036977632,False,0.0,False,not_required
3,0.21365368252653916,0.06183741183598854,0.2004741443348163,0.04954004173288504,0.5386979166666667,0.04037760416666669,0.57859375,0.10048177083333332,0.19174366241315066,0.04292840032611059,0.18306298624523099,0.05269451688320412,0.0979679251636204,0.047090756873874914,0.09203368720788235,0.02292059183663575,43.112025363610755,140.90869399961412,46.57838298046657,134.4895015667438,0.3103129105819782,0.03390086866641567,0.3065424500723637,0.03297414889384326,0.9477134720990925,0.20060542732269915,0.2920404056740132,0.44784788527259084,0.0,0.08492025930257958,0.0,0.28042235554712613,0.9761157901717333,0.343126469569781,0.8992396287784965,0.00825207562164787,29.5,5.75,0.0011042061237373736,0.000385452082726398,0.9022202516622252,0.019234884178522704,30.5,7.0,0.0012682911706349206,0.00032708650769917207,0.18740332432919082,0.09500080618575138,0.30842768032717094,Dense-global,Texture/high-frequency,Sensitive,N/A,High-frequency,Dense-global + Texture/high-frequency + High-frequency + Sensitive,0.21365368252653916,0.19174366241315066,False,0.0,False,not_required
4,0.08862498520105783,0.02788947080615528,0.10141799870192436,0.02990979390028077,0.9954947916666667,0.009179687499999978,0.9905989583333333,0.011458333333333237,0.03312427100456902,0.013423400297158609,0.035200403469505634,0.012380432444170177,0.18347114536876763,0.11648117420420417,0.1882207838158853,0.15243434436919878,88.03305999183748,22.38757280676265,88.19940654669806,17.074395798714036,0.12778136336874202,0.021007691411885063,0.11028333343549304,0.03494934532134164,0.8749149404981784,0.44518339703467213,0.17498104536301037,0.18913148903199872,0.0043756820268996965,0.09631278559813611,0.005387857493083235,0.11284183998506045,1.0267823661153375,0.07363160564504845,0.9916955742772436,0.005635558667612006,27.0,8.5,0.004467363855950812,0.0024928541714528208,0.9907261225299924,0.004440227940800123,22.0,16.5,0.005060819892473119,0.005628922784391536,0.03416233723703733,0.18584596459232647,0.11903234840211753,Dense-global,Region-blob,Sensitive,N/A,Low-frequency,Dense-global + Region-blob + Low-frequency + Sensitive,0.1061207446995796,0.03529111640883719,False,0.0,False,not_required
5,0.13418739085642617,0.059428524417280415,0.13016259757805043,0.06217319751083786,0.5458072916666666,0.023411458333333357,0.50734375,0.18355468750000004,0.117674205348034,0.0491882256696953,0.11079003874524532,0.057894134618666854,0.2126225382105723,0.09806291067111883,0.18178267264891312,0.0902689957445599,160.54835564488798,11.299181168829278,161.20201087595234,9.44243656756126,0.2881984849100073,0.01456362197408373,0.2790481176220898,0.017901816121573877,0.8796631844619112,0.28147686437667707,0.4311192744731276,0.5005450483415713,-0.026947707429186243,0.043949081357048614,-0.11233221899140791,0.20532155126476495,0.9088777164771562,0.23967912169329653,0.8986728951884524,0.004254526467770692,31.0,6.5,0.001212682121459695,0.00017883769561251924,0.8905694517507665,0.031506227668215425,30.5,11.5,0.001214169456845238,0.00025690465811433545,0.11423212204663966,0.19720260542974272,0.28362330126604857,Dense-global,Mixed/isotropic,Sensitive,N/A,Mid-frequency,Dense-global + Mixed/isotropic + Mid-frequency + Sensitive,0.14103828308889044,0.11971396866963074,False,0.0,False,not_required
6,0.13872014488915416,0.037480964244650486,0.1518026088620723,0.07631777047574069,0.8267968750000001,0.06768229166666673,0.8472135416666666,0.08359375000000002,0.11267513964913548,0.02678316464714768,0.1271732683692997,0.07708198637320748,0.14525811984762538,0.09635168234139091,0.1059916189030075,0.10676160046527747,100.26211276181877,30.264384791630647,103.22821545467306,31.951901042742264,0.255033738459126,0.024849303943394047,0.25429020860908724,0.023263864604612605,0.8770642555373964,0.3367608241605403,0.3317203374257671,0.38583771378953996,0.0,0.06563729669893897,0.0,0.17415585194523808,0.9999999999928203,0.6285007539710548,0.9553875896600532,0.011336838069574529,45.0,10.0,0.0015100115740740742,0.000304799649082674,0.9548960485641551,0.013141208157813833,51.5,14.5,0.0013406597082831527,0.000358990230123622,0.11992420400921759,0.12562486937531644,0.25466197353410663,Dense-global,Mixed/isotropic,Sensitive,N/A,Mid-frequency,Dense-global + Mixed/isotropic + Mid-frequency + Sensitive,0.15973466729386293,0.12913220298481276,False,0.0,False,not_required
7,0.14425407425111647,0.03861736658151754,0.1327607399956545,0.04120849653979021,0.438828125,0.03679687500000001,0.416875,0.10598958333333336,0.11071945719161223,0.03599095855825776,0.10277037687509716,0.043332131962859954,0.3764129165088843,0.058738856259837824,0.37814039939620414,0.07922672481172538,82.3945402243902,7.0128548324968705,82.6426140108513,7.145671137854507,0.27881357119516365,0.023881162312454685,0.27185006248931903,0.028425570958775903,0.9461842257698816,0.19969191996838942,0.29211585911782645,0.4546698283164179,-0.003529071178088747,0.044891148754031274,-0.017415385560826224,0.2132881018975733,0.9824929175033633,0.15097877186656927,0.8745163591391066,0.005306093525295874,33.0,5.75,0.0011014441287878788,0.00021891759556233242,0.86978544642202,0.027030541587640622,29.0,12.0,0.0011324214404894327,0.00021634825805322126,0.1067449170333547,0.3772766579525442,0.27533181684224134,Moderate-region,Mixed/isotropic,Sensitive,N/A,Mid-frequency,Moderate-region + Mixed/isotropic + Mid-frequency + Sensitive,0.14444605135837518,0.11071945719161223,False,0.0,False,not_required
8,0.17152392981857972,0.07507817116731386,0.16687621571018613,0.08264952264047437,0.9830468750000001,0.017552083333333246,0.984609375,0.016562500000000036,0.1513076427540686,0.07133029089921644,0.14637069950286935,0.08440028124043335,0.1618184278157978,0.07155990319628316,0.159558643854804,0.07382604888096342,28.844998818594277,16.677611135118052,31.936354477474254,15.355748251944703,0.31201687710841264,0.021194145779062368,0.31948050188828714,0.026593766637825034,0.9215407309659828,0.26730693458158805,0.10800207829548135,0.1111459901076555,0.0,0.0395147490921226,0.0,0.03562082464296046,0.9536042400837464,0.12831791123000746,0.9915607344690751,0.005055410038487085,52.5,13.0,0.0010297747582572797,0.0001771132818458802,0.9918735645801114,0.004488206444408838,53.0,10.5,0.001040528481934732,0.00023132309480096013,0.14883917112846898,0.1606885358353009,0.3157486894983499,Dense-global,Texture/high-frequency,Stable,N/A,High-frequency,Dense-global + Texture/high-frequency + High-frequency + Stable,0.17152392981857972,0.1513076427540686,False,0.0,False,not_required
9,0.047631200148456926,0.017377331093101148,0.05138266118608174,0.022663287187701803,0.375234375,0.035598958333333375,0.36669270833333334,0.06555989583333333,0.03202506020429448,0.01233651761565556,0.0338226733891346,0.02050328523356023,0.24239465335422028,0.05245613442151495,0.24443216566617487,0.05202180464103823,7.20220610484393,156.86407111108653,7.970324312499349,158.65000788966756,0.2234037408554878,0.01859500970640013,0.220415077976508,0.030341141499703406,0.7947387905512892,0.4092121804241583,0.7363010331404778,0.6989011242747937,0.0,0.01125338506760298,0.0,0.10906021402818136,0.9999999999764909,0.36378789736513983,0.8603510280372424,0.009578541115032868,23.5,5.0,0.0011320765398550724,0.0002433708160068241,0.8563329877069841,0.019645193545645978,23.5,7.5,0.0011434461805555555,0.00017905967721064593,0.03292386679671454,0.24341340951019758,0.2219094094159979,Moderate-region,Mixed/isotropic,Sensitive,N/A,Low-frequency,Moderate-region + Mixed/isotropic + Low-frequency + Sensitive,0.057738514301163425,0.0402616981080235,False,0.0,False,not_required
10,0.09578895549963629,0.03649068670562783,0.08694586832183229,0.041084343576040225,0.9928385416666667,0.007539062500000027,0.991953125,0.006406250000000058,0.06397731000404844,0.025709193368866207,0.060224644822335374,0.031856660239383244,0.3225645081382992,0.16699431761619643,0.3686182924103102,0.1973129617922208,90.94773475558034,15.060380299897645,90.9976558301097,11.208094742782407,0.22972071839962707,0.02635664321922393,0.2159140857746727,0.03772488141124855,0.9222882307329584,0.32953523475577573,0.1581439809121543,0.2714395977956098,0.004911293971623931,0.04697188379388542,0.008477610891346627,0.08226375792915315,0.9999999999853348,0.20452780249594094,0.9870303184723221,0.004379857479564597,45.5,11.5,0.00203529995819398,0.0005595691782810685,0.9876070436691775,0.0054764938863596235,42.5,22.75,0.0019454757541287494,0.0006667575549023266,0.062100977413191906,0.3455914002743047,0.2228174020871499,Dense-global,Region-blob,Stable,N/A,Low-frequency,Dense-global + Region-blob + Low-frequency + Stable,0.09796374476221159,0.06453595595590804,False,0.0,False,not_required
11,0.24616611745104633,0.07153251120109255,0.2408721023491452,0.09302748608732353,0.9259635416666667,0.03695312500000003,0.93109375,0.03897135416666664,0.26672240069529013,0.06409012292053029,0.2545134062947226,0.10003606524821695,0.43536162207225804,0.06413378378632928,0.42760587131472083,0.06900249322280189,141.559391684056,2.9618664064590234,141.92096098671712,3.4079003408616018,0.4202092336497484,0.018652703053124498,0.4153020215664336,0.024155605404464375,0.904000113179579,0.3277009767570763,0.18109840623841447,0.27333260608599097,0.0,0.00981524812433418,0.0,0.012834372929016869,0.9783281455613149,0.197808246484787,0.976880318989479,0.0065838068602912525,46.0,11.75,0.0009252194816053512,0.00014395962668490767,0.9783005836630747,0.008163545932196703,53.0,13.25,0.000982590663580247,0.0002346341342630042,0.26061790349500635,0.43148374669348943,0.417755627608091,Dense-global,Texture/high-frequency,Intermediate,N/A,High-frequency,Dense-global + Texture/high-frequency + High-frequency + Intermediate,0.24880707602526989,0.266728109340736,False,0.0,False,not_required
12,0.1373388361561137,0.046661332792201526,0.13797409705311112,0.05387311008985815,0.5762499999999999,0.03326822916666672,0.6014322916666667,0.09889322916666654,0.13833035669396487,0.039869272438171316,0.13955681289903085,0.05637430372112193,0.1607103565726783,0.08141065970287331,0.14917487398118562,0.09511866363004978,108.78405431432014,13.213024275863432,110.455240315157,14.029354721077425,0.4013986771097011,0.015643864629394155,0.40390011177967666,0.02453533253712109,0.8911622729376445,0.3413453839605598,0.36256171934088754,0.5812354953291323,-0.0028771956126892456,0.01072265277870036,-0.01036533888276305,0.04293276928394537,0.9844636111977054,0.09012479025737463,0.9107580449725603,0.005725233961831555,19.0,5.5,0.0008305921052631579,0.00018899373196248198,0.9128701643150585,0.012539717498933234,20.0,9.75,0.0008735795454545454,0.00027194073754053605,0.13894358479649788,0.15494261527693196,0.4026493944446889,Dense-global,Texture/high-frequency,Sensitive,N/A,High-frequency,Dense-global + Texture/high-frequency + High-frequency + Sensitive,0.14057449631595498,0.1415377767280428,False,0.0,False,not_required
13,0.0748701348289904,0.031096656138130785,0.06559407352075777,0.027278779212015117,0.38276041666666666,0.0995833333333333,0.37916666666666665,0.10977864583333335,0.03647145258910552,0.011065554766748413,0.03471026215298389,0.010228397300909405,0.38281995377516953,0.10756898260501535,0.3994787550301194,0.11907714820761406,89.85698236816827,4.35973249173523,89.91933444232376,4.373018320715872,0.18307340881911374,0.019157706537604208,0.19256577227552973,0.0425256430145359,0.9207987472242087,0.25591826734402934,0.3423638523028447,0.5400990896150801,-4.642523154027578e-05,0.01943843449844973,-0.00041611411068155835,0.20540336724955313,0.999999999975206,0.08452519822275772,0.8687140803565383,0.027791593662391367,28.0,5.75,0.0016132765830346475,0.0006891154826294986,0.8660594791182905,0.02667247731942135,28.0,5.75,0.0015802172364672365,0.0004737484088273849,0.035590857371044705,0.3911493544026445,0.18781959054732172,Moderate-region,Mixed/isotropic,Sensitive,N/A,Low-frequency,Moderate-region + Mixed/isotropic + Low-frequency + Sensitive,0.0759124274557623,0.037160421185652694,False,0.0,False,not_required
14,0.17116798441384168,0.02698012566619651,0.14578633950254238,0.04358850852750562,0.7494270833333334,0.05639322916666667,0.7529947916666666,0.060429687499999996,0.11654509977640426,0.035940114461080544,0.10021003858077707,0.04128266774503779,0.22276625571472425,0.08709203432607934,0.22226809669738642,0.1019141425444885,163.77735483936368,28.71814260617694,162.69038032663167,161.84198347512202,0.23396618605764033,0.02703667133288787,0.2400870635095945,0.024551365107277623,0.9523941440757042,0.24605738983066783,0.23073196760879555,0.46233580670914,-0.028077502385227104,0.04160142515254561,-0.08420057693845753,0.13150018758587048,0.9178506943567668,0.19210757327723793,0.93160458455616,0.009429356333479966,39.5,11.25,0.001801549145299145,0.000730282738095238,0.9316832780303258,0.013160260000808166,38.5,11.25,0.0017599659455128204,0.0005893026244588747,0.10837756917859066,0.22251717620605532,0.2370266247836174,Dense-global,Region-blob,Intermediate,N/A,Mid-frequency,Dense-global + Region-blob + Mid-frequency + Intermediate,0.17116798441384168,0.11654509977640426,False,0.0,False,not_required
15,0.13060844459723864,0.060460475508036654,0.13919797891939026,0.06925183604537677,0.7165364583333333,0.03611979166666668,0.6511979166666666,0.15605468750000007,0.09690124582305051,0.05468315932349742,0.09170702154768343,0.05906686672358322,0.3405617028172509,0.07251369658358942,0.31704748406292194,0.1017779709794836,111.52323172394443,12.791722637874145,109.27023836201755,15.321888114579608,0.2437890395257974,0.02998395506412277,0.2398403032819985,0.030948743980589055,0.8623934418282395,0.32430684466073656,0.4728391258898159,0.528063388662343,-0.02587571318036258,0.0561100840778183,-0.09045112953644492,0.18312910598377555,0.9867609447113227,0.13970485151347478,0.9302218241115778,0.00833666943860012,47.5,8.75,0.0014612160852713178,0.00023896100254809085,0.919368656611797,0.02179566359413254,41.5,17.75,0.0012890920256991684,0.00026763647459709006,0.09430413368536697,0.3288045934400864,0.24181467140389795,Dense-global,Mixed/isotropic,Sensitive,N/A,Mid-frequency,Dense-global + Mixed/isotropic + Mid-frequency + Sensitive,0.14436764519907835,0.10230704171280178,False,0.0,False,not_required
16,0.10478929890790203,0.0211342031793052,0.09711410665082276,0.03277359922478679,0.8090364583333334,0.044882812499999925,0.821875,0.053411458333333384,0.07047209165782162,0.014351258063322082,0.06522146554075858,0.019889613471602945,0.23519872516797388,0.0667216410265023,0.20045330373193526,0.061879250879438685,98.64497458072127,11.683515148978074,99.75940008878956,11.402937469100877,0.2105200068766626,0.015134034826029041,0.21100939584876788,0.028902484512940613,0.9078688084344568,0.2740457273241389,0.22488691552660134,0.24305089666587826,0.0,0.020162844429391952,0.0,0.04544141654704459,0.9650160225602624,0.1555885604448729,0.9616796793585727,0.007785039350031386,48.0,5.75,0.001456346755599473,0.00028712060548358545,0.9623932769843746,0.007995731615869417,46.0,9.75,0.0014710427989130435,0.00032318045079022997,0.0678467785992901,0.21782601444995459,0.21076470136271525,Dense-global,Mixed/isotropic,Intermediate,N/A,Low-frequency,Dense-global + Mixed/isotropic + Low-frequency + Intermediate,0.1055864459780132,0.07047209165782162,False,0.0,False,not_required
17,0.20621448506153608,0.04738356696243931,0.1799250107741076,0.06688627632319555,0.7115885416666667,0.03848958333333341,0.74109375,0.09730468749999999,0.20626043602813032,0.06277833390636706,0.1865981137089959,0.07310710903979642,0.2346313136970105,0.06762644542308685,0.24226124558429757,0.0734063669554276,63.969417112217656,15.412093100601531,58.85421203225603,13.892469959804195,0.3810847378109425,0.019384155936412406,0.3870103079383193,0.022155548581748896,0.9133891453316545,0.2805747114193925,0.2627791288540631,0.42048561288724806,0.0017114023109683907,0.009967145238017588,0.0040755899760631115,0.024499123939616806,0.9398444970386359,0.15633577781889008,0.9420633174214706,0.006469965899847718,36.0,10.5,0.0009267779699165568,0.00013978751782971264,0.9473503392852609,0.015150436839211023,42.0,12.5,0.000930763134057971,0.00013564406399521546,0.1964292748685631,0.23844627964065404,0.3840475228746309,Dense-global,Texture/high-frequency,Intermediate,N/A,High-frequency,Dense-global + Texture/high-frequency + High-frequency + Intermediate,0.2072705764175123,0.2074577207312293,False,0.0,False,not_required
18,0.13099098274576026,0.027801307694739832,0.14724350723129148,0.058076244379120706,0.49221354166666664,0.14244791666666673,0.5120312499999999,0.21634114583333336,0.057258085687001206,0.014187444096766214,0.06251247713057154,0.027647852305279934,0.08687361067712246,0.05271821813043521,0.09284477286399354,0.06310910634820963,104.35847984508275,47.209910255550625,91.82031061088537,29.542933537854026,0.15943687752267865,0.019906284993783246,0.1327165457661204,0.03524631191433297,0.6636081451922713,1.1435403411027112,1.0303135909430716,1.4617472277087051,0.05829124872280404,0.17708082082723947,0.3397044310955929,0.8215268782590043,1.0223914965503207,0.2985588657227306,0.8954328394120585,0.05105358244671121,23.0,11.25,0.0026098278985507246,0.00131921440073614,0.9081845146790157,0.06295886690825225,25.0,18.5,0.0021349266353046592,0.001397212577160494,0.05988528140878637,0.089859191770558,0.14607671164439953,Moderate-region,Region-blob,Sensitive,N/A,Low-frequency,Moderate-region + Region-blob + Low-frequency + Sensitive,0.14724350723129148,0.06343734441605961,False,0.0,False,not_required
19,0.21952456801031225,0.03888555332341104,0.2072167865551185,0.08380981797105239,0.7437760416666667,0.017317708333333237,0.7596614583333333,0.03464843750000013,0.13188705376581206,0.04147213644530755,0.1255237816825246,0.05946975856256084,0.3927725907987876,0.06167899401103211,0.3855319781681137,0.08491506562120016,75.91254999029225,14.861065105643434,77.04158514601335,14.371339230783931,0.20642011437093755,0.029077629387046222,0.2164936539606705,0.03004705011994968,0.9663639865744057,0.10784915187310817,0.20653786371424318,0.33165218377874645,0.0,0.12279331709424648,0.0,0.341926975716957,0.957371878152593,0.2404462900070663,0.9318290689320436,0.010554341186417071,43.0,12.0,0.0020270106589147284,0.000612708417884199,0.9335556297485084,0.018250830375058702,43.5,12.75,0.001999462632275132,0.0006067440865234982,0.12870541772416833,0.38915228448345063,0.21145688416580402,Dense-global,Region-blob,Intermediate,N/A,Low-frequency,Dense-global + Region-blob + Low-frequency + Intermediate,0.21952456801031225,0.13188705376581206,False,0.0,False,not_required
20,0.25560064356904194,0.06426802399536538,0.2437521372685138,0.09845050594575822,0.46815104166666666,0.03645833333333337,0.45026041666666666,0.11692708333333335,0.21401595016801803,0.06756729777359788,0.19538982627377366,0.10053993518675919,0.23734825108181964,0.09429503576839718,0.20186526567993324,0.08393849085487948,163.64609058587286,163.02750045875004,165.38575195588186,153.96086227357478,0.307666418507359,0.0337693043956977,0.30582045486127585,0.029695064770337454,0.9552102711547351,0.1453739462065532,0.27423236919709726,0.3991274905364235,0.0,0.09457593704445155,0.0,0.3418204822921739,0.9582123513487765,0.2205724713642243,0.8769208985010055,0.007278683665592034,29.0,4.5,0.0012106288164511494,0.00031836979808087026,0.872405081206914,0.03597665893422075,26.5,10.5,0.001173828125,0.00026419228177040704,0.20470288822089583,0.21960675838087645,0.3067434366843174,Moderate-region,Texture/high-frequency,Intermediate,N/A,High-frequency,Moderate-region + Texture/high-frequency + High-frequency + Intermediate,0.2578820318542081,0.21490926671632588,False,0.0,False,not_required
21,0.0946137869002657,0.03879738435105094,0.09901344800771006,0.03250613593758153,0.964609375,0.03871093749999999,0.9692447916666667,0.034791666666666665,0.06786254655958339,0.031523780632056464,0.06509479748879052,0.02979639438928021,0.09945077488930551,0.09638054734206275,0.10634032374172808,0.16465141025980468,101.51847451507477,31.963820000854554,96.99747194268387,39.83358286621893,0.2246894190407996,0.031297440047229064,0.20317684318460208,0.02759787866816607,0.9194721422837853,0.34772548668134906,0.12422054899480191,0.21679718081527882,0.011715546813056033,0.01894537502795479,0.01602520261683618,0.02627308326041277,0.9999999999879299,0.1214280226576343,0.9891774131687405,0.008268395613731161,56.5,17.5,0.0020021266692347205,0.0006291853638385177,0.9896386742950737,0.005784512844094758,53.5,23.0,0.0017624882709474541,0.0005596279705423416,0.06647867202418695,0.1028955493155168,0.21393313111270085,Dense-global,Region-blob,Intermediate,N/A,Low-frequency,Dense-global + Region-blob + Low-frequency + Intermediate,0.10108358932582681,0.06812987240409814,False,0.0,False,not_required
22,0.17616792610912468,0.02716427467668603,0.1595733901730479,0.04809268148691129,0.7969010416666666,0.04828125000000005,0.8201302083333333,0.05022135416666651,0.1646741918466994,0.03468494500014438,0.1540398646634988,0.05570943625426486,0.12283422698992433,0.09111259883720588,0.13039414045792816,0.07668794738305945,157.61331084102682,22.853509395363147,157.83480514822995,16.288313240656322,0.34822013741216873,0.032050680020473454,0.3553224625800673,0.022899885081223703,0.925924199176322,0.27152785986244865,0.20612508369464208,0.341814234898746,-0.0038056560316113153,0.015558915083984534,-0.007463314657982771,0.030417457527215613,0.9100255704672413,0.20158026395001294,0.9591303434351672,0.007286205494874354,48.0,7.0,0.0010163079333663201,0.00023915092018971028,0.9634897522000081,0.007932550470046484,48.0,10.75,0.0010640259502923979,0.00025949227823751436,0.15935702825509912,0.12661418372392624,0.351771299996118,Dense-global,Texture/high-frequency,Intermediate,N/A,High-frequency,Dense-global + Texture/high-frequency + High-frequency + Intermediate,0.17749313403649566,0.1646741918466994,False,0.0,False,not_required
23,0.11924767765208757,0.025612676319548888,0.1447115997395909,0.07079280529215294,0.9426822916666666,0.03428385416666668,0.895703125,0.276640625,0.0730925495307535,0.03604458003951831,0.07009369326452067,0.044258604802173925,0.254475686580073,0.07507935355537493,0.24953398723106401,0.0800859184675588,67.05706747280271,17.865825691682247,67.71276476779816,15.074110451849272,0.19742345517277332,0.05115721273674201,0.19685911008730406,0.09194952948285362,0.8424577653719212,0.3444120808526887,0.3449587921392168,0.4248772341525424,-0.021876198048123574,0.052391219587513374,-0.044422152875631005,0.10858712341883012,0.9999999999898138,0.23271961502745953,0.9714447613960105,0.006071103066668582,57.5,11.75,0.001598075789187228,0.00038637527736578746,0.9690475631336082,0.028822156054243875,55.0,14.5,0.0014942998471467392,0.0005661279451874264,0.07159312139763709,0.2520048369055685,0.1971412826300387,Dense-global,Mixed/isotropic,Sensitive,N/A,Low-frequency,Dense-global + Mixed/isotropic + Low-frequency + Sensitive,0.15048749928401084,0.07521210407133148,False,0.0,False,not_required
24,0.014882223623585284,0.006847911822803348,0.017564811721825106,0.00991973082494221,0.46096354166666664,0.09265625,0.46877604166666664,0.1874348958333334,0.011104204824311521,0.005706698029398839,0.013636334694967962,0.007525815569314016,0.17401164930712537,0.10202802703010844,0.22411039076294445,0.23750174646241187,55.125563413626864,25.886637397327334,67.9657458866359,32.039901272446414,0.2484095421888144,0.0386954573462408,0.27406171592023604,0.035437124862500335,0.8334344023406859,0.38684258260588555,0.5442307610251095,0.6723980928175521,0.001102188438817396,0.004986126557996622,0.011419843543360227,0.0862273406161071,0.9999999999363087,1.3468449484041192,0.8859879410201803,0.019135653051412738,25.0,8.25,0.001155163770053476,0.00028707837301587304,0.8886191557538659,0.05088509925003781,23.5,16.75,0.0012530763507326006,0.00039941193491285407,0.012370269759639741,0.1990610200350349,0.26123562905452524,Moderate-region,Mixed/isotropic,Sensitive,N/A,Mid-frequency,Moderate-region + Mixed/isotropic + Mid-frequency + Sensitive,0.018011347134224427,0.013979229429245343,False,0.0,False,not_required
25,0.11456232248531713,0.05183675903711564,0.08927832591842377,0.06483600598479551,0.999609375,0.001054687499999929,0.9994010416666667,0.002825520833333317,0.051703103634796785,0.029143058504735003,0.0419752198645551,0.03322515623413143,0.27654442006115254,0.10877407350443807,0.30673306955029034,0.11505397216666577,20.40722891264059,164.25224827941915,11.5277801173924,163.80009287197552,0.15502409532802008,0.03295240467301189,0.17975961203615543,0.03683175077554848,0.9460059198531037,0.26407813726528273,0.12554224130247094,0.2002170002223667,0.0,0.06514586267452022,0.0,0.09694110546850748,0.9058397520512673,0.22185051525895128,0.9901324964809768,0.0029522586500758674,41.0,17.5,0.0030665727955426357,0.0009426609008972705,0.9915342644892355,0.003580010078378826,39.5,14.5,0.003006904069767442,0.000740394949379324,0.046839161749675944,0.29163874480572144,0.16739185368208775,Dense-global,Region-blob,Stable,N/A,Low-frequency,Dense-global + Region-blob + Low-frequency + Stable,0.11456232248531713,0.05442408667140708,False,0.0,False,not_required
26,0.16022676724946106,0.03168880308658514,0.14222191024662278,0.047097415675746795,0.8283854166666667,0.025937500000000058,0.8301041666666666,0.03838541666666673,0.11161833059317583,0.031214155494934254,0.09859151750382228,0.044671600663109254,0.4436714242405393,0.11052901610116161,0.41744462537004073,0.0768413307191883,90.22417466564514,9.753318825690272,90.04862554449247,8.452604840023767,0.23630215389907844,0.0217877632221401,0.24255608901289472,0.020585954374906623,0.9525823852825326,0.27207431764589207,0.20643949511167647,0.3688036950202363,0.0,0.05412631857285323,0.0,0.1306951619517493,0.9081538283620678,0.18521190181570646,0.9551988546951893,0.005934439852685269,46.0,9.25,0.0019086371527777778,0.0005968923868906854,0.9550359423002174,0.016836523289909255,46.0,10.0,0.0017618811359104158,0.0004926630720318071,0.10510492404849905,0.43055802480529004,0.23942912145598658,Dense-global,Region-blob,Intermediate,N/A,Mid-frequency,Dense-global + Region-blob + Mid-frequency + Intermediate,0.16022676724946106,0.11161833059317583,False,0.0,False,not_required
27,0.06915100239283542,0.020209298002949336,0.061240657686757426,0.027690774498707806,0.9321614583333333,0.03386718749999995,0.9417708333333333,0.046497395833333344,0.049631349088976456,0.013848062619062323,0.042504658519033234,0.018407272678103714,0.19403570558795746,0.11065746951886177,0.16955892843365786,0.09483167714232899,126.76647842302526,13.704204468287713,127.2939908905258,10.437154628880393,0.22345528333982173,0.01070671223331357,0.22377455053580225,0.021836089217526583,0.8718809529626197,0.3252685890532254,0.2542442963781403,0.22949551352009723,0.0,0.08905714739267212,0.0,0.21311396646608308,0.877758023072545,0.20886539770127543,0.9779964617933283,0.007442426050276785,48.5,12.75,0.0017493474192277385,0.0006422251531020685,0.9785748781898456,0.011596329968981411,45.0,15.75,0.0017092112531565656,0.0008697371045712195,0.046068003804004845,0.18179731701080765,0.223614916937812,Dense-global,Region-blob,Sensitive,N/A,Mid-frequency,Dense-global + Region-blob + Mid-frequency + Sensitive,0.06974768753493707,0.049631349088976456,False,0.0,False,not_required
28,0.16680247629763906,0.031302468226556496,0.17007897923251117,0.038245425374232506,0.7565625,0.042031249999999964,0.768203125,0.053593749999999885,0.16265470282485495,0.03523555407105522,0.15673375741929885,0.040929417454322714,0.11628760568108693,0.10130948831250883,0.10760861766194862,0.07285786414936549,116.84996639647218,12.465903125231634,114.53692931460469,27.600005084273732,0.3111920355245943,0.016844783164034427,0.29869880605972254,0.027957409749669926,0.8161195626336946,0.35729555896023624,0.42781948095615596,0.37836584883479163,-0.013054696546194039,0.05206972148667015,-0.03336525687738005,0.12314861223728751,0.971090135114764,0.1326807729769841,0.9470446200920115,0.007367687939623502,40.0,9.5,0.001032847591607565,9.369015896087138e-05,0.9455031922396928,0.006885616428087271,45.0,10.75,0.0010274572466254862,0.00021581384188357395,0.1596942301220769,0.11194811167151777,0.3049454207921584,Dense-global,Texture/high-frequency,Sensitive,N/A,High-frequency,Dense-global + Texture/high-frequency + High-frequency + Sensitive,0.17007897923251117,0.16688309046650823,False,0.0,False,not_required
29,0.2501143324422501,0.05651786244481227,0.24410043978319218,0.10278372634377339,0.7190624999999999,0.05305989583333326,0.7298177083333333,0.06944010416666668,0.17827011496174233,0.06297011276220651,0.16964356089015326,0.07891814107944482,0.3676124494387708,0.07373931748553059,0.3880929786213242,0.08403084299289776,77.8657896381292,11.49751882406845,76.45918775367392,9.561864918892198,0.25487355094408537,0.030940173701076046,0.2596119193639048,0.027392113659567147,0.9555753757416231,0.11703534279500116,0.2373287740906443,0.3239493891037797,0.0,0.10396752608397186,0.0,0.2753414036729973,0.9741652738892115,0.2353040678677384,0.935115153279749,0.008932656724030208,45.0,5.0,0.0015637444153069153,0.0002615188001079249,0.9350229613301206,0.015047469197874253,45.5,9.5,0.0015201449979541735,0.0004652110042735044,0.1739568379259478,0.3778527140300475,0.2572427351539951,Dense-global,Mixed/isotropic,Intermediate,N/A,Mid-frequency,Dense-global + Mixed/isotropic + Mid-frequency + Intermediate,0.25480224512321537,0.17969509148328766,False,0.0,False,not_required
30,0.17241953293247325,0.04780285240347629,0.16570800562547208,0.05645732504032469,0.906953125,0.06528645833333324,0.9123697916666667,0.06178385416666665,0.14809257184520436,0.05079384742870735,0.14244785242768995,0.05810190268962151,0.34958675420639895,0.09051271917886894,0.38069769623419497,0.082780931638467,44.70607522308744,5.702743502197492,45.57024516679503,5.182815631060841,0.30452385600969056,0.0163100086753179,0.30779617581228336,0.021325952270812132,0.9197228532698353,0.3502340454857211,0.15555392356379333,0.2298571428125274,-0.007149155648658034,0.04279193217980115,-0.010703389536399262,0.05925735670366912,0.9781962803074981,0.07584255811892804,0.9774807983337213,0.010413710139157262,58.5,10.75,0.0010789379409171075,0.00023940766266028815,0.9780389837617505,0.011083777127432803,58.5,15.5,0.001102760518193632,0.00040465897892375685,0.14527021213644714,0.36514222522029693,0.30616001591098696,Dense-global,Texture/high-frequency,Intermediate,N/A,High-frequency,Dense-global + Texture/high-frequency + High-frequency + Intermediate,0.17256410817766338,0.14809257184520436,False,0.0,False,not_required
31,0.09619920748584637,0.026248282473358364,0.09183682716348801,0.03704564632346441,0.88046875,0.041549479166666736,0.8822916666666667,0.04460937499999995,0.07153014014302717,0.021316138642153697,0.0686099422059592,0.030669729475620702,0.33015697109227804,0.09568090503433335,0.3244979385141602,0.07766832113440297,106.05964921101003,8.884370546461682,105.7403792005632,7.854168084132681,0.23943128590122337,0.011789660278312991,0.23687024362929496,0.02624950125303563,0.8818752599617026,0.2568214534565041,0.25331887197649305,0.25032506301999174,0.0,0.05198308406424318,0.0,0.12799309833166808,0.93800551156623,0.15403374686559612,0.968191484884468,0.00655515481167257,49.5,7.75,0.0016100954270597129,0.0002239651481966095,0.9673899563716268,0.011055456243930006,48.5,6.75,0.0016401599702380951,0.000363960210668621,0.07007004117449318,0.3273274548032191,0.23815076476525915,Dense-global,Mixed/isotropic,Sensitive,N/A,Mid-frequency,Dense-global + Mixed/isotropic + Mid-frequency + Sensitive,0.09803299795280793,0.07360709215212487,False,0.0,False,not_required
32,0.09685761906979662,0.02746348352101627,0.09107678076448711,0.03977455562432189,0.5211458333333334,0.0325781249999999,0.44265625,0.121953125,0.09181290879147402,0.02247235765996039,0.08301268610816051,0.03550194031747714,0.08769043308108532,0.049515902942352696,0.09695103117482601,0.0479984038676171,61.382873979624364,43.04032162461122,59.33106623079378,32.716618363520425,0.3100072331124454,0.010502302671286823,0.2919500854206248,0.02053694493882946,0.8590560945305278,0.34062155099277236,0.4505932975355553,0.521029582511805,-0.03448795916761242,0.060300136553603174,-0.19643886696176194,0.3055312617824014,0.9757395839712115,0.25738788711995453,0.8999951220793256,0.005852663657183177,23.5,6.75,0.0010637297453703703,0.00020359860578969785,0.8746361209460389,0.034217232321991586,22.0,7.75,0.001088155864197531,0.00020671104813453178,0.08741279744981727,0.09232073212795566,0.3009786592665351,Dense-global,Mixed/isotropic,Sensitive,N/A,Mid-frequency,Dense-global + Mixed/isotropic + Mid-frequency + Sensitive,0.10202500645099397,0.09474099308658293,False,0.0,False,not_required
33,0.021301576295550427,0.007487453101711814,0.02573908339575769,0.02238050562422464,0.32807291666666666,0.10272135416666667,0.415703125,0.3778776041666667,0.019945356868562025,0.007424182343726767,0.022451408286331704,0.019477113664356605,0.05518308810657524,0.05244058724412197,0.06015784872682063,0.0763350550887026,72.22914091916256,48.12050591523236,63.12908111619878,66.37300187043012,0.2984859904193211,0.016576361965996655,0.2937673940009212,0.0205304559976503,0.7915765559414119,0.3568324906009428,0.6941426372202448,1.047665416280059,0.0,0.06824413993433134,0.0,1.2855170524139288,0.9999999999612643,1.4763310627565298,0.845587158012244,0.03448973697125168,10.0,8.0,0.0007763671875,0.0001357171474358974,0.8493148820100804,0.06615906888652923,14.0,21.5,0.0009201388888888889,0.0003559215198863637,0.021198382577446863,0.057670468416697936,0.29612669221012117,Moderate-region,Mixed/isotropic,Sensitive,N/A,Mid-frequency,Moderate-region + Mixed/isotropic + Mid-frequency + Sensitive,0.02705158219150918,0.023905673559867315,False,0.0,False,not_required
34,0.07867145212152073,0.014335050082938575,0.07775799894463674,0.027111434813611952,0.934296875,0.022161458333333495,0.9461979166666667,0.051236979166666696,0.042989089109247106,0.014922207697592609,0.042197337564642334,0.016902569190788246,0.12899316193352903,0.06365629930128007,0.15152222918546204,0.06789961640758652,43.763270687181446,22.412476280009212,39.01367152256405,22.936711801347936,0.1688712350415042,0.034678216748096624,0.18324741110109644,0.03319410568961517,0.8789907490426863,0.37571740055031,0.21208824493700065,0.2790561507799397,0.0,0.13479835374566673,0.0,0.25972170064259165,0.9999999999811007,0.14185090332699124,0.9806669339003227,0.005531526464298997,40.5,17.0,0.0030745732159142723,0.002800290648756731,0.9835742531853632,0.009204926901462906,41.0,19.5,0.0017894345238095239,0.0009675979341056623,0.04259321333694472,0.14025769555949552,0.17605932307130032,Dense-global,Region-blob,Sensitive,N/A,Low-frequency,Dense-global + Region-blob + Low-frequency + Sensitive,0.08247492205455227,0.04354622874094928,False,0.0,False,not_required
35,0.03847631000722444,0.013154120891959598,0.03744550978738647,0.030339804242103745,0.6669791666666667,0.08304687499999996,0.684375,0.07687500000000003,0.022300075259849103,0.009763370369324158,0.01960899875104922,0.015460508351616435,0.10564197526335736,0.08733618703050147,0.09376416673731566,0.089843791441887,123.38607642428516,138.35527898608316,146.10049346511698,151.98365044612015,0.1959326936707636,0.030237123395211563,0.21379233830839559,0.05841181043471683,0.829080946334122,0.5341193402260254,0.5046893709315468,0.6450557600580715,0.0,0.03097979073346816,0.0,0.2038105159666691,0.9774793774351469,0.48898780000779063,0.9279731744317401,0.018845500249240255,36.5,7.25,0.0016604158359914939,0.0009959734715019642,0.9352653594872975,0.017751231755264607,34.5,11.0,0.0015924403777226358,0.0007080625218837534,0.02095453700544916,0.09970307100033651,0.2048625159895796,Dense-global,Region-blob,Sensitive,N/A,Low-frequency,Dense-global + Region-blob + Low-frequency + Sensitive,0.04000839215831163,0.022300075259849103,False,0.0,False,not_required
36,0.19317897061042769,0.03236914829241022,0.18864280228807742,0.043221244511689044,0.79234375,0.027213541666666674,0.8036458333333334,0.036822916666666705,0.18860126279956113,0.038039706670962015,0.18033838257950807,0.05438703583803303,0.269850570264827,0.10431464675852015,0.27210828341294135,0.0888180154936482,108.42390881578176,8.247309652244695,110.18563613984348,7.597871965595104,0.36808084551893205,0.01758762120698526,0.3616881441779082,0.014340795896110536,0.9111581975105223,0.3348298997910947,0.2145684775187553,0.36925190618460296,0.01378740451048599,0.03481052995698375,0.025896832069171555,0.0667770410338412,0.9851069859359465,0.1876481480823654,0.9589469291131387,0.004018818872880137,47.0,6.25,0.000979435050993022,0.00015533034673659676,0.9627105170882502,0.007527936841499994,45.5,12.25,0.0010450480458656332,0.0002628437485137822,0.1844698226895346,0.2709794268388842,0.3648844948484201,Dense-global,Texture/high-frequency,Intermediate,N/A,High-frequency,Dense-global + Texture/high-frequency + High-frequency + Intermediate,0.19370331399045715,0.18994084397774136,False,0.0,False,not_required
37,0.07985810305359631,0.013997200381593675,0.07135028705299384,0.020502088504733576,0.8893229166666667,0.04139322916666677,0.8611197916666666,0.08001302083333339,0.06403204409071823,0.015087167311083761,0.055360801670327656,0.02095105171797987,0.07296054509202304,0.04538271758710536,0.05390031956071288,0.05884316802731752,111.8005952659652,56.109016451495265,108.32038913710666,68.79243272946373,0.2793618753901167,0.019250000998931982,0.2747802957451534,0.021258284499545366,0.8293389129421307,0.351854514117496,0.34971352936356975,0.42927289658094675,-0.009517528163491995,0.12396831677795767,-0.028000432689081676,0.3690162895200573,0.902738635922147,0.19997321731520046,0.9664182629753157,0.004249303995646936,54.5,13.25,0.0015646895343705174,0.00033524423709970614,0.9625357002170054,0.021349703917525997,53.5,8.5,0.0014998024425287356,0.0005218233985887627,0.059696422880522945,0.06343043232636797,0.27707108556763504,Dense-global,Mixed/isotropic,Sensitive,N/A,Mid-frequency,Dense-global + Mixed/isotropic + Mid-frequency + Sensitive,0.07985810305359631,0.06439716362145245,False,0.0,False,not_required
38,0.21236955520903433,0.04180493198944549,0.1917335246423712,0.05492008022189501,0.8618489583333333,0.059348958333333424,0.8774739583333333,0.06722656250000003,0.22342320866292784,0.050794896807280415,0.21010263238405175,0.06893500151799803,0.43427337311330266,0.06979677781445576,0.4147953177676177,0.05799022202478182,43.62528459056125,2.5238526525980234,43.214900560728225,2.9537789058997603,0.3844935963519997,0.0242050501921397,0.3839157796199859,0.017373964259194075,0.9144432944914831,0.28145153698920833,0.1982508297374861,0.28203092556830245,0.0,0.01649915699055099,0.0,0.02485627102029281,0.9220739487837315,0.20427965516828983,0.9693525836094141,0.009377443889613146,42.5,14.5,0.0008863308953900709,0.00013153070887445874,0.972399368961723,0.011144545100830516,42.5,16.25,0.0009310980902777778,0.0002814178644018581,0.21676292052348978,0.4245343454404602,0.38420468798599283,Dense-global,Texture/high-frequency,Intermediate,N/A,High-frequency,Dense-global + Texture/high-frequency + High-frequency + Intermediate,0.21396196825913724,0.22494866405607983,False,0.0,False,not_required
39,0.11087746300960634,0.04639978329981494,0.11126016485598458,0.05263763060243934,0.9710937500000001,0.01528645833333342,0.9774479166666667,0.019101562499999947,0.10868367148266289,0.04886098381396792,0.10637840940018584,0.054421818870840286,0.1336814693831111,0.06425176750579883,0.1375498423509213,0.0654003576417599,132.2640459486781,11.372265379260654,132.17843037471152,16.922124293316557,0.33455732813907735,0.019848347108932407,0.33432746402724256,0.02938851523233138,0.8938910224677045,0.3344580179051079,0.1482479717693776,0.1479498203839792,0.009777419967476775,0.024810073439827385,0.012798898569533411,0.03308152095192089,0.9999999999901632,0.1373498661234912,0.9882937998284486,0.0044383162657010145,54.5,10.5,0.0010245998116760829,0.00021970190183080826,0.9892307755930425,0.005644650230397841,52.0,16.75,0.0010410680076628352,0.0002632575186837031,0.10753104044142436,0.13561565586701618,0.33444239608315995,Dense-global,Texture/high-frequency,Intermediate,N/A,High-frequency,Dense-global + Texture/high-frequency + High-frequency + Intermediate,0.11594266819704474,0.11581525193069159,False,0.0,False,not_required
40,0.14654642723167438,0.048872566264643924,0.1381460064556295,0.056891321497999164,0.762890625,0.11011718749999999,0.76953125,0.1173046874999999,0.15196913927348782,0.051229922358216384,0.14259254917588232,0.05772345414974284,0.12162702381672993,0.039432883421007744,0.1190207323202388,0.032836211010757704,140.85938015491558,5.955844475286966,141.271058681227,6.053421972348161,0.37004075105244827,0.01587172643370638,0.3715097416710464,0.013198221347368921,0.869625318883177,0.3837868512991812,0.29250070268485967,0.3746512295893082,0.0,0.01948830813141586,0.0,0.05264856275704339,0.9732473145587395,0.10216074070289283,0.9525206994329326,0.01898666245161207,19.0,5.75,0.0007990828804347826,8.459762094630507e-05,0.9541495225068107,0.021939447076874674,25.0,15.75,0.000824820788530466,0.00011681369617224887,0.14728084422468507,0.12032387806848437,0.3707752463617473,Dense-global,Texture/high-frequency,Sensitive,N/A,High-frequency,Dense-global + Texture/high-frequency + High-frequency + Sensitive,0.14654642723167438,0.15196913927348782,False,0.0,False,not_required
41,0.042443123213847495,0.025389653180595967,0.04361953767127285,0.024273542682285817,0.9971614583333334,0.003294270833333335,0.996484375,0.0031249999999999334,0.025385793024013153,0.01775412672393102,0.023637781479965515,0.019259235509387896,0.10987194154807547,0.02834370040955997,0.10987194154807547,0.02957225303529286,97.98481619535733,135.97959423300927,116.67275989440046,136.88875917467277,0.21699466381382596,0.03930771986483897,0.20312124009834376,0.042775009219544524,0.8950769430444123,0.4279821648726405,0.14439145895118455,0.18643226596045986,0.021334880232316222,0.04046843715014506,0.036024245051499384,0.07370308190969127,0.9994895105343713,0.11391343173972635,0.9927020505814101,0.0026205232381603105,45.5,10.5,0.001751028918997669,0.0007116766971737051,0.9930325880092195,0.0027872917991129675,42.0,15.0,0.0017528044871794872,0.00034999660167841476,0.024511787251989332,0.10987194154807547,0.21005795195608484,Dense-global,Region-blob,Intermediate,N/A,Low-frequency,Dense-global + Region-blob + Low-frequency + Intermediate,0.04465352722508309,0.026139866792656667,False,0.0,False,not_required
42,0.08986627134889219,0.046621384091140194,0.08159583847489121,0.039661689250617194,0.9917968749999999,0.009960937499999933,0.9935677083333334,0.008567708333333313,0.0686053100006431,0.03816780723664871,0.06186467863195036,0.03559819738363121,0.14714950537284366,0.08752011767190407,0.13029641354958899,0.07824272428211392,96.91463477911776,25.023069993488434,93.53417511498661,22.908377881225974,0.2874669641436517,0.013627059365456273,0.29195615868760005,0.021926136217491177,0.927848659176624,0.2309835135936883,0.11010545577073738,0.1487628399481252,0.0,0.05441326450556519,0.0,0.06579490277144767,0.9622216399723265,0.1649718776984883,0.9921981175094459,0.004276433650742928,51.0,13.5,0.001401741575867635,0.00033887864475500343,0.993082257015176,0.004327008248665942,49.0,21.0,0.0013420758928571427,0.00027219460227272726,0.06523499431629673,0.13872295946121632,0.2897115614156259,Dense-global,Mixed/isotropic,Stable,N/A,Mid-frequency,Dense-global + Mixed/isotropic + Mid-frequency + Stable,0.09167569856582833,0.06999864806366887,False,0.0,False,not_required
43,0.1821732178096249,0.057165393926320834,0.1698555346854148,0.07929982246857212,0.8932291666666666,0.035690104166666625,0.893359375,0.038776041666666705,0.1584890665462441,0.06269791248575896,0.1472330718235474,0.07500523836087988,0.0866208702286663,0.09036344484528042,0.1114013637744049,0.09056722270511228,104.11232957327171,38.525515228525066,96.30291127859117,38.95968132072805,0.2855709031040771,0.025283796384331148,0.2886563818067096,0.02135474239693491,0.9277777690854929,0.2381825035003714,0.1722994774259023,0.27520012247929393,0.0,0.06543041426802018,0.0,0.1119882929379753,0.9921276057635486,0.1743409453338658,0.9737287527020468,0.005564335852568991,58.0,12.5,0.0013799603174603175,0.00039127054562167153,0.9741548580864994,0.006234298940217209,60.0,9.25,0.0013901842755544842,0.0005707409323669915,0.15286106918489573,0.0990111170015356,0.2871136424553934,Dense-global,Mixed/isotropic,Stable,N/A,Mid-frequency,Dense-global + Mixed/isotropic + Mid-frequency + Stable,0.1821732178096249,0.1584890665462441,False,0.0,False,not_required
44,0.08856183941661865,0.04649096699472423,0.07761432896137041,0.049120271508185376,0.8643229166666666,0.03977864583333335,0.8875520833333334,0.08006510416666668,0.055001701583826834,0.028264651886052428,0.0516412417414569,0.026707196587952314,0.16906876730450282,0.07424435238530103,0.18943912628629264,0.16609974855882031,13.937685745624782,168.49959457223403,15.566387914495527,168.93338709596472,0.21582301460822273,0.021261193514715865,0.2178299939438591,0.027599117431269443,0.9178541718941373,0.2661800880202352,0.24617046933549785,0.2782513574889331,0.0,0.09734813293207588,0.0,0.26439683820490745,0.9999999999868474,0.2522115382688028,0.9683121432098281,0.008780533506568156,41.5,7.5,0.0019950492216117216,0.0003964988121122905,0.9689596411815298,0.014569346099348235,41.0,7.75,0.001998571047008547,0.0004772445557706599,0.05332147166264187,0.17925394679539775,0.21682650427604092,Dense-global,Region-blob,Intermediate,N/A,Low-frequency,Dense-global + Region-blob + Low-frequency + Intermediate,0.0896088422336091,0.05615971306999662,False,0.0,False,not_required
45,0.0473768637410466,0.013793429225992831,0.05063861133308534,0.022122135220962395,0.9783333333333334,0.014388020833333348,0.973125,0.01897135416666662,0.030090186804225337,0.008477774228957784,0.029072414428131594,0.010094068331833968,0.07891115691227535,0.06316031229484219,0.08375220093274961,0.062175627020949524,136.91012074990402,24.495715453744936,137.4108225799436,101.21909476380178,0.2040028782663064,0.01615335568755874,0.22024652764039163,0.11050769799758012,0.8033429032723075,0.3176741696442329,0.2675870713385148,0.1625086348679425,0.0,0.03979518470842809,0.0,0.0818223947416608,0.9999999999673174,0.23551128429172463,0.9882444998273402,0.003981123854059576,57.5,13.5,0.0020853043420027274,0.0005233479633623772,0.9873964115044184,0.009013137792196257,49.5,27.75,0.0018853006592421916,0.0019687311671964156,0.029581300616178467,0.08133167892251247,0.212124702953349,Dense-global,Region-blob,Sensitive,N/A,Low-frequency,Dense-global + Region-blob + Low-frequency + Sensitive,0.052994965345641035,0.03155515546488207,False,0.0,False,not_required
46,0.20554897107445683,0.0911078219114192,0.1846583565798358,0.09323702556361196,0.9490885416666667,0.03979166666666667,0.9515364583333333,0.04190104166666675,0.1812395389824405,0.08386083535073532,0.1682307172160621,0.08858718336747426,0.2659454870501434,0.08799108644188017,0.2664750138904173,0.08750590535274283,42.46783829473798,8.22451502680439,42.712682511000416,8.157415386360363,0.3419358559625659,0.011962270135267072,0.34392301432171546,0.019629899131604622,0.9288729675210506,0.26372864397247164,0.12889092991460294,0.14567471383557856,0.0,0.023537459375318148,0.0,0.025023818820991743,0.9499895819548143,0.1730084396722762,0.9859821108161754,0.007565094683602225,58.5,8.0,0.0010954301075268816,0.00012256038161845024,0.9865064830604091,0.007953514941396844,54.0,9.25,0.0011022634289564882,0.00020224326134930652,0.1747351280992513,0.26621025047028035,0.3429294351421407,Dense-global,Texture/high-frequency,Stable,N/A,High-frequency,Dense-global + Texture/high-frequency + High-frequency + Stable,0.20577645945652703,0.1812395389824405,False,0.0,False,not_required
47,0.05499824415860049,0.03636193197326827,0.054884108047516006,0.03545713224058532,0.9961197916666666,0.0025130208333333792,0.996328125,0.002955729166666754,0.04056435012687669,0.032167212691497186,0.03901885850287756,0.03142186176623139,0.11011522236018378,0.07498035307251916,0.10358672321647061,0.06570430147559479,122.40794074714313,43.838237746535455,114.42142888240906,33.47393238497688,0.2555862167726929,0.028056333787419035,0.25031206633713377,0.0356099040115552,0.9099243961212431,0.45413743581504096,0.12073187487921425,0.1898872529629887,0.00735847527711786,0.04879827760463129,0.010261223728000859,0.06508156403750075,0.9838324287851261,0.0942189494701473,0.9941519525520343,0.002490723884917667,49.0,12.75,0.0015470451451905626,0.00024106209687052072,0.9942519803366667,0.002628285466605318,45.0,13.25,0.0014994941383565622,0.0003282450290722351,0.039791604314877126,0.1068509727883272,0.2529491415549133,Dense-global,Mixed/isotropic,Intermediate,N/A,Mid-frequency,Dense-global + Mixed/isotropic + Mid-frequency + Intermediate,0.05587024675407493,0.040608282895866196,False,0.0,False,not_required
48,0.18777506023471974,0.028452353134498315,0.17078771802506815,0.04570515252441368,0.7369791666666667,0.0267708333333333,0.7521614583333334,0.06555989583333321,0.1812119241485074,0.033935701628175635,0.1617809444174854,0.04142093981155301,0.28496203524871827,0.07447202495278013,0.28658471478168707,0.07596030403513993,115.83813994980159,6.786766143157223,116.8844477077987,11.758225631564883,0.34673809616999096,0.025586711770749226,0.3489126046934365,0.02770942422960543,0.9317635072909656,0.25724237763903446,0.23936158779704975,0.4133684857287483,-0.010437977493176043,0.02741823318237263,-0.02557985472171074,0.06695657871485437,0.9152773750026948,0.20897038887992792,0.943956840549746,0.003115116936681983,47.0,6.25,0.0010519155578898225,0.0002669951661220044,0.9463577723935026,0.007842166634074221,50.0,10.0,0.0011582629504504503,0.0003605341044857174,0.17149643428299638,0.28577337501520267,0.3478253504317137,Dense-global,Texture/high-frequency,Intermediate,N/A,High-frequency,Dense-global + Texture/high-frequency + High-frequency + Intermediate,0.18815344944817597,0.1812119241485074,False,0.0,False,not_required
49,0.29893769727644315,0.030205788413103396,0.27499420296723903,0.059224852074624995,0.7806510416666667,0.02605468749999995,0.7967447916666666,0.04632812500000005,0.29333299612446506,0.04821956434415808,0.2709324953460708,0.07859741945760512,0.2509473293668162,0.0989340960757677,0.2497487075394069,0.0777836375877981,86.5100622570649,14.335345724471651,84.47877020744298,12.22952841363707,0.3842548278716402,0.026657651553078365,0.3889877201419419,0.026582819970152438,0.9277719429816138,0.25531640109316767,0.20828787825629813,0.3308988394249383,0.0,0.011596056629068652,0.0,0.01779461162844779,0.9368885404518522,0.16106805567907279,0.9569569655963394,0.004602575187789282,32.0,14.75,0.0008078124999999999,9.224589954938184e-05,0.960476624741607,0.009001364387605348,37.0,16.5,0.0008139534883720931,0.00015003862186979298,0.2821327457352679,0.25034801845311155,0.386621274006791,Dense-global,Texture/high-frequency,Intermediate,N/A,High-frequency,Dense-global + Texture/high-frequency + High-frequency + Intermediate,0.3003963993969864,0.29333299612446506,False,0.0,False,not_required
50,0.2167264977367315,0.0684686675657055,0.20134236944615974,0.07828098737559092,0.9692447916666667,0.019791666666666652,0.97484375,0.019570312499999964,0.22648611665186397,0.06352512370602142,0.21089255212123537,0.09345157466751752,0.36150622067873645,0.09552798898357162,0.364495206831026,0.07052473998246678,137.4146941761839,2.7164188793328776,137.55875462236702,2.477088918465853,0.39158162765625215,0.02275807341985231,0.39517185810144373,0.022971272311258506,0.9134922003907405,0.2812205319750344,0.12628421980835874,0.16221717632687338,0.004611832135075655,0.07839678991341015,0.00429501914122802,0.07315132043117893,0.9575514742546093,0.15324955431460818,0.9885213785194282,0.0037193883756200252,43.5,11.5,0.0008220361881335718,9.542692550505044e-05,0.9898740763549798,0.004343338944819308,41.0,8.0,0.0008706649335334476,0.00015755421440261878,0.21868933438654967,0.3630007137548812,0.39337674287884794,Dense-global,Texture/high-frequency,Intermediate,N/A,High-frequency,Dense-global + Texture/high-frequency + High-frequency + Intermediate,0.22212748720121936,0.23439387022295705,False,0.0,False,not_required
51,0.15939059765526437,0.06930950933096874,0.13189359540205114,0.10204381012876731,0.959609375,0.035377604166666576,0.9664322916666667,0.034778645833333455,0.07696150023108059,0.03699914777790521,0.06573079567264682,0.04220382877583073,0.1542481565579725,0.11262702391499156,0.14186727213752848,0.08880232446237012,106.55995872234612,34.88485470943739,93.6470254851524,41.81996715870855,0.17155715016882606,0.013477466217733464,0.18116215794408952,0.026080057102517068,0.9485589584116322,0.17245539740162308,0.11052790116509731,0.17042688022379637,0.0,0.03354211969983828,0.0,0.05106070252547498,0.9515163034290566,0.2472864821565942,0.9843352967811012,0.00782541689978078,35.0,12.75,0.0027898629006913893,0.0007127762528153156,0.9864927030480808,0.0093706138597206,35.5,13.25,0.002583966290509259,0.000672881455048575,0.0713461479518637,0.1480577143477505,0.1763596540564578,Dense-global,Region-blob,Stable,N/A,Low-frequency,Dense-global + Region-blob + Low-frequency + Stable,0.1595258054992668,0.07696150023108059,False,0.0,False,not_required
52,0.15501332142160107,0.043084882806470964,0.14340059942358985,0.057718020200733994,0.6178125,0.031953124999999916,0.63234375,0.06757812500000004,0.14837772708052885,0.03908191751628927,0.139080528743401,0.0630176716480035,0.12283464983901149,0.04783222276523122,0.12059540229599769,0.047186925537800864,134.41020597294315,8.017134199316189,136.2420725154179,14.811252797973822,0.31777695357126334,0.012463476577994181,0.31431511787365596,0.02088253563356629,0.8383180482037644,0.3407144203890896,0.4445104474475787,0.5426248944415386,-0.0038024496066636493,0.036644696787248354,-0.015005863244491626,0.11887520584981102,0.9999999999918503,0.2529252112319539,0.9205066384690346,0.005333037642054839,27.5,6.0,0.0008516462597465887,0.00018333047161172168,0.9203712380959697,0.011454699891794262,31.0,8.5,0.0008902807710727969,0.00017759205426356593,0.1437291279119649,0.12171502606750459,0.31604603572245965,Dense-global,Texture/high-frequency,Sensitive,N/A,High-frequency,Dense-global + Texture/high-frequency + High-frequency + Sensitive,0.1581174133113471,0.15325413240073843,False,0.0,False,not_required
53,0.02900260791529497,0.014504572658952136,0.031887711863744894,0.01601725365714264,0.9665364583333333,0.017955729166666656,0.9672395833333334,0.040976562499999925,0.014642442053117218,0.008946083463729486,0.01585739951724109,0.01072338969530592,0.14175509914826775,0.07929384247051977,0.13689086078139204,0.10902091195484957,132.2533429308977,37.278162761402854,128.0279632861609,45.89609227763114,0.1784663610320826,0.03350402669517366,0.1723000447179469,0.03480546160727571,0.8733900474218796,0.3841216151940472,0.19831274367669322,0.2772407244002939,-0.004360130158086867,0.05950737201374355,-0.01121670465289594,0.1688642011677706,0.9999999999581071,0.15103255593605946,0.9851864976641322,0.005372434762510814,42.5,7.0,0.002054076112033961,0.00042677992390163485,0.9838084769884706,0.006747254443043249,40.5,11.5,0.0023435327145042415,0.0013076278709066359,0.015249920785179154,0.1393229799648299,0.17538320287501474,Dense-global,Region-blob,Sensitive,N/A,Low-frequency,Dense-global + Region-blob + Low-frequency + Sensitive,0.03251826930635045,0.017117684745573042,False,0.0,False,not_required
54,0.16388929290946508,0.022634974728661023,0.15080060827878183,0.04683976289434137,0.6594270833333333,0.054895833333333366,0.6795572916666666,0.09033854166666677,0.1556360001569187,0.02355287586649968,0.1434467981428507,0.044974082763711815,0.3869672728143647,0.07292659555075826,0.3775650838328485,0.06199789172574188,56.3237628372334,5.977497982005502,56.31790058518685,5.6078061508061126,0.3368886083142685,0.04501418078494224,0.3591770397939765,0.055687730725251405,0.9143309234577119,0.3100941002708707,0.30098796728270516,0.4856235806307174,-0.012287633643355278,0.06125830551333587,-0.038899407321572044,0.1936935210587301,0.9047225387936271,0.29853170494736725,0.9252960583749725,0.007613469548995444,40.0,11.75,0.0011668648097826087,0.0003277843304698773,0.9276416150590954,0.010514942273240901,41.5,11.5,0.0011851992999096657,0.0003341943757550589,0.14954139914988468,0.3822661783236066,0.3480328240541225,Dense-global,Texture/high-frequency,Sensitive,N/A,High-frequency,Dense-global + Texture/high-frequency + High-frequency + Sensitive,0.16388929290946508,0.1556360001569187,False,0.0,False,not_required
55,0.047527790737887946,0.01900909142398942,0.04747855666932255,0.020346558238645618,0.962734375,0.019830729166666727,0.9764583333333333,0.03214843749999996,0.024676067145137537,0.01675684424930729,0.02426057150803783,0.014333275097650248,0.1402422573956087,0.09894010350092239,0.12470769089660458,0.0832251186099524,47.98181964471991,30.487488796684758,47.592762491253666,28.49803885228205,0.1924958019598801,0.05612566361188545,0.1888084483900661,0.05224475570254597,0.8845066000230309,0.3860668223033369,0.18728317103122055,0.22234229019772084,0.0,0.029644200625455933,0.0,0.06575096473327713,0.9999999999719429,0.15826604918968734,0.9860369647891112,0.005199256014891351,36.0,13.0,0.0028785021551724138,0.0015983643642848312,0.9871389446181655,0.0061041649582480595,42.0,20.25,0.002612413194444444,0.0020224637012427704,0.024468319326587683,0.13247497414610665,0.1906521251749731,Dense-global,Region-blob,Intermediate,N/A,Low-frequency,Dense-global + Region-blob + Low-frequency + Intermediate,0.049435131459857014,0.02489620259354589,False,0.0,False,not_required
56,0.20372146138031633,0.07468017585140266,0.19108765335100608,0.0974698938726001,0.5356510416666667,0.02466145833333333,0.5498958333333333,0.12703124999999998,0.1532916358343972,0.06607954517437911,0.1439352517892721,0.074898146704531,0.26728752027833635,0.10981017173266755,0.25773083242586176,0.13621686387387855,155.41894689075696,16.974859559559718,157.5468624488918,10.461688794600718,0.2645449009360582,0.03018445804693798,0.2596126707749624,0.028418729484352645,0.9515561091509345,0.14509690699478517,0.2690197261812241,0.40323103786636594,-0.010143860178572106,0.03745827803943456,-0.03523869908108725,0.1461008899144189,0.9552309739323525,0.15296982991413743,0.8908804526699986,0.006753290250481658,39.0,5.0,0.0013083456052206052,0.00033457065568696,0.8851121020479328,0.016483951633864402,37.0,5.0,0.0012627448156682028,0.0003202016742258316,0.14861344381183467,0.262509176352099,0.2620787858555103,Dense-global,Mixed/isotropic,Intermediate,N/A,Mid-frequency,Dense-global + Mixed/isotropic + Mid-frequency + Intermediate,0.20452863543072958,0.15447352917847745,False,0.0,False,not_required
57,0.18862902108773,0.04194242530230197,0.1584599780668009,0.046847088672348824,0.7411197916666667,0.03734375000000001,0.7632291666666666,0.11595052083333335,0.12192930318323456,0.022618122688299727,0.10666744728033453,0.03300386397385362,0.4276338797571428,0.1201405953540412,0.45305119362914054,0.13638403640029195,86.94267804642911,6.576524107793361,87.7346665150256,7.045030481493214,0.21878919159793608,0.025508267917200206,0.23459039427153122,0.03364889681963154,0.9575221828815019,0.22133821054878922,0.22331905414755643,0.44814917375637053,-0.008722583207169704,0.027298971793463328,-0.026936511742731713,0.08106648067210584,0.8956734745795569,0.18495509927222964,0.9246907602621932,0.009273691872130008,40.5,10.75,0.002108866869918699,0.0004567784005815535,0.9294510654878596,0.023618325134803886,38.0,17.25,0.0021723002417903736,0.000657947965778127,0.11429837523178454,0.44034253669314166,0.22668979293473365,Dense-global,Region-blob,Intermediate,N/A,Mid-frequency,Dense-global + Region-blob + Mid-frequency + Intermediate,0.18862902108773,0.12321940924083731,False,0.0,False,not_required
58,0.1931030413820921,0.03784086763896466,0.1768199512273582,0.041189898548253945,0.8103125,0.052200520833333375,0.8344791666666667,0.0660546875000001,0.18611975782665668,0.03792967769850841,0.16477182835663112,0.05811884104974416,0.3091069292024853,0.07902803462400959,0.2980077554587778,0.05625230043679402,142.05161670553812,5.946109124299397,144.26464233917375,5.316663822017574,0.33727824690713054,0.0274082663767361,0.34150816299325837,0.028528838030970116,0.9249864978165239,0.2826128731785613,0.2159810704833241,0.3195167119630915,0.0,0.05169634084857508,0.0,0.09488180926154702,0.9385287775905634,0.1582940056164055,0.9610872908542882,0.0061876624528652835,50.0,8.25,0.000999671071147135,0.00027920344541802235,0.9649910788600107,0.010474029993246203,54.5,12.0,0.0010003576460777548,0.00029280123173735335,0.1754457930916439,0.30355734233063153,0.3393932049501944,Dense-global,Texture/high-frequency,Intermediate,N/A,High-frequency,Dense-global + Texture/high-frequency + High-frequency + Intermediate,0.1936156453046945,0.18678732974926318,False,0.0,False,not_required
59,0.10123037329345994,0.04867632069694183,0.1000524033223078,0.04907557551919116,0.972890625,0.018450520833333317,0.9737760416666666,0.021028645833333304,0.09393158677347574,0.04353248918722928,0.0865232538193432,0.048160822048521304,0.07231268917242528,0.07222191544444692,0.06084745142250503,0.06849989789014846,126.78585303233227,81.79944520704952,102.56205132016201,100.30685074673728,0.3421548175157196,0.01567850102568874,0.33624638617941555,0.032479891814622075,0.9122134495987793,0.3150985843581148,0.14324079881256363,0.1725216457109205,0.0,0.043556212319302484,0.0,0.06652573152547171,0.9900878189102149,0.1667434005264583,0.9870181113415083,0.005117759551223178,57.5,7.75,0.0012634777046783626,0.000332373542803451,0.9871645091237786,0.005134319092262252,54.5,11.75,0.001482469289799253,0.0006690835157705237,0.09022742029640947,0.06658007029746515,0.33920060184756756,Dense-global,Texture/high-frequency,Intermediate,N/A,High-frequency,Dense-global + Texture/high-frequency + High-frequency + Intermediate,0.10651018205498552,0.0984024404534582,False,0.0,False,not_required
60,0.13112005021224893,0.08649210593685501,0.10848881437274262,0.1050838411273733,0.9869791666666667,0.012343749999999987,0.9884114583333334,0.013046875000000013,0.05784579365072025,0.04678592057150043,0.047370151813060646,0.04389366238457644,0.28262186783193566,0.11583982208819993,0.2818198218308169,0.11307649440356302,64.64974648909167,14.006146025201893,63.19773630994403,12.669650916150722,0.16458492240231687,0.02183508799409231,0.17268846384375813,0.03274893297776277,0.9672611240138784,0.189035965355543,0.10957089093232844,0.1858876784229261,0.0,0.025513752355230568,0.0,0.03739287872312463,0.938838925137387,0.25843295401264543,0.98634979689991,0.004937102086013168,32.5,13.5,0.003175076362781955,0.0010056637162012415,0.9873830198773315,0.006326053181207492,33.0,14.75,0.003154203869047619,0.001192185072605702,0.05260797273189045,0.28222084483137627,0.1686366931230375,Dense-global,Region-blob,Stable,N/A,Low-frequency,Dense-global + Region-blob + Low-frequency + Stable,0.13112005021224893,0.05784579365072025,False,0.0,False,not_required
61,0.17227892819376972,0.03144777690749173,0.12479097672122884,0.08741583688520431,0.9995572916666666,0.0003515625000000133,0.9996093749999999,0.0007161458333333481,0.035467058096006726,0.007669703127449218,0.030110270018579466,0.01415866736800353,0.23152956113105647,0.1463156291957754,0.19547949169521128,0.10420896769033722,89.17507954437995,14.889074655179058,84.01621648462057,15.0066214931676,0.07623556387901327,0.013533154510475168,0.09038814555925553,0.03545584706630189,0.9765579238307692,0.1219782011684819,0.18830126689517018,0.25177518030940493,0.0,0.4052605009106712,0.0,0.3937761605091391,0.8839928429386993,0.355876292214961,0.9902386308993721,0.002551369069427545,28.0,16.0,0.004296207922824302,0.004527944903416347,0.9905078230230366,0.008118939742825182,31.0,5.5,0.004141407861774241,0.0037697766634337327,0.032788664057293096,0.2135045264131339,0.08331185471913441,Dense-global,Region-blob,Stable,N/A,Low-frequency,Dense-global + Region-blob + Low-frequency + Stable,0.17227892819376972,0.035467058096006726,False,0.0,False,not_required
62,0.12761053283565704,0.08377794041414866,0.1188211730766241,0.08484389563222389,0.3996875,0.08303385416666664,0.3743229166666666,0.1364973958333333,0.08911576447527045,0.05925620324896737,0.08352637473288362,0.0639935679012671,0.26686131089314946,0.0814668544566447,0.2655961414005708,0.07504183868320574,25.662031789131717,160.28308751980103,24.553276509532793,151.85940961795185,0.24316746002670966,0.0178652822832773,0.241773050528224,0.013455476880888717,0.9050177550640048,0.24939499554072553,0.4560948402699083,0.6001082795296941,0.0,0.035147972203248515,0.0,0.21635460577128635,0.999999999991992,0.2827901422311452,0.861785528509761,0.023182321483913748,29.5,8.0,0.0012045912114845938,0.0002296534393359548,0.8543291411985025,0.035847782669979567,26.5,13.5,0.001147510258838384,0.00031817638607620235,0.08632106960407704,0.2662287261468601,0.24247025527746685,Moderate-region,Mixed/isotropic,Sensitive,N/A,Mid-frequency,Moderate-region + Mixed/isotropic + Mid-frequency + Sensitive,0.12975708565496585,0.0924478418497614,False,0.0,False,not_required
63,0.2281245690950065,0.08843645597034638,0.2187954812397157,0.09885769819694079,0.936171875,0.051562499999999956,0.9449479166666667,0.05742187500000007,0.2434041568848989,0.11250720362843425,0.2381448504465843,0.11659511996673247,0.404592643083639,0.07687864187979143,0.4056744390181688,0.08384130287503422,46.29554655819812,1.6856003424012798,45.878633406121665,2.020075770179794,0.39446525920179143,0.0271448458143268,0.40874544925456957,0.027028863893067023,0.9153938879887409,0.3632406594857641,0.17120049286963582,0.19444221030905567,0.0020971684906726518,0.03138049261669948,0.0026639747044556877,0.03537495944356842,0.9735417600263636,0.11050386186582561,0.9801133919320129,0.009852945530685164,41.0,12.0,0.0008771674430641822,0.00014656874644751797,0.9820544592132451,0.012559306882119703,40.5,15.75,0.0009118664055004797,0.00023447985965219405,0.2407745036657416,0.40513354105090393,0.4016053542281805,Dense-global,Texture/high-frequency,Intermediate,N/A,High-frequency,Dense-global + Texture/high-frequency + High-frequency + Intermediate,0.2281245690950065,0.2434041568848989,False,0.0,False,not_required
