channel,BQS,BQ,LQBS,Width,ShapeSim,SharpRet,MinPos,Symmetry,Retention,kill_clean,kill_50
0,0.506658,0.612797,0.804969,0.036281,0.914127,0.962997,1.0,0.93922,0.826797,6.0,60.1
1,0.470898,0.536237,0.701994,0.038968,0.991194,0.977653,1.0,0.906205,0.878152,5.9,6.2
2,0.520964,0.569128,0.74334,0.046493,0.99179,0.989979,1.0,0.932292,0.915372,23.2,17.5
3,0.442357,0.495548,0.651593,0.027412,0.992517,0.975279,1.0,0.92219,0.892663,49.4,73.5
4,0.425583,0.509647,0.670212,0.027949,0.970561,0.923156,1.0,0.932004,0.835056,6.1,5.3
5,0.471158,0.534607,0.685397,0.082236,0.990584,1.0,1.0,0.889693,0.881316,73.3,80.3
6,0.455325,0.539418,0.708922,0.030906,0.927711,0.96604,1.0,0.941865,0.844105,35.5,72.8
7,0.481153,0.640747,0.832471,0.065574,0.944284,0.896487,0.994204,0.892226,0.750925,4.5,3.2
8,0.47486,0.528514,0.692322,0.037087,0.986152,0.983471,1.0,0.926411,0.898481,39.6,26.5
9,0.56014,0.666443,0.868077,0.061543,0.953047,0.928658,1.0,0.94965,0.840492,11.0,2.6
10,0.550063,0.610533,0.800159,0.041655,0.995674,0.979762,1.0,0.92356,0.900954,58.6,76.4
11,0.417443,0.564723,0.729314,0.070949,0.992302,0.95877,1.0,0.776968,0.739199,43.5,71.0
12,0.400068,0.619473,0.815393,0.031712,0.871535,0.814146,1.0,0.910173,0.64582,26.3,65.1
13,0.535117,0.593021,0.77896,0.035206,0.982294,0.951977,1.0,0.964963,0.902357,9.4,7.1
14,0.450814,0.548366,0.720047,0.033324,0.964767,0.92622,1.0,0.920005,0.822104,4.5,2.1
15,0.404926,0.494987,0.641619,0.055093,0.985737,0.977594,1.0,0.84891,0.818053,24.7,59.2
16,0.546042,0.645327,0.844311,0.048374,0.981364,0.921775,1.0,0.935386,0.846148,27.3,65.8
17,0.509857,0.659299,0.849324,0.089223,0.951399,0.913641,1.0,0.889668,0.773332,25.8,60.5
18,0.624009,0.677992,0.884192,0.059393,0.991806,0.973894,1.0,0.952858,0.920378,54.9,62.7
19,0.530083,0.639316,0.834057,0.055093,0.986653,0.927387,1.0,0.906156,0.829141,10.9,7.3
20,0.373525,0.485002,0.630634,0.048105,0.976156,0.948337,1.0,0.831945,0.770152,73.2,84.2
21,0.512296,0.581565,0.762072,0.040043,0.989881,0.948176,1.0,0.938535,0.880892,32.4,63.4
22,0.5731,0.622042,0.813443,0.047837,0.990195,0.984835,1.0,0.944771,0.921321,76.0,81.0
23,0.55913,0.610621,0.799111,0.045149,0.996067,0.981554,1.0,0.936567,0.915675,52.6,59.1
24,0.499478,0.636888,0.830909,0.054824,0.970355,0.864216,1.0,0.935191,0.784248,40.7,66.5
25,0.512526,0.568095,0.743037,0.043268,0.991328,0.980467,1.0,0.928206,0.902184,4.6,4.1
26,0.445897,0.527731,0.692085,0.034668,0.977387,0.920463,1.0,0.939181,0.844933,17.0,59.3
27,0.452305,0.554031,0.719896,0.056436,0.985906,0.996782,0.994204,0.835577,0.81639,8.7,6.8
28,0.256295,0.574005,0.749842,0.046493,0.764372,0.714368,0.986007,0.829314,0.446504,3.0,57.3
29,0.464517,0.60496,0.79219,0.043268,0.872399,0.961719,0.994204,0.920527,0.767848,8.3,1.4
30,0.52558,0.636723,0.825135,0.071486,0.991099,0.949812,0.994204,0.881978,0.825445,13.8,16.8
31,0.540282,0.629916,0.82224,0.052943,0.987983,0.949699,1.0,0.914119,0.857705,15.0,9.5
32,0.553014,0.590117,0.77231,0.043537,0.982794,1.0,1.0,0.953533,0.937127,29.9,72.4
33,0.44434,0.580668,0.760338,0.041655,0.962276,0.873137,1.0,0.910764,0.765223,41.3,68.1
34,0.474304,0.598461,0.781465,0.049449,0.947805,0.925954,1.0,0.903052,0.792541,81.8,84.6
35,0.402496,0.458855,0.598996,0.038431,0.996576,0.970555,1.0,0.906893,0.877176,59.3,75.2
36,0.513955,0.631642,0.816389,0.077399,0.98075,0.960108,0.994204,0.869161,0.813681,7.2,5.1
37,0.554155,0.615888,0.805686,0.046493,0.988614,0.981252,1.0,0.927518,0.899766,24.7,23.1
38,0.502163,0.635087,0.833704,0.039237,0.960429,0.878458,1.0,0.937184,0.790699,7.5,7.2
39,0.674509,0.73878,0.94437,0.12201,0.993373,0.976922,1.0,0.940807,0.913005,1.9,1.7
40,0.598699,0.641751,0.83802,0.052943,0.989149,0.992974,1.0,0.949822,0.932915,11.3,7.2
41,0.477128,0.596461,0.775483,0.059393,0.975232,0.9499,0.994204,0.868543,0.799932,12.5,11.0
42,0.467437,0.567649,0.746384,0.031443,0.97277,0.915982,1.0,0.924158,0.823462,9.5,47.4
43,0.601639,0.659087,0.857732,0.063155,0.974611,0.999628,1.0,0.936965,0.912837,0.6,0.5
44,0.521845,0.620067,0.812424,0.042999,0.953658,0.950914,1.0,0.928044,0.841594,35.3,67.9
45,0.515905,0.627337,0.808679,0.083311,0.981596,1.0,0.991803,0.844716,0.822373,21.1,61.8
46,0.412906,0.580779,0.759681,0.044074,0.934941,0.834478,0.994204,0.916569,0.710951,8.3,12.0
47,0.343471,0.534472,0.657537,0.165278,0.996376,0.98443,0.994204,0.658994,0.642636,19.7,64.1
48,0.55304,0.706271,0.907564,0.102392,0.984934,0.878408,1.0,0.905069,0.783042,20.7,16.5
49,0.497087,0.62799,0.811252,0.078205,0.984991,0.864344,1.0,0.929739,0.791552,45.6,70.5
50,0.452742,0.590387,0.771685,0.046493,0.926877,0.90949,1.0,0.909691,0.766857,35.2,60.9
51,0.528173,0.578232,0.756553,0.043268,0.9967,0.986586,1.0,0.928912,0.913427,47.4,74.3
52,0.472393,0.57569,0.75173,0.047568,0.989329,0.919635,1.0,0.9019,0.820569,26.8,61.0
53,0.437678,0.633723,0.830362,0.043805,0.91757,0.814313,0.988408,0.935166,0.690646,51.3,19.1
54,0.460207,0.703262,0.912241,0.076324,0.904168,0.840974,0.986007,0.87282,0.65439,2.6,2.4
55,0.44093,0.567972,0.747263,0.030099,0.935129,0.891502,0.994204,0.936641,0.776323,12.5,58.8
56,0.453552,0.571654,0.748499,0.041118,0.963115,0.890594,1.0,0.924988,0.793403,31.4,65.9
57,0.416972,0.656969,0.85213,0.071486,0.893264,0.823112,0.994204,0.868256,0.634691,41.0,8.3
58,0.632243,0.692935,0.900801,0.069336,0.992361,0.965875,0.994204,0.95747,0.912413,2.1,1.4
59,0.488328,0.608751,0.794557,0.05133,0.97245,0.915698,0.994204,0.906102,0.802181,13.1,55.7
60,0.525059,0.679232,0.875902,0.089223,0.986575,0.922134,1.0,0.849701,0.773019,23.5,15.3
61,0.578846,0.609814,0.799469,0.040849,0.992301,1.0,1.0,0.956581,0.949217,48.1,69.4
62,0.518707,0.585252,0.765287,0.045149,0.994096,0.956413,1.0,0.932192,0.886297,36.5,70.1
63,0.43254,0.52468,0.687211,0.037087,0.975702,0.929496,1.0,0.909008,0.824389,3.2,8.5
64,0.469056,0.632229,0.821921,0.063155,0.93671,0.930194,0.988408,0.86146,0.741908,8.1,8.4
65,0.400541,0.487438,0.636929,0.038968,0.979329,0.922268,1.0,0.90979,0.821726,18.9,12.9
66,0.64172,0.698292,0.906959,0.072292,0.983741,0.978234,1.0,0.954959,0.918984,0.1,0.1
67,0.526456,0.645279,0.83735,0.069067,0.99307,0.963092,1.0,0.853036,0.815859,8.8,8.5
68,0.460492,0.574777,0.752126,0.04273,0.977303,0.886264,1.0,0.924975,0.801166,36.2,64.6
69,0.341564,0.541906,0.710448,0.036281,0.911048,0.880623,0.994204,0.790207,0.6303,66.8,71.3
70,0.511203,0.672631,0.872833,0.072024,0.953632,0.891847,0.994204,0.898813,0.760005,53.9,68.7
71,0.415971,0.456072,0.590538,0.052674,0.997968,1.0,1.0,0.91393,0.912073,46.3,77.4
72,0.327293,0.48265,0.615853,0.083042,0.989742,0.985658,1.0,0.695114,0.678116,37.9,66.2
73,0.401291,0.482258,0.634679,0.024993,0.981995,0.914103,1.0,0.926993,0.83211,59.3,80.6
74,0.447778,0.640392,0.838717,0.045418,0.914561,0.84519,0.991803,0.912062,0.699225,1.2,0.9
75,0.550847,0.633528,0.824548,0.060468,0.988203,0.938475,1.0,0.937554,0.869491,14.9,11.7
76,0.480481,0.548128,0.713011,0.05348,0.981734,0.966664,1.0,0.923686,0.876585,73.5,81.2
77,0.437256,0.517475,0.677157,0.038431,0.988318,0.964327,1.0,0.886594,0.844979,3.8,44.3
78,0.434007,0.607977,0.797109,0.04058,0.89645,0.906255,1.0,0.878685,0.713855,21.3,25.1
79,0.308681,0.434915,0.557939,0.065843,0.995245,1.0,1.0,0.713142,0.709751,35.2,67.8
80,0.432461,0.53356,0.700664,0.032249,0.926095,0.919101,1.0,0.952237,0.81052,51.3,68.5
81,0.632001,0.72174,0.930518,0.095404,0.988783,0.964981,1.0,0.917735,0.875663,7.7,6.7
82,0.516545,0.611099,0.800376,0.043268,0.969259,0.949105,0.994204,0.924202,0.845272,6.5,5.1
83,0.476681,0.587403,0.767438,0.047299,0.984419,0.953749,1.0,0.864326,0.811506,40.4,60.4
84,0.458738,0.535171,0.697526,0.048105,0.95748,1.0,1.0,0.895246,0.85718,1.7,1.0
85,0.137689,0.617288,0.795818,0.081698,0.275436,1.0,0.978843,0.827327,0.223054,44.4,59.6
86,0.452598,0.579092,0.758059,0.042193,0.965126,0.860814,1.0,0.940744,0.781564,6.2,3.0
87,0.524155,0.598003,0.768134,0.087611,0.987277,0.988754,1.0,0.897902,0.876509,47.2,65.4
88,0.432484,0.630468,0.825844,0.044343,0.871901,0.901514,1.0,0.872705,0.685973,13.6,4.4
89,0.295055,0.599267,0.781734,0.051868,0.71998,0.819773,0.986007,0.846036,0.49236,13.6,60.9
90,0.357077,0.513114,0.671521,0.037893,0.941922,0.84459,1.0,0.874756,0.695901,48.2,77.2
91,0.312518,0.495611,0.650424,0.031174,0.923332,0.755885,1.0,0.903483,0.63057,67.9,84.9
92,0.470044,0.536536,0.706513,0.026606,0.963497,0.971279,1.0,0.93615,0.876072,25.1,64.1
93,0.493644,0.597241,0.773837,0.067455,0.978485,0.94246,1.0,0.896287,0.826541,13.5,56.3
94,0.464755,0.561295,0.738002,0.031174,0.979211,0.914573,1.0,0.924567,0.828005,15.9,56.3
95,0.573907,0.671081,0.866646,0.084386,0.995595,0.983755,1.0,0.873165,0.855198,25.5,16.7
96,0.597807,0.639781,0.834498,0.05563,0.994453,0.999604,1.0,0.939977,0.934392,2.3,2.7
97,0.558218,0.659161,0.860965,0.053749,0.973877,0.931655,0.994204,0.938811,0.846862,0.1,0.4
98,0.506956,0.668723,0.870848,0.062349,0.961486,0.850001,1.0,0.927602,0.758096,22.6,15.1
99,0.585364,0.637651,0.832643,0.052674,0.994457,0.9762,1.0,0.945624,0.918001,3.4,2.3
100,0.510094,0.570156,0.748473,0.035206,0.971682,0.96355,1.0,0.95556,0.894657,47.9,68.1
101,0.54733,0.624029,0.813585,0.055361,0.958728,0.978342,1.0,0.9351,0.877089,33.9,67.7
102,0.511543,0.606341,0.791702,0.050255,0.966701,0.946585,0.994204,0.92734,0.843657,1.1,0.6
103,0.461593,0.576514,0.749246,0.058318,0.963615,0.965001,0.988408,0.871127,0.800662,6.9,6.6
104,0.441956,0.606125,0.794013,0.042462,0.883862,0.889769,1.0,0.92716,0.729149,8.1,54.6
105,0.401204,0.486488,0.634049,0.043805,0.969973,0.973385,1.0,0.873473,0.824696,14.3,55.6
106,0.605566,0.657999,0.852787,0.073636,0.994348,0.986616,1.0,0.938101,0.920314,4.9,4.2
107,0.519483,0.60392,0.792506,0.038162,0.958245,0.967814,1.0,0.92752,0.860185,3.5,45.8
108,0.514172,0.576307,0.748253,0.060468,0.991899,0.951799,1.0,0.945022,0.892185,25.6,14.3
109,0.491068,0.635866,0.820588,0.081698,0.942986,0.983301,0.986007,0.844703,0.772282,54.0,15.0
110,0.453503,0.54094,0.705039,0.048643,0.983948,0.976627,1.0,0.87243,0.838362,47.6,68.0
111,0.452912,0.612972,0.803769,0.04058,0.942938,0.847695,1.0,0.92438,0.738879,35.4,48.3
112,0.552395,0.633715,0.825694,0.05778,0.997049,0.984229,1.0,0.888265,0.871676,62.5,73.5
113,0.442053,0.548951,0.719393,0.037624,0.979169,0.900689,1.0,0.913078,0.805269,41.5,77.4
114,0.425892,0.489373,0.643628,0.026606,0.993274,0.974393,1.0,0.899201,0.870282,32.4,61.5
115,0.496892,0.660206,0.763639,0.349906,0.975188,0.887288,0.994204,0.874892,0.752632,83.3,42.0
116,0.507234,0.543443,0.698881,0.07713,0.993745,1.0,1.0,0.939246,0.933371,30.2,62.6
117,0.504383,0.600147,0.784071,0.048374,0.988618,0.922929,1.0,0.9211,0.840434,65.5,76.6
118,0.354224,0.452082,0.59552,0.021768,0.943491,0.893005,1.0,0.929971,0.783539,22.8,14.4
119,0.586752,0.63699,0.831941,0.052137,0.981399,0.988039,1.0,0.949954,0.921133,7.2,5.6
120,0.638386,0.704358,0.912628,0.079549,0.967961,1.0,0.994204,0.941795,0.906337,28.1,11.5
121,0.54672,0.619266,0.807681,0.054018,0.980311,0.966271,1.0,0.932019,0.882851,20.4,53.1
122,0.457525,0.551654,0.723176,0.037087,0.983502,0.924724,1.0,0.911928,0.82937,25.0,14.1
123,0.599005,0.686627,0.895078,0.061274,0.961704,0.961737,0.994204,0.948717,0.872388,5.6,2.4
124,0.471343,0.51171,0.673591,0.026068,0.98845,0.993218,1.0,0.938239,0.921113,36.8,72.4
125,0.393951,0.481966,0.634291,0.024993,0.958793,0.917112,1.0,0.929561,0.817382,47.0,76.9
126,0.309989,0.620718,0.810782,0.050524,0.806467,0.707634,0.991803,0.88233,0.499404,0.2,0.0
127,0.498734,0.567802,0.743274,0.041387,0.993594,0.938523,1.0,0.941929,0.878359,28.9,64.5
