channel,condition,local_sharpness,global_sharpness,x_local,y_local
0,Clean,0.017265,0.012032,0.004709,0.029821
0,+30%,0.049858,0.020236,0.024766,0.074949
0,+50%,0.058863,0.023999,0.034913,0.082814
1,Clean,0.060477,0.020257,0.039084,0.081869
1,+30%,0.095972,0.027519,0.066369,0.125576
1,+50%,0.084754,0.024423,0.058878,0.110629
2,Clean,0.000000,0.000000,0.000000,0.000000
2,+30%,0.000000,0.000000,0.000000,0.000000
2,+50%,0.000000,0.000000,0.000000,0.000000
3,Clean,0.043015,0.020779,0.031913,0.054116
3,+30%,0.000000,0.000000,0.000000,0.000000
3,+50%,0.000000,0.000000,0.000000,0.000000
4,Clean,0.000000,0.000000,0.000000,0.000000
4,+30%,0.000000,0.000000,0.000000,0.000000
4,+50%,0.000000,0.000000,0.000000,0.000000
5,Clean,0.152840,0.034958,0.176506,0.129175
5,+30%,0.148577,0.034014,0.170076,0.127079
5,+50%,0.144434,0.032424,0.165128,0.123741
6,Clean,0.043210,0.024293,0.039973,0.046447
6,+30%,0.045118,0.024343,0.042068,0.048168
6,+50%,0.051432,0.024297,0.046711,0.056154
7,Clean,0.000000,0.000000,0.000000,0.000000
7,+30%,0.000000,0.000000,0.000000,0.000000
7,+50%,0.000000,0.000000,0.000000,0.000000
8,Clean,0.013766,0.009678,0.023217,0.004315
8,+30%,0.049465,0.018708,0.066526,0.032404
8,+50%,0.035979,0.016512,0.044693,0.027265
9,Clean,0.000000,0.000000,0.000000,0.000000
9,+30%,0.000000,0.000000,0.000000,0.000000
9,+50%,0.000000,0.000000,0.000000,0.000000
10,Clean,0.067267,0.024034,0.034269,0.100266
10,+30%,0.036957,0.019089,0.014720,0.059193
10,+50%,0.021224,0.014942,0.006311,0.036138
11,Clean,0.103805,0.026018,0.098040,0.109571
11,+30%,0.089564,0.023617,0.084351,0.094777
11,+50%,0.054442,0.017788,0.052426,0.056458
12,Clean,0.031835,0.021624,0.021213,0.042457
12,+30%,0.060595,0.019822,0.043635,0.077556
12,+50%,0.000000,0.000000,0.000000,0.000000
13,Clean,0.000000,0.000000,0.000000,0.000000
13,+30%,0.000000,0.000000,0.000000,0.000000
13,+50%,0.000000,0.000000,0.000000,0.000000
14,Clean,0.093652,0.030358,0.113917,0.073388
14,+30%,0.064789,0.022840,0.079184,0.050393
14,+50%,0.035607,0.015297,0.045150,0.026064
15,Clean,0.145823,0.030982,0.118439,0.173207
15,+30%,0.130850,0.029106,0.102164,0.159535
15,+50%,0.111570,0.026168,0.087119,0.136021
16,Clean,0.018572,0.021741,0.016155,0.020989
16,+30%,0.022303,0.023093,0.019957,0.024649
16,+50%,0.015402,0.013807,0.015286,0.015519
17,Clean,0.059805,0.025216,0.040106,0.079505
17,+30%,0.007672,0.009210,0.012107,0.003237
17,+50%,0.009605,0.010100,0.014199,0.005011
18,Clean,0.062761,0.023313,0.058638,0.066883
18,+30%,0.010438,0.008529,0.001685,0.019192
18,+50%,0.010618,0.012095,0.002942,0.018295
19,Clean,0.056544,0.024756,0.035313,0.077775
19,+30%,0.054985,0.023823,0.035368,0.074601
19,+50%,0.053160,0.022815,0.035558,0.070761
20,Clean,0.080309,0.024318,0.093738,0.066881
20,+30%,0.091058,0.026930,0.105315,0.076802
20,+50%,0.083863,0.024232,0.098025,0.069700
21,Clean,0.028823,0.022699,0.020106,0.037540
21,+30%,0.029134,0.021301,0.019544,0.038725
21,+50%,0.028270,0.018360,0.018578,0.037962
22,Clean,0.042477,0.019274,0.053261,0.031693
22,+30%,0.058654,0.024166,0.070519,0.046790
22,+50%,0.052248,0.020938,0.063613,0.040883
23,Clean,0.106536,0.026386,0.093415,0.119657
23,+30%,0.099416,0.025095,0.085414,0.113419
23,+50%,0.104163,0.024073,0.091479,0.116847
24,Clean,0.047167,0.015247,0.032695,0.061640
24,+30%,0.012919,0.009047,0.004562,0.021276
24,+50%,0.010446,0.008204,0.001566,0.019326
25,Clean,0.063000,0.021731,0.082087,0.043914
25,+30%,0.032543,0.013451,0.043330,0.021755
25,+50%,0.022691,0.011181,0.032140,0.013242
26,Clean,0.099379,0.029902,0.046521,0.152238
26,+30%,0.058865,0.020312,0.026652,0.091079
26,+50%,0.032922,0.014143,0.014084,0.051761
27,Clean,0.059470,0.023646,0.039628,0.079313
27,+30%,0.049400,0.021022,0.032299,0.066500
27,+50%,0.044153,0.018799,0.029939,0.058368
28,Clean,0.039876,0.023795,0.036267,0.043484
28,+30%,0.034069,0.021396,0.030849,0.037290
28,+50%,0.031694,0.018334,0.027848,0.035540
29,Clean,0.054315,0.024001,0.038417,0.070213
29,+30%,0.060926,0.023450,0.041972,0.079879
29,+50%,0.030834,0.011839,0.017129,0.044539
30,Clean,0.074441,0.020961,0.039382,0.109500
30,+30%,0.027177,0.011635,0.012055,0.042299
30,+50%,0.018317,0.010125,0.006973,0.029661
31,Clean,0.078880,0.026914,0.047720,0.110040
31,+30%,0.077863,0.025110,0.045055,0.110670
31,+50%,0.073368,0.021888,0.041853,0.104884
32,Clean,0.030009,0.020501,0.024252,0.035765
32,+30%,0.023884,0.017634,0.018923,0.028845
32,+50%,0.019847,0.015734,0.016716,0.022977
33,Clean,0.048814,0.023765,0.043818,0.053809
33,+30%,0.038005,0.021537,0.033331,0.042678
33,+50%,0.035441,0.016763,0.028513,0.042368
34,Clean,0.026976,0.021475,0.025161,0.028791
34,+30%,0.027922,0.022114,0.022964,0.032880
34,+50%,0.014269,0.005359,0.006301,0.022237
35,Clean,0.024328,0.018999,0.023371,0.025285
35,+30%,0.017352,0.012995,0.017956,0.016748
35,+50%,0.060387,0.016801,0.106585,0.014189
36,Clean,0.000000,0.000000,0.000000,0.000000
36,+30%,0.000000,0.000000,0.000000,0.000000
36,+50%,0.000000,0.000000,0.000000,0.000000
37,Clean,0.020690,0.020583,0.018567,0.022813
37,+30%,0.020118,0.018325,0.019017,0.021219
37,+50%,0.015278,0.011712,0.016721,0.013835
38,Clean,0.000000,0.000000,0.000000,0.000000
38,+30%,0.000000,0.000000,0.000000,0.000000
38,+50%,0.000000,0.000000,0.000000,0.000000
39,Clean,0.058792,0.019200,0.049166,0.068419
39,+30%,0.025593,0.012765,0.018525,0.032661
39,+50%,0.014712,0.009835,0.007841,0.021584
40,Clean,0.119071,0.026080,0.123265,0.114876
40,+30%,0.143978,0.031260,0.149766,0.138190
40,+50%,0.107165,0.024985,0.109843,0.104486
41,Clean,0.077148,0.025719,0.087256,0.067040
41,+30%,0.077410,0.024126,0.087704,0.067117
41,+50%,0.076311,0.021912,0.087307,0.065315
42,Clean,0.064860,0.024486,0.036894,0.092827
42,+30%,0.065661,0.023433,0.036810,0.094512
42,+50%,0.073314,0.023040,0.040529,0.106098
43,Clean,0.093129,0.023823,0.083433,0.102825
43,+30%,0.098832,0.024202,0.086796,0.110867
43,+50%,0.078850,0.020104,0.069939,0.087761
44,Clean,0.049798,0.019689,0.061566,0.038029
44,+30%,0.020280,0.012629,0.029505,0.011056
44,+50%,0.016830,0.013615,0.027203,0.006456
45,Clean,0.025701,0.024322,0.021389,0.030013
45,+30%,0.027702,0.023045,0.022693,0.032712
45,+50%,0.023855,0.017466,0.019762,0.027948
46,Clean,0.030820,0.022288,0.022655,0.038984
46,+30%,0.029073,0.019156,0.020847,0.037298
46,+50%,0.024506,0.013866,0.016808,0.032205
47,Clean,0.074579,0.024818,0.067082,0.082076
47,+30%,0.062141,0.020988,0.055509,0.068773
47,+50%,0.049846,0.017794,0.044891,0.054801
48,Clean,0.000000,0.000000,0.000000,0.000000
48,+30%,0.000000,0.000000,0.000000,0.000000
48,+50%,0.000000,0.000000,0.000000,0.000000
49,Clean,0.087992,0.021421,0.079716,0.096268
49,+30%,0.125375,0.027843,0.109216,0.141534
49,+50%,0.103066,0.024108,0.089153,0.116980
50,Clean,0.068336,0.018719,0.075076,0.061596
50,+30%,0.043726,0.014437,0.048577,0.038875
50,+50%,0.019754,0.009491,0.023857,0.015651
51,Clean,0.053755,0.022905,0.048364,0.059146
51,+30%,0.048488,0.020253,0.043609,0.053367
51,+50%,0.039960,0.016523,0.036340,0.043580
52,Clean,0.054296,0.024340,0.045724,0.062867
52,+30%,0.050084,0.022723,0.041647,0.058521
52,+50%,0.042785,0.021565,0.036170,0.049400
53,Clean,0.046708,0.022359,0.043474,0.049942
53,+30%,0.049824,0.022069,0.045767,0.053880
53,+50%,0.037987,0.015770,0.033794,0.042179
54,Clean,0.035654,0.021932,0.034106,0.037202
54,+30%,0.000000,0.000000,0.000000,0.000000
54,+50%,0.000000,0.000000,0.000000,0.000000
55,Clean,0.042775,0.021883,0.040717,0.044834
55,+30%,0.042465,0.020375,0.041326,0.043604
55,+50%,0.043286,0.016354,0.044669,0.041902
56,Clean,0.068093,0.020435,0.060776,0.075410
56,+30%,0.029959,0.013039,0.030702,0.029215
56,+50%,0.019831,0.010845,0.022501,0.017161
57,Clean,0.070615,0.025316,0.040558,0.100672
57,+30%,0.045969,0.018008,0.024962,0.066976
57,+50%,0.029347,0.013517,0.014433,0.044261
58,Clean,0.047543,0.023062,0.041592,0.053494
58,+30%,0.125979,0.032987,0.079556,0.172402
58,+50%,0.000000,0.000000,0.000000,0.000000
59,Clean,0.164003,0.036853,0.206960,0.121047
59,+30%,0.164912,0.037336,0.207875,0.121948
59,+50%,0.155536,0.035389,0.195844,0.115227
60,Clean,0.056555,0.020872,0.044254,0.068856
60,+30%,0.057853,0.020706,0.045351,0.070355
60,+50%,0.052335,0.018437,0.041581,0.063090
61,Clean,0.018399,0.021240,0.016282,0.020516
61,+30%,0.019735,0.021083,0.018051,0.021419
61,+50%,0.015182,0.013723,0.015336,0.015027
62,Clean,0.030504,0.023409,0.028697,0.032312
62,+30%,0.000000,0.000000,0.000000,0.000000
62,+50%,0.000000,0.000000,0.000000,0.000000
63,Clean,0.115299,0.028167,0.097209,0.133389
63,+30%,0.142043,0.033991,0.120858,0.163228
63,+50%,0.122586,0.030731,0.105155,0.140017
