label,role,candidate_key,channels_json,replicate,status,reason,elapsed_seconds,exit_code,failure_timestamp,failure_frame_index,last_timestamp,trajectory_poses,associated_poses,expected_matched_frames,coverage_ratio,se3_ate_rmse_m,se3_ate_mean_m,se3_ate_median_m,se3_ate_max_m,se3_ate_std_m,rotation_ape_rmse_deg,rotation_ape_mean_deg,rotation_ape_max_deg,translation_rpe_rmse_m,translation_rpe_max_m,rotation_rpe_rmse_deg,rotation_rpe_max_deg,allframe_sim3_rmse_m,allframe_sim3_mean_m,allframe_sim3_scale,keyframe_sim3_rmse_m,keyframe_sim3_mean_m,keyframe_sim3_scale,keyframe_associated_poses,historical_evo_ape_rmse_m,historical_evo_ape_mean_m,historical_evo_rpe_rmse_m,diagnostic_frames,photo_mse_median,photo_mse_p95,photo_mse_nonfinite_count,valid_ratio_min,valid_ratio_median,h_cond_max,delta_norm_max,crazy_affine_count,trajectory_path,keyframe_trajectory_path,log_path,created_at
resnet_direct_fine03,Step-R direct fine rank 3,"resnet:direct:conv1:15,20,26,34,45,53","[15, 20, 26, 34, 45, 53]",0,PASS,Completed the full matched RGB-D sequence,44.31846201699955,0,,,1305031473.1961,571,571,573,0.9965095986038395,0.12642241604371618,0.11881259792695135,0.12277280761866194,0.19484756005425877,0.04319946587840014,7.867566421001948,7.653842272289465,11.427913637964101,0.008090831016125555,0.036442133449122255,0.5043242406986386,1.9137143161851033,0.10291530370337806,0.08975895249966408,1.092818069226653,0.09078841241604789,0.07747957376367827,1.0989633603148892,431,0.0908,0.077507,0.009625,571,11.92342,14.247890000000002,0,0.871,0.992,11670.0,0.003064,0,/home/melody/code/individual_project/channel_selection_results/step_r_c2f_grid_completion/resnet/per_dataset/fr1_desk_clean/artifacts/resnet_direct_fine03/replicate_0.all_frames.tum.txt,/home/melody/code/individual_project/channel_selection_results/step_r_c2f_grid_completion/resnet/per_dataset/fr1_desk_clean/artifacts/resnet_direct_fine03/replicate_0.keyframes.tum.txt,/home/melody/code/individual_project/channel_selection_results/step_r_c2f_grid_completion/resnet/per_dataset/fr1_desk_clean/artifacts/resnet_direct_fine03/replicate_0.log,2026-08-26T03:30:51.546375+00:00
resnet_direct_fine04,Step-R direct fine rank 4,"resnet:direct:conv1:33,52","[33, 52]",0,PASS,Completed the full matched RGB-D sequence,43.563821261996054,0,,,1305031473.1961,571,571,573,0.9965095986038395,0.1489785706081731,0.14184568528107874,0.14017215718151055,0.2810017683246658,0.04554575795390357,9.154931702520491,8.844783162333758,13.194575637063462,0.008389369588682171,0.036403705294649875,0.5068579158897563,1.9116215325524752,0.13486295177538382,0.12441239725852687,1.0794425789051243,0.12713320723184768,0.11534704290040176,1.0876610774547497,431,0.127225,0.115471,0.009876,571,2.119299,2.4775,0,0.867,0.992,4381.0,0.00183,0,/home/melody/code/individual_project/channel_selection_results/step_r_c2f_grid_completion/resnet/per_dataset/fr1_desk_clean/artifacts/resnet_direct_fine04/replicate_0.all_frames.tum.txt,/home/melody/code/individual_project/channel_selection_results/step_r_c2f_grid_completion/resnet/per_dataset/fr1_desk_clean/artifacts/resnet_direct_fine04/replicate_0.keyframes.tum.txt,/home/melody/code/individual_project/channel_selection_results/step_r_c2f_grid_completion/resnet/per_dataset/fr1_desk_clean/artifacts/resnet_direct_fine04/replicate_0.log,2026-08-26T03:31:35.736600+00:00
resnet_direct_fine05,Step-R direct fine rank 5,"resnet:direct:conv1:5,6,24,29","[5, 6, 24, 29]",0,PASS,Completed the full matched RGB-D sequence,43.94602523600042,0,,,1305031473.1961,571,571,573,0.9965095986038395,0.17506161984379928,0.16666977526167817,0.1576137268515456,0.33466918425892805,0.053551440284614144,9.263114051771316,8.834895702211488,16.29187410383161,0.012652357404243005,0.22037921425377574,0.6614435153418983,9.357940826507962,0.1585304765446753,0.14543673724319317,1.0949913119854342,0.16029734316351263,0.14807541411831468,1.0993761571985192,432,0.160132,0.147927,0.015383,571,7.359432,9.508799,0,0.901,0.992,6831.0,0.003281,0,/home/melody/code/individual_project/channel_selection_results/step_r_c2f_grid_completion/resnet/per_dataset/fr1_desk_clean/artifacts/resnet_direct_fine05/replicate_0.all_frames.tum.txt,/home/melody/code/individual_project/channel_selection_results/step_r_c2f_grid_completion/resnet/per_dataset/fr1_desk_clean/artifacts/resnet_direct_fine05/replicate_0.keyframes.tum.txt,/home/melody/code/individual_project/channel_selection_results/step_r_c2f_grid_completion/resnet/per_dataset/fr1_desk_clean/artifacts/resnet_direct_fine05/replicate_0.log,2026-08-26T03:32:20.321523+00:00
resnet_direct_coarse01,Step-R direct coarse rank 1,"resnet:direct:layer2:41,60,67,108,121","[41, 60, 67, 108, 121]",0,PASS,Completed the full matched RGB-D sequence,47.52969574799499,0,,,1305031473.1961,571,571,573,0.9965095986038395,0.27305348448106276,0.26895668216251584,0.2744371823687947,0.3459277390376361,0.0471222718826399,16.690748615142596,15.686063593085356,25.14681852376081,0.017456323226049217,0.32510937637777476,0.6872963933935661,7.626166874405004,0.23801133146559902,0.2183291677283399,1.1902016828150657,0.22199195252307913,0.19849254659547952,1.2214450440490294,426,0.222225,0.198825,0.023398,571,8.236334,9.649586,0,0.902,0.994,7490.0,0.005261,291,/home/melody/code/individual_project/channel_selection_results/step_r_c2f_grid_completion/resnet/per_dataset/fr1_desk_clean/artifacts/resnet_direct_coarse01/replicate_0.all_frames.tum.txt,/home/melody/code/individual_project/channel_selection_results/step_r_c2f_grid_completion/resnet/per_dataset/fr1_desk_clean/artifacts/resnet_direct_coarse01/replicate_0.keyframes.tum.txt,/home/melody/code/individual_project/channel_selection_results/step_r_c2f_grid_completion/resnet/per_dataset/fr1_desk_clean/artifacts/resnet_direct_coarse01/replicate_0.log,2026-08-26T03:33:08.486207+00:00
resnet_direct_coarse02,Step-R direct coarse rank 2,"resnet:direct:layer2:60,67,108,121","[60, 67, 108, 121]",0,PASS,Completed the full matched RGB-D sequence,47.40284868999879,0,,,1305031473.1961,571,571,573,0.9965095986038395,0.26468497536023566,0.2602798909301919,0.26093263221514834,0.3472748997801226,0.04808861152930088,16.725278305437605,15.700532086517036,26.29217814413729,0.01776421094767001,0.3257676452792224,0.7104157808374457,7.882597003357419,0.22710906041444712,0.20795753622754765,1.1929604536332112,0.21732535219812085,0.19582187267613368,1.2164151731907833,430,0.21755,0.196141,0.023519,571,6.262417,7.4512975,0,0.906,0.995,7007.0,0.004641,326,/home/melody/code/individual_project/channel_selection_results/step_r_c2f_grid_completion/resnet/per_dataset/fr1_desk_clean/artifacts/resnet_direct_coarse02/replicate_0.all_frames.tum.txt,/home/melody/code/individual_project/channel_selection_results/step_r_c2f_grid_completion/resnet/per_dataset/fr1_desk_clean/artifacts/resnet_direct_coarse02/replicate_0.keyframes.tum.txt,/home/melody/code/individual_project/channel_selection_results/step_r_c2f_grid_completion/resnet/per_dataset/fr1_desk_clean/artifacts/resnet_direct_coarse02/replicate_0.log,2026-08-26T03:33:56.518315+00:00
resnet_direct_coarse03,Step-R direct coarse rank 3,"resnet:direct:layer2:41,60,67,95,108,121","[41, 60, 67, 95, 108, 121]",0,PASS,Completed the full matched RGB-D sequence,47.67138634299772,0,,,1305031473.1961,571,571,573,0.9965095986038395,0.3033396458231791,0.29553825919038496,0.2940132963552926,0.4305276017594238,0.06835260114178947,18.35888254564253,17.127175818121472,29.019440052127504,0.01878204772239736,0.3645888892448532,0.7079962490649423,8.773875880020217,0.2828375580304759,0.26071206668738733,1.1535962150561105,0.2713924318888378,0.24600403870725435,1.1866044149380404,426,0.271692,0.246459,0.024434,571,10.163324,11.964341000000001,0,0.902,0.994,11690.0,0.008082,315,/home/melody/code/individual_project/channel_selection_results/step_r_c2f_grid_completion/resnet/per_dataset/fr1_desk_clean/artifacts/resnet_direct_coarse03/replicate_0.all_frames.tum.txt,/home/melody/code/individual_project/channel_selection_results/step_r_c2f_grid_completion/resnet/per_dataset/fr1_desk_clean/artifacts/resnet_direct_coarse03/replicate_0.keyframes.tum.txt,/home/melody/code/individual_project/channel_selection_results/step_r_c2f_grid_completion/resnet/per_dataset/fr1_desk_clean/artifacts/resnet_direct_coarse03/replicate_0.log,2026-08-26T03:34:44.822497+00:00
resnet_c2f_a_fine01_coarse01,Step-R full-grid C2F-A; F1 × C1,"resnet:c2f:A:fine15,20,26,34:coarse41,60,67,108,121","[15, 20, 26, 34, 41, 60, 67, 108, 121]",0,PASS,Completed the full matched RGB-D sequence,50.359492714000226,0,,,1305031473.1961,571,571,573,0.9965095986038395,0.2242106626266245,0.21211632424365834,0.2060990579638838,0.364525098259964,0.07264355597593801,10.04681607921472,9.577812408921893,14.323787178467594,0.016531074566522985,0.34260283859620316,0.610324697237,8.207783462976078,0.2172065996066829,0.1976540431774822,1.0706121195393155,0.21096191934242214,0.190752878405994,1.088424430549078,431,0.211174,0.191069,0.020139,571,7.695874,9.941231,0,0.897,0.993,128500.0,0.006649,8,/home/melody/code/individual_project/channel_selection_results/step_r_c2f_grid_completion/resnet/per_dataset/fr1_desk_clean/artifacts/resnet_c2f_a_fine01_coarse01/replicate_0.all_frames.tum.txt,/home/melody/code/individual_project/channel_selection_results/step_r_c2f_grid_completion/resnet/per_dataset/fr1_desk_clean/artifacts/resnet_c2f_a_fine01_coarse01/replicate_0.keyframes.tum.txt,/home/melody/code/individual_project/channel_selection_results/step_r_c2f_grid_completion/resnet/per_dataset/fr1_desk_clean/artifacts/resnet_c2f_a_fine01_coarse01/replicate_0.log,2026-08-26T03:35:35.821145+00:00
resnet_c2f_a_fine01_coarse02,Step-R full-grid C2F-A; F1 × C2,"resnet:c2f:A:fine15,20,26,34:coarse60,67,108,121","[15, 20, 26, 34, 60, 67, 108, 121]",0,PASS,Completed the full matched RGB-D sequence,50.64043981100258,0,,,1305031473.1961,571,571,573,0.9965095986038395,0.2190701203309642,0.2079320073984038,0.20161852050048024,0.35240246632348526,0.06896374352580692,10.0125421165971,9.585451219418868,13.962531448098328,0.016127371360126333,0.3317647466736575,0.6078451734585363,8.076306749822463,0.21221783721549828,0.19266153233384634,1.0688174743891328,0.2055388855339864,0.18543795552316153,1.0855526708787586,432,0.205748,0.18575,0.019583,571,7.704831,9.881067,0,0.897,0.993,129300.0,0.008165,8,/home/melody/code/individual_project/channel_selection_results/step_r_c2f_grid_completion/resnet/per_dataset/fr1_desk_clean/artifacts/resnet_c2f_a_fine01_coarse02/replicate_0.all_frames.tum.txt,/home/melody/code/individual_project/channel_selection_results/step_r_c2f_grid_completion/resnet/per_dataset/fr1_desk_clean/artifacts/resnet_c2f_a_fine01_coarse02/replicate_0.keyframes.tum.txt,/home/melody/code/individual_project/channel_selection_results/step_r_c2f_grid_completion/resnet/per_dataset/fr1_desk_clean/artifacts/resnet_c2f_a_fine01_coarse02/replicate_0.log,2026-08-26T03:36:27.094306+00:00
resnet_c2f_a_fine01_coarse03,Step-R full-grid C2F-A; F1 × C3,"resnet:c2f:A:fine15,20,26,34:coarse41,60,67,95,108,121","[15, 20, 26, 34, 41, 60, 67, 95, 108, 121]",0,PASS,Completed the full matched RGB-D sequence,50.802532731999236,0,,,1305031473.1961,571,571,573,0.9965095986038395,0.19740224383890942,0.1880375315875017,0.1870907230161589,0.35791525601750956,0.06007938570854032,10.207393251706842,9.75511284984135,15.408659035486583,0.01164611164350101,0.14480479691262618,0.7451562083134844,12.263372723111996,0.18524656034258105,0.16904185020486787,1.0871641136146675,0.17958350660166417,0.16220712148573083,1.1007122396929292,431,0.179713,0.162412,0.014149,571,7.701632,9.90413,0,0.897,0.993,257700.0,0.012223,16,/home/melody/code/individual_project/channel_selection_results/step_r_c2f_grid_completion/resnet/per_dataset/fr1_desk_clean/artifacts/resnet_c2f_a_fine01_coarse03/replicate_0.all_frames.tum.txt,/home/melody/code/individual_project/channel_selection_results/step_r_c2f_grid_completion/resnet/per_dataset/fr1_desk_clean/artifacts/resnet_c2f_a_fine01_coarse03/replicate_0.keyframes.tum.txt,/home/melody/code/individual_project/channel_selection_results/step_r_c2f_grid_completion/resnet/per_dataset/fr1_desk_clean/artifacts/resnet_c2f_a_fine01_coarse03/replicate_0.log,2026-08-26T03:37:18.506543+00:00
resnet_c2f_a_fine01_coarse04,Step-R full-grid C2F-A; F1 × C4,"resnet:c2f:A:fine15,20,26,34:coarse67,108,121","[15, 20, 26, 34, 67, 108, 121]",0,PASS,Completed the full matched RGB-D sequence,50.06444190299953,0,,,1305031473.1961,571,571,573,0.9965095986038395,0.2277569834539207,0.21513209007631745,0.2067049282522595,0.3590676491900564,0.07477584724645224,10.304088832755172,9.770480755904826,14.955275977318776,0.017320660950850317,0.36381397976493784,0.633129139543691,9.101772263931851,0.22166402433940355,0.20091065737487435,1.0662760130527504,0.21558985870697575,0.19500433220641308,1.0837349903397402,431,0.215811,0.195336,0.021065,571,7.729393,9.866895,0,0.897,0.993,181800.0,0.010816,8,/home/melody/code/individual_project/channel_selection_results/step_r_c2f_grid_completion/resnet/per_dataset/fr1_desk_clean/artifacts/resnet_c2f_a_fine01_coarse04/replicate_0.all_frames.tum.txt,/home/melody/code/individual_project/channel_selection_results/step_r_c2f_grid_completion/resnet/per_dataset/fr1_desk_clean/artifacts/resnet_c2f_a_fine01_coarse04/replicate_0.keyframes.tum.txt,/home/melody/code/individual_project/channel_selection_results/step_r_c2f_grid_completion/resnet/per_dataset/fr1_desk_clean/artifacts/resnet_c2f_a_fine01_coarse04/replicate_0.log,2026-08-26T03:38:09.202350+00:00
resnet_c2f_a_fine01_coarse05,Step-R full-grid C2F-A; F1 × C5,"resnet:c2f:A:fine15,20,26,34:coarse108,121","[15, 20, 26, 34, 108, 121]",0,PASS,Completed the full matched RGB-D sequence,50.52494165400276,0,,,1305031473.1961,571,571,573,0.9965095986038395,0.12236076783288552,0.11646004151070123,0.1256685615775851,0.184493445441404,0.03753952897918487,7.4598343228875565,6.93315735563599,12.543360165024556,0.008975811407566238,0.09482325790187968,0.5546652947848112,5.495035639349304,0.08871675960428212,0.07702397313960922,1.107793282311047,0.07787149432497545,0.0654824485760375,1.1146997599529305,431,0.077831,0.065461,0.010968,571,7.714999,9.8556575,0,0.896,0.993,206400.0,0.010419,8,/home/melody/code/individual_project/channel_selection_results/step_r_c2f_grid_completion/resnet/per_dataset/fr1_desk_clean/artifacts/resnet_c2f_a_fine01_coarse05/replicate_0.all_frames.tum.txt,/home/melody/code/individual_project/channel_selection_results/step_r_c2f_grid_completion/resnet/per_dataset/fr1_desk_clean/artifacts/resnet_c2f_a_fine01_coarse05/replicate_0.keyframes.tum.txt,/home/melody/code/individual_project/channel_selection_results/step_r_c2f_grid_completion/resnet/per_dataset/fr1_desk_clean/artifacts/resnet_c2f_a_fine01_coarse05/replicate_0.log,2026-08-26T03:39:00.353799+00:00
resnet_c2f_a_fine02_coarse01,Step-R full-grid C2F-A; F2 × C1,"resnet:c2f:A:fine23,24,26,51,63:coarse41,60,67,108,121","[23, 24, 26, 51, 63, 41, 60, 67, 108, 121]",0,PASS,Completed the full matched RGB-D sequence,50.921701857994776,0,,,1305031473.1961,571,571,573,0.9965095986038395,0.12578776151970417,0.11850354963763567,0.127194363498821,0.20185761642031608,0.04218376075480216,8.284167989840256,7.621754504543924,13.143026145495973,0.008739539177737796,0.07549729982904123,0.5498419933984847,5.0254056918688885,0.08766985869875149,0.07346735812738578,1.1162480551895855,0.07746036217033062,0.06556484930263548,1.121969479207119,427,0.077338,0.065428,0.010613,571,9.729802,12.2306745,0,0.898,0.993,56010.0,0.005524,8,/home/melody/code/individual_project/channel_selection_results/step_r_c2f_grid_completion/resnet/per_dataset/fr1_desk_clean/artifacts/resnet_c2f_a_fine02_coarse01/replicate_0.all_frames.tum.txt,/home/melody/code/individual_project/channel_selection_results/step_r_c2f_grid_completion/resnet/per_dataset/fr1_desk_clean/artifacts/resnet_c2f_a_fine02_coarse01/replicate_0.keyframes.tum.txt,/home/melody/code/individual_project/channel_selection_results/step_r_c2f_grid_completion/resnet/per_dataset/fr1_desk_clean/artifacts/resnet_c2f_a_fine02_coarse01/replicate_0.log,2026-08-26T03:39:51.903965+00:00
resnet_c2f_a_fine02_coarse02,Step-R full-grid C2F-A; F2 × C2,"resnet:c2f:A:fine23,24,26,51,63:coarse60,67,108,121","[23, 24, 26, 51, 63, 60, 67, 108, 121]",0,PASS,Completed the full matched RGB-D sequence,50.90964917800011,0,,,1305031473.1961,571,571,573,0.9965095986038395,0.22828387370294517,0.21672202110072616,0.2028978547002557,0.40866072249022356,0.0717293005879649,12.062414740568606,11.237734949128601,18.258644616090937,0.015730576539530305,0.31256356807055136,0.7207371226375242,9.598881982416497,0.2206494661201595,0.20066243297937766,1.0747099319985567,0.21509780253028143,0.19385319131607484,1.0924412601140658,428,0.215267,0.19412,0.019208,571,9.709107,12.219939,0,0.898,0.993,46890.0,0.02022,16,/home/melody/code/individual_project/channel_selection_results/step_r_c2f_grid_completion/resnet/per_dataset/fr1_desk_clean/artifacts/resnet_c2f_a_fine02_coarse02/replicate_0.all_frames.tum.txt,/home/melody/code/individual_project/channel_selection_results/step_r_c2f_grid_completion/resnet/per_dataset/fr1_desk_clean/artifacts/resnet_c2f_a_fine02_coarse02/replicate_0.keyframes.tum.txt,/home/melody/code/individual_project/channel_selection_results/step_r_c2f_grid_completion/resnet/per_dataset/fr1_desk_clean/artifacts/resnet_c2f_a_fine02_coarse02/replicate_0.log,2026-08-26T03:40:43.438482+00:00
resnet_c2f_a_fine02_coarse03,Step-R full-grid C2F-A; F2 × C3,"resnet:c2f:A:fine23,24,26,51,63:coarse41,60,67,95,108,121","[23, 24, 26, 51, 63, 41, 60, 67, 95, 108, 121]",0,PASS,Completed the full matched RGB-D sequence,51.256337533995975,0,,,1305031473.1961,571,571,573,0.9965095986038395,0.18791770411688413,0.17876383616510907,0.1944502802148599,0.2927837346449635,0.05793577823844988,9.73936979359223,9.523841120008768,12.59324730974548,0.011833219580711141,0.1525701204956028,0.6579889379830715,9.009741743156457,0.17155411382029004,0.15507959460581852,1.0987312797686344,0.16348299994311585,0.14559066380616653,1.113439688449824,431,0.163652,0.145833,0.01446,571,9.686764,12.225198500000001,0,0.898,0.993,64890.0,0.033854,16,/home/melody/code/individual_project/channel_selection_results/step_r_c2f_grid_completion/resnet/per_dataset/fr1_desk_clean/artifacts/resnet_c2f_a_fine02_coarse03/replicate_0.all_frames.tum.txt,/home/melody/code/individual_project/channel_selection_results/step_r_c2f_grid_completion/resnet/per_dataset/fr1_desk_clean/artifacts/resnet_c2f_a_fine02_coarse03/replicate_0.keyframes.tum.txt,/home/melody/code/individual_project/channel_selection_results/step_r_c2f_grid_completion/resnet/per_dataset/fr1_desk_clean/artifacts/resnet_c2f_a_fine02_coarse03/replicate_0.log,2026-08-26T03:41:35.332227+00:00
resnet_c2f_a_fine02_coarse05,Step-R full-grid C2F-A; F2 × C5,"resnet:c2f:A:fine23,24,26,51,63:coarse108,121","[23, 24, 26, 51, 63, 108, 121]",0,PASS,Completed the full matched RGB-D sequence,50.70022631900065,0,,,1305031473.1961,571,571,573,0.9965095986038395,0.1945838477993709,0.18536717252936696,0.19208115872892764,0.30971927441508895,0.05917672830493964,9.49609873753217,9.25044962157701,12.329397405482172,0.015414501868091231,0.3106406193141006,0.5835951676066159,7.027659392552141,0.1799689003692651,0.16262384662945592,1.0951248138040222,0.17349153739268222,0.15453101026122992,1.1109467153215025,431,0.173672,0.154795,0.019121,571,9.688003,12.254134,0,0.896,0.993,45490.0,0.013855,8,/home/melody/code/individual_project/channel_selection_results/step_r_c2f_grid_completion/resnet/per_dataset/fr1_desk_clean/artifacts/resnet_c2f_a_fine02_coarse05/replicate_0.all_frames.tum.txt,/home/melody/code/individual_project/channel_selection_results/step_r_c2f_grid_completion/resnet/per_dataset/fr1_desk_clean/artifacts/resnet_c2f_a_fine02_coarse05/replicate_0.keyframes.tum.txt,/home/melody/code/individual_project/channel_selection_results/step_r_c2f_grid_completion/resnet/per_dataset/fr1_desk_clean/artifacts/resnet_c2f_a_fine02_coarse05/replicate_0.log,2026-08-26T03:42:26.658673+00:00
resnet_c2f_a_fine03_coarse01,Step-R full-grid C2F-A; F3 × C1,"resnet:c2f:A:fine15,20,26,34,45,53:coarse41,60,67,108,121","[15, 20, 26, 34, 45, 53, 41, 60, 67, 108, 121]",0,PASS,Completed the full matched RGB-D sequence,49.96809983999992,0,,,1305031473.1961,571,571,573,0.9965095986038395,0.12518280447982688,0.1180317831559621,0.13013420893542993,0.18468260989197072,0.04170410893974966,7.5211787310900995,6.998138353832514,12.65281282217948,0.008542970921862899,0.07138377663253591,0.5452170779076448,4.998349284204599,0.08998174275583576,0.07746751572018479,1.1117346691049936,0.07895910061722711,0.06649972993027241,1.1188591583657588,430,0.078885,0.066429,0.010423,571,11.908318,14.190975,0,0.897,0.993,18780.0,0.004277,8,/home/melody/code/individual_project/channel_selection_results/step_r_c2f_grid_completion/resnet/per_dataset/fr1_desk_clean/artifacts/resnet_c2f_a_fine03_coarse01/replicate_0.all_frames.tum.txt,/home/melody/code/individual_project/channel_selection_results/step_r_c2f_grid_completion/resnet/per_dataset/fr1_desk_clean/artifacts/resnet_c2f_a_fine03_coarse01/replicate_0.keyframes.tum.txt,/home/melody/code/individual_project/channel_selection_results/step_r_c2f_grid_completion/resnet/per_dataset/fr1_desk_clean/artifacts/resnet_c2f_a_fine03_coarse01/replicate_0.log,2026-08-26T03:43:17.257045+00:00
resnet_c2f_a_fine03_coarse02,Step-R full-grid C2F-A; F3 × C2,"resnet:c2f:A:fine15,20,26,34,45,53:coarse60,67,108,121","[15, 20, 26, 34, 45, 53, 60, 67, 108, 121]",0,PASS,Completed the full matched RGB-D sequence,50.223326749997796,0,,,1305031473.1961,571,571,573,0.9965095986038395,0.22324470463959806,0.21197215379438608,0.19560195027460753,0.41958153973465845,0.07004287376593356,11.179312313977839,10.437628509910082,16.93173295206406,0.012944224581316837,0.22935519262749465,0.6643225825848679,8.644417127185873,0.21646062277722686,0.19771448060547958,1.0692558791740732,0.21137864034653353,0.19099262296935496,1.0848588480599317,431,0.211514,0.191216,0.015488,571,11.86608,14.180247,0,0.897,0.993,12510.0,0.006613,0,/home/melody/code/individual_project/channel_selection_results/step_r_c2f_grid_completion/resnet/per_dataset/fr1_desk_clean/artifacts/resnet_c2f_a_fine03_coarse02/replicate_0.all_frames.tum.txt,/home/melody/code/individual_project/channel_selection_results/step_r_c2f_grid_completion/resnet/per_dataset/fr1_desk_clean/artifacts/resnet_c2f_a_fine03_coarse02/replicate_0.keyframes.tum.txt,/home/melody/code/individual_project/channel_selection_results/step_r_c2f_grid_completion/resnet/per_dataset/fr1_desk_clean/artifacts/resnet_c2f_a_fine03_coarse02/replicate_0.log,2026-08-26T03:44:08.119298+00:00
resnet_c2f_a_fine03_coarse03,Step-R full-grid C2F-A; F3 × C3,"resnet:c2f:A:fine15,20,26,34,45,53:coarse41,60,67,95,108,121","[15, 20, 26, 34, 45, 53, 41, 60, 67, 95, 108, 121]",0,PASS,Completed the full matched RGB-D sequence,49.90840678100358,0,,,1305031473.1961,571,571,573,0.9965095986038395,0.2372320951579649,0.22315116510436064,0.21735149071228166,0.3850674614786209,0.08051474700701777,10.616522727857163,10.042907527837466,15.533787155799669,0.017352964580069245,0.3647176608145887,0.6263942403526022,8.83765987975424,0.23107492453472062,0.21093883852487633,1.0683476740489155,0.2261441689086503,0.20616624643331471,1.086852931718245,431,0.226367,0.206499,0.021106,571,11.884979,14.192953,0,0.898,0.993,19520.0,0.012818,8,/home/melody/code/individual_project/channel_selection_results/step_r_c2f_grid_completion/resnet/per_dataset/fr1_desk_clean/artifacts/resnet_c2f_a_fine03_coarse03/replicate_0.all_frames.tum.txt,/home/melody/code/individual_project/channel_selection_results/step_r_c2f_grid_completion/resnet/per_dataset/fr1_desk_clean/artifacts/resnet_c2f_a_fine03_coarse03/replicate_0.keyframes.tum.txt,/home/melody/code/individual_project/channel_selection_results/step_r_c2f_grid_completion/resnet/per_dataset/fr1_desk_clean/artifacts/resnet_c2f_a_fine03_coarse03/replicate_0.log,2026-08-26T03:44:58.664379+00:00
resnet_c2f_a_fine03_coarse04,Step-R full-grid C2F-A; F3 × C4,"resnet:c2f:A:fine15,20,26,34,45,53:coarse67,108,121","[15, 20, 26, 34, 45, 53, 67, 108, 121]",0,PASS,Completed the full matched RGB-D sequence,49.32722648300114,0,,,1305031473.1961,571,571,573,0.9965095986038395,0.22530326188808622,0.21305259289267428,0.2062589497151238,0.35903464496751963,0.0732813242178385,10.44461454937198,9.915533463400095,15.066479030052832,0.016673265661494616,0.3463908108269981,0.6212167051734588,8.633566247436882,0.21838468173944756,0.19815828172875524,1.0703696417215762,0.21186236182836202,0.1914877426138334,1.0886658924049348,430,0.212081,0.191815,0.02033,571,11.877498,14.1983965,0,0.898,0.993,19680.0,0.007789,8,/home/melody/code/individual_project/channel_selection_results/step_r_c2f_grid_completion/resnet/per_dataset/fr1_desk_clean/artifacts/resnet_c2f_a_fine03_coarse04/replicate_0.all_frames.tum.txt,/home/melody/code/individual_project/channel_selection_results/step_r_c2f_grid_completion/resnet/per_dataset/fr1_desk_clean/artifacts/resnet_c2f_a_fine03_coarse04/replicate_0.keyframes.tum.txt,/home/melody/code/individual_project/channel_selection_results/step_r_c2f_grid_completion/resnet/per_dataset/fr1_desk_clean/artifacts/resnet_c2f_a_fine03_coarse04/replicate_0.log,2026-08-26T03:45:48.628494+00:00
resnet_c2f_a_fine03_coarse05,Step-R full-grid C2F-A; F3 × C5,"resnet:c2f:A:fine15,20,26,34,45,53:coarse108,121","[15, 20, 26, 34, 45, 53, 108, 121]",0,PASS,Completed the full matched RGB-D sequence,49.75729666699772,0,,,1305031473.1961,571,571,573,0.9965095986038395,0.1273368260939866,0.12246129204659302,0.12842170844301837,0.18821239279662647,0.034898413000725985,7.567922278423697,7.170910445792365,12.347589988164192,0.009356511816373871,0.11449990189537974,0.5563389269090442,5.612201250196177,0.09408118510691903,0.08292441797427712,1.1100595132456985,0.0828360449004963,0.07069346826436282,1.1179602234787642,431,0.082824,0.070701,0.011474,571,11.895017,14.2273995,0,0.896,0.993,19270.0,0.006101,8,/home/melody/code/individual_project/channel_selection_results/step_r_c2f_grid_completion/resnet/per_dataset/fr1_desk_clean/artifacts/resnet_c2f_a_fine03_coarse05/replicate_0.all_frames.tum.txt,/home/melody/code/individual_project/channel_selection_results/step_r_c2f_grid_completion/resnet/per_dataset/fr1_desk_clean/artifacts/resnet_c2f_a_fine03_coarse05/replicate_0.keyframes.tum.txt,/home/melody/code/individual_project/channel_selection_results/step_r_c2f_grid_completion/resnet/per_dataset/fr1_desk_clean/artifacts/resnet_c2f_a_fine03_coarse05/replicate_0.log,2026-08-26T03:46:39.015312+00:00
resnet_c2f_a_fine04_coarse01,Step-R full-grid C2F-A; F4 × C1,"resnet:c2f:A:fine33,52:coarse41,60,67,108,121","[33, 52, 41, 60, 67, 108, 121]",0,PASS,Completed the full matched RGB-D sequence,49.15365389199724,0,,,1305031473.1961,571,571,573,0.9965095986038395,0.2512813896876194,0.2370732754695149,0.21520956881851783,0.45600127851531846,0.08329825245163774,10.943591982972173,10.702264946796646,14.81705975917258,0.01634938360339297,0.33445120230744624,0.5970705708670264,7.623168297132929,0.24871174614224237,0.23103197698732084,1.0448920063666056,0.24460866379252025,0.2270440044072826,1.0649500443963928,431,0.244833,0.227383,0.019486,571,2.12262,2.4801580000000003,0,0.897,0.993,19170.0,0.02486,8,/home/melody/code/individual_project/channel_selection_results/step_r_c2f_grid_completion/resnet/per_dataset/fr1_desk_clean/artifacts/resnet_c2f_a_fine04_coarse01/replicate_0.all_frames.tum.txt,/home/melody/code/individual_project/channel_selection_results/step_r_c2f_grid_completion/resnet/per_dataset/fr1_desk_clean/artifacts/resnet_c2f_a_fine04_coarse01/replicate_0.keyframes.tum.txt,/home/melody/code/individual_project/channel_selection_results/step_r_c2f_grid_completion/resnet/per_dataset/fr1_desk_clean/artifacts/resnet_c2f_a_fine04_coarse01/replicate_0.log,2026-08-26T03:47:28.812252+00:00
resnet_c2f_a_fine04_coarse02,Step-R full-grid C2F-A; F4 × C2,"resnet:c2f:A:fine33,52:coarse60,67,108,121","[33, 52, 60, 67, 108, 121]",0,PASS,Completed the full matched RGB-D sequence,49.13796172699949,0,,,1305031473.1961,571,571,573,0.9965095986038395,0.2556047121717572,0.24080057833028257,0.21876350284900187,0.4769656899893408,0.08572543589978572,11.007846118068645,10.524786567069233,16.338873433861977,0.015800925325004534,0.31370968836236085,0.6761071018840403,8.133065288861351,0.25398835014923976,0.23562478505551548,1.0356961754391172,0.25101815054566273,0.23260434857810808,1.0536020541057072,432,0.251205,0.232896,0.018696,571,2.127069,2.4797399999999996,0,0.897,0.993,16720.0,0.010319,8,/home/melody/code/individual_project/channel_selection_results/step_r_c2f_grid_completion/resnet/per_dataset/fr1_desk_clean/artifacts/resnet_c2f_a_fine04_coarse02/replicate_0.all_frames.tum.txt,/home/melody/code/individual_project/channel_selection_results/step_r_c2f_grid_completion/resnet/per_dataset/fr1_desk_clean/artifacts/resnet_c2f_a_fine04_coarse02/replicate_0.keyframes.tum.txt,/home/melody/code/individual_project/channel_selection_results/step_r_c2f_grid_completion/resnet/per_dataset/fr1_desk_clean/artifacts/resnet_c2f_a_fine04_coarse02/replicate_0.log,2026-08-26T03:48:18.583632+00:00
resnet_c2f_a_fine04_coarse03,Step-R full-grid C2F-A; F4 × C3,"resnet:c2f:A:fine33,52:coarse41,60,67,95,108,121","[33, 52, 41, 60, 67, 95, 108, 121]",0,PASS,Completed the full matched RGB-D sequence,49.207908564996615,0,,,1305031473.1961,571,571,573,0.9965095986038395,0.16109507761219055,0.15434575583358456,0.15538799869896167,0.29691982543820666,0.04614121462464106,8.225994358564439,7.964648512841767,12.429500330335232,0.009863783658715437,0.11763318885424794,0.554035913296968,4.062083584087282,0.14499446926926446,0.13378789499090626,1.0890631948816425,0.13589398557191656,0.12313505465434983,1.1015169228691397,432,0.136021,0.12332,0.011881,571,2.128697,2.4787155,0,0.897,0.993,16620.0,0.024653,8,/home/melody/code/individual_project/channel_selection_results/step_r_c2f_grid_completion/resnet/per_dataset/fr1_desk_clean/artifacts/resnet_c2f_a_fine04_coarse03/replicate_0.all_frames.tum.txt,/home/melody/code/individual_project/channel_selection_results/step_r_c2f_grid_completion/resnet/per_dataset/fr1_desk_clean/artifacts/resnet_c2f_a_fine04_coarse03/replicate_0.keyframes.tum.txt,/home/melody/code/individual_project/channel_selection_results/step_r_c2f_grid_completion/resnet/per_dataset/fr1_desk_clean/artifacts/resnet_c2f_a_fine04_coarse03/replicate_0.log,2026-08-26T03:49:08.415623+00:00
resnet_c2f_a_fine04_coarse04,Step-R full-grid C2F-A; F4 × C4,"resnet:c2f:A:fine33,52:coarse67,108,121","[33, 52, 67, 108, 121]",0,PASS,Completed the full matched RGB-D sequence,48.56050809199951,0,,,1305031473.1961,571,571,573,0.9965095986038395,0.2559316745443198,0.2410774451294526,0.2221026991378986,0.4576741023544391,0.08592256679659546,11.016378096762626,10.768818027809505,14.87793477762365,0.016942278380717095,0.35073540934802677,0.6111462533434232,8.23924354251201,0.2540733539889032,0.23589109826151017,1.0383910736872382,0.24987353987747737,0.2324784295175286,1.0583731613459082,431,0.250105,0.232826,0.020124,571,2.129428,2.4821615,0,0.897,0.992,23020.0,0.01683,8,/home/melody/code/individual_project/channel_selection_results/step_r_c2f_grid_completion/resnet/per_dataset/fr1_desk_clean/artifacts/resnet_c2f_a_fine04_coarse04/replicate_0.all_frames.tum.txt,/home/melody/code/individual_project/channel_selection_results/step_r_c2f_grid_completion/resnet/per_dataset/fr1_desk_clean/artifacts/resnet_c2f_a_fine04_coarse04/replicate_0.keyframes.tum.txt,/home/melody/code/individual_project/channel_selection_results/step_r_c2f_grid_completion/resnet/per_dataset/fr1_desk_clean/artifacts/resnet_c2f_a_fine04_coarse04/replicate_0.log,2026-08-26T03:49:57.613304+00:00
resnet_c2f_a_fine04_coarse05,Step-R full-grid C2F-A; F4 × C5,"resnet:c2f:A:fine33,52:coarse108,121","[33, 52, 108, 121]",0,PASS,Completed the full matched RGB-D sequence,49.308895468995615,0,,,1305031473.1961,571,571,573,0.9965095986038395,0.14017958943292755,0.1332497407026623,0.14169152940234278,0.2530406972620498,0.04352957496067923,8.155006946118958,7.749293004817357,12.894858166726285,0.00905778920223565,0.09035007807940651,0.540336427807075,4.576764988261192,0.1190682320578668,0.11007561425521882,1.093833644734353,0.10986335292721713,0.09948574543392699,1.103516791199187,432,0.109938,0.099591,0.010872,571,2.12941,2.4775895,0,0.897,0.993,10280.0,0.017658,8,/home/melody/code/individual_project/channel_selection_results/step_r_c2f_grid_completion/resnet/per_dataset/fr1_desk_clean/artifacts/resnet_c2f_a_fine04_coarse05/replicate_0.all_frames.tum.txt,/home/melody/code/individual_project/channel_selection_results/step_r_c2f_grid_completion/resnet/per_dataset/fr1_desk_clean/artifacts/resnet_c2f_a_fine04_coarse05/replicate_0.keyframes.tum.txt,/home/melody/code/individual_project/channel_selection_results/step_r_c2f_grid_completion/resnet/per_dataset/fr1_desk_clean/artifacts/resnet_c2f_a_fine04_coarse05/replicate_0.log,2026-08-26T03:50:47.552454+00:00
resnet_c2f_a_fine05_coarse01,Step-R full-grid C2F-A; F5 × C1,"resnet:c2f:A:fine5,6,24,29:coarse41,60,67,108,121","[5, 6, 24, 29, 41, 60, 67, 108, 121]",0,PASS,Completed the full matched RGB-D sequence,50.22813096999744,0,,,1305031473.1961,571,571,573,0.9965095986038395,0.2278666487294148,0.2158007093467116,0.20696929420047033,0.40364705574196347,0.07316599926626172,10.534602428324108,10.127655607524217,14.678610290932417,0.01608973051630086,0.32826300835988625,0.6076707840030147,7.806895321266445,0.2208504678256376,0.20322322790614678,1.071386929329252,0.21458978745294982,0.1966435422790436,1.0900732580295844,431,0.214781,0.196922,0.019448,571,7.376681,9.5149395,0,0.9,0.993,6922.0,0.005044,0,/home/melody/code/individual_project/channel_selection_results/step_r_c2f_grid_completion/resnet/per_dataset/fr1_desk_clean/artifacts/resnet_c2f_a_fine05_coarse01/replicate_0.all_frames.tum.txt,/home/melody/code/individual_project/channel_selection_results/step_r_c2f_grid_completion/resnet/per_dataset/fr1_desk_clean/artifacts/resnet_c2f_a_fine05_coarse01/replicate_0.keyframes.tum.txt,/home/melody/code/individual_project/channel_selection_results/step_r_c2f_grid_completion/resnet/per_dataset/fr1_desk_clean/artifacts/resnet_c2f_a_fine05_coarse01/replicate_0.log,2026-08-26T03:51:38.418171+00:00
resnet_c2f_a_fine05_coarse02,Step-R full-grid C2F-A; F5 × C2,"resnet:c2f:A:fine5,6,24,29:coarse60,67,108,121","[5, 6, 24, 29, 60, 67, 108, 121]",0,PASS,Completed the full matched RGB-D sequence,50.70436842199706,0,,,1305031473.1961,571,571,573,0.9965095986038395,0.21694096790318684,0.2060653548253892,0.19895585784268216,0.3927578124545647,0.06782664001303608,10.295734916498219,9.897181928113138,14.269869715853453,0.015047794813289952,0.29876839061796756,0.5939791553712548,7.157787419903563,0.2088346067933183,0.19161627840230755,1.074705614915138,0.20204315985187302,0.1843085740497867,1.0919309231752428,432,0.202224,0.184573,0.018142,571,7.371011,9.497414,0,0.899,0.993,6935.0,0.005453,0,/home/melody/code/individual_project/channel_selection_results/step_r_c2f_grid_completion/resnet/per_dataset/fr1_desk_clean/artifacts/resnet_c2f_a_fine05_coarse02/replicate_0.all_frames.tum.txt,/home/melody/code/individual_project/channel_selection_results/step_r_c2f_grid_completion/resnet/per_dataset/fr1_desk_clean/artifacts/resnet_c2f_a_fine05_coarse02/replicate_0.keyframes.tum.txt,/home/melody/code/individual_project/channel_selection_results/step_r_c2f_grid_completion/resnet/per_dataset/fr1_desk_clean/artifacts/resnet_c2f_a_fine05_coarse02/replicate_0.log,2026-08-26T03:52:29.752707+00:00
resnet_c2f_a_fine05_coarse03,Step-R full-grid C2F-A; F5 × C3,"resnet:c2f:A:fine5,6,24,29:coarse41,60,67,95,108,121","[5, 6, 24, 29, 41, 60, 67, 95, 108, 121]",0,PASS,Completed the full matched RGB-D sequence,50.44015201800357,0,,,1305031473.1961,571,571,573,0.9965095986038395,0.2285612641309598,0.21515107513290652,0.2117289066852602,0.4166774000626921,0.07713796944629017,11.213677484999947,10.46634346794212,17.39164436420062,0.01311282205136999,0.2056465087209585,0.7465605488970425,12.496061383385726,0.2214190219492431,0.2042931301735854,1.0721938146877281,0.216962911213317,0.2005407100118331,1.0898625637871842,432,0.21713,0.200792,0.015634,571,7.356561,9.466918,0,0.899,0.993,6927.0,0.002851,0,/home/melody/code/individual_project/channel_selection_results/step_r_c2f_grid_completion/resnet/per_dataset/fr1_desk_clean/artifacts/resnet_c2f_a_fine05_coarse03/replicate_0.all_frames.tum.txt,/home/melody/code/individual_project/channel_selection_results/step_r_c2f_grid_completion/resnet/per_dataset/fr1_desk_clean/artifacts/resnet_c2f_a_fine05_coarse03/replicate_0.keyframes.tum.txt,/home/melody/code/individual_project/channel_selection_results/step_r_c2f_grid_completion/resnet/per_dataset/fr1_desk_clean/artifacts/resnet_c2f_a_fine05_coarse03/replicate_0.log,2026-08-26T03:53:20.826254+00:00
resnet_c2f_a_fine05_coarse04,Step-R full-grid C2F-A; F5 × C4,"resnet:c2f:A:fine5,6,24,29:coarse67,108,121","[5, 6, 24, 29, 67, 108, 121]",0,PASS,Completed the full matched RGB-D sequence,50.037773229996674,0,,,1305031473.1961,571,571,573,0.9965095986038395,0.2270220610580193,0.21505127271567107,0.20495670677324113,0.397599328865464,0.07274590236158407,10.51216896357156,10.086962290665745,14.837873068207779,0.016336891688972937,0.3347878786669578,0.6185552916852635,8.230068698737467,0.22050754774515344,0.20217757335825712,1.0685042369292113,0.2142434690936194,0.19588596689006257,1.0868151332077054,433,0.214443,0.196181,0.019696,571,7.381057,9.5065385,0,0.9,0.993,6905.0,0.004857,0,/home/melody/code/individual_project/channel_selection_results/step_r_c2f_grid_completion/resnet/per_dataset/fr1_desk_clean/artifacts/resnet_c2f_a_fine05_coarse04/replicate_0.all_frames.tum.txt,/home/melody/code/individual_project/channel_selection_results/step_r_c2f_grid_completion/resnet/per_dataset/fr1_desk_clean/artifacts/resnet_c2f_a_fine05_coarse04/replicate_0.keyframes.tum.txt,/home/melody/code/individual_project/channel_selection_results/step_r_c2f_grid_completion/resnet/per_dataset/fr1_desk_clean/artifacts/resnet_c2f_a_fine05_coarse04/replicate_0.log,2026-08-26T03:54:11.502576+00:00
resnet_c2f_a_fine05_coarse05,Step-R full-grid C2F-A; F5 × C5,"resnet:c2f:A:fine5,6,24,29:coarse108,121","[5, 6, 24, 29, 108, 121]",0,PASS,Completed the full matched RGB-D sequence,50.09788535499683,0,,,1305031473.1961,571,571,573,0.9965095986038395,0.1294689661739163,0.12423643703156906,0.1382110239155763,0.21378819597105203,0.036435160433894775,7.447223520883831,7.160961057140828,11.813183924847337,0.009424445886866759,0.11125626129449544,0.5563259719040073,4.958803128100339,0.09926338064783394,0.08922912229841706,1.1063216417214703,0.08965133104527248,0.07960956141250086,1.115197079649207,431,0.089607,0.079563,0.011285,571,7.376945,9.504818499999999,0,0.898,0.993,6913.0,0.005082,0,/home/melody/code/individual_project/channel_selection_results/step_r_c2f_grid_completion/resnet/per_dataset/fr1_desk_clean/artifacts/resnet_c2f_a_fine05_coarse05/replicate_0.all_frames.tum.txt,/home/melody/code/individual_project/channel_selection_results/step_r_c2f_grid_completion/resnet/per_dataset/fr1_desk_clean/artifacts/resnet_c2f_a_fine05_coarse05/replicate_0.keyframes.tum.txt,/home/melody/code/individual_project/channel_selection_results/step_r_c2f_grid_completion/resnet/per_dataset/fr1_desk_clean/artifacts/resnet_c2f_a_fine05_coarse05/replicate_0.log,2026-08-26T03:55:02.236127+00:00
resnet_c2f_a_fine06_coarse01,Step-R full-grid C2F-A; F6 × C1,"resnet:c2f:A:fine29,33,52:coarse41,60,67,108,121","[29, 33, 52, 41, 60, 67, 108, 121]",0,PASS,Completed the full matched RGB-D sequence,49.69178957500117,0,,,1305031473.1961,571,571,573,0.9965095986038395,0.2303275431874444,0.21839631556468148,0.2072471299921834,0.41110673519741325,0.07316984692163928,9.792316756414538,9.45315095318429,13.810886275270432,0.015739081745574448,0.32004368905608693,0.5876914819553527,7.33549251380367,0.22350498556940965,0.20679859800666792,1.0708163530879364,0.21782433973751394,0.19994240027616045,1.0893903399876128,430,0.218018,0.200227,0.019165,571,4.463393,5.586964999999999,0,0.899,0.993,10710.0,0.009936,8,/home/melody/code/individual_project/channel_selection_results/step_r_c2f_grid_completion/resnet/per_dataset/fr1_desk_clean/artifacts/resnet_c2f_a_fine06_coarse01/replicate_0.all_frames.tum.txt,/home/melody/code/individual_project/channel_selection_results/step_r_c2f_grid_completion/resnet/per_dataset/fr1_desk_clean/artifacts/resnet_c2f_a_fine06_coarse01/replicate_0.keyframes.tum.txt,/home/melody/code/individual_project/channel_selection_results/step_r_c2f_grid_completion/resnet/per_dataset/fr1_desk_clean/artifacts/resnet_c2f_a_fine06_coarse01/replicate_0.log,2026-08-26T03:55:52.556368+00:00
resnet_c2f_a_fine06_coarse02,Step-R full-grid C2F-A; F6 × C2,"resnet:c2f:A:fine29,33,52:coarse60,67,108,121","[29, 33, 52, 60, 67, 108, 121]",0,PASS,Completed the full matched RGB-D sequence,49.83811695199984,0,,,1305031473.1961,571,571,573,0.9965095986038395,0.2245742337568628,0.21348259636576578,0.20235361159616524,0.40193625931278043,0.06970486006308024,9.656854491356524,9.359761976812228,13.693411735463862,0.015299086440641244,0.30794504363575115,0.5850369281646213,7.17679132029312,0.21723458003503765,0.20085337604375073,1.0724401185791086,0.21131224795626544,0.19354469389857987,1.0900972949152343,430,0.211503,0.193824,0.018642,571,4.467708,5.581272,0,0.899,0.992,10050.0,0.014198,8,/home/melody/code/individual_project/channel_selection_results/step_r_c2f_grid_completion/resnet/per_dataset/fr1_desk_clean/artifacts/resnet_c2f_a_fine06_coarse02/replicate_0.all_frames.tum.txt,/home/melody/code/individual_project/channel_selection_results/step_r_c2f_grid_completion/resnet/per_dataset/fr1_desk_clean/artifacts/resnet_c2f_a_fine06_coarse02/replicate_0.keyframes.tum.txt,/home/melody/code/individual_project/channel_selection_results/step_r_c2f_grid_completion/resnet/per_dataset/fr1_desk_clean/artifacts/resnet_c2f_a_fine06_coarse02/replicate_0.log,2026-08-26T03:56:43.033781+00:00
resnet_c2f_a_fine06_coarse03,Step-R full-grid C2F-A; F6 × C3,"resnet:c2f:A:fine29,33,52:coarse41,60,67,95,108,121","[29, 33, 52, 41, 60, 67, 95, 108, 121]",0,PASS,Completed the full matched RGB-D sequence,49.810812014002295,0,,,1305031473.1961,571,571,573,0.9965095986038395,0.26512838628217694,0.24860572724565397,0.23003162747627703,0.4539805440987957,0.09213171871429911,11.061300799241128,10.443887760381662,16.95202460848237,0.017531280823067902,0.36434315467296624,0.6328483862309402,8.551295563635854,0.26191801737081244,0.24203255325460607,1.0521270642940037,0.2583337117432223,0.2387174868799155,1.0729923802080785,430,0.258575,0.239085,0.021069,571,4.45998,5.6173525,0,0.897,0.993,14680.0,0.013688,8,/home/melody/code/individual_project/channel_selection_results/step_r_c2f_grid_completion/resnet/per_dataset/fr1_desk_clean/artifacts/resnet_c2f_a_fine06_coarse03/replicate_0.all_frames.tum.txt,/home/melody/code/individual_project/channel_selection_results/step_r_c2f_grid_completion/resnet/per_dataset/fr1_desk_clean/artifacts/resnet_c2f_a_fine06_coarse03/replicate_0.keyframes.tum.txt,/home/melody/code/individual_project/channel_selection_results/step_r_c2f_grid_completion/resnet/per_dataset/fr1_desk_clean/artifacts/resnet_c2f_a_fine06_coarse03/replicate_0.log,2026-08-26T03:57:33.474871+00:00
resnet_c2f_a_fine06_coarse04,Step-R full-grid C2F-A; F6 × C4,"resnet:c2f:A:fine29,33,52:coarse67,108,121","[29, 33, 52, 67, 108, 121]",0,PASS,Completed the full matched RGB-D sequence,49.11041044900048,0,,,1305031473.1961,571,571,573,0.9965095986038395,0.2325447369418547,0.22055497572587335,0.2081951360034668,0.4060595519718305,0.07370588417430335,9.881760994359448,9.517603573256897,14.016391224656232,0.016512548190944772,0.341047826899594,0.608463662780459,8.216273835680276,0.22635699612042248,0.2090336035045985,1.0676796169712852,0.22032849508240665,0.20217459121042192,1.0865056275302902,430,0.220537,0.202483,0.020125,571,4.461954,5.5806005,0,0.898,0.992,12710.0,0.010036,8,/home/melody/code/individual_project/channel_selection_results/step_r_c2f_grid_completion/resnet/per_dataset/fr1_desk_clean/artifacts/resnet_c2f_a_fine06_coarse04/replicate_0.all_frames.tum.txt,/home/melody/code/individual_project/channel_selection_results/step_r_c2f_grid_completion/resnet/per_dataset/fr1_desk_clean/artifacts/resnet_c2f_a_fine06_coarse04/replicate_0.keyframes.tum.txt,/home/melody/code/individual_project/channel_selection_results/step_r_c2f_grid_completion/resnet/per_dataset/fr1_desk_clean/artifacts/resnet_c2f_a_fine06_coarse04/replicate_0.log,2026-08-26T03:58:23.215060+00:00
resnet_c2f_b_fine01_coarse01,Step-R full-grid C2F-B; F1 × C1,"resnet:c2f:B:fine15,20,26,34:coarse41,60,67,108,121","[15, 20, 26, 34, 41, 60, 67, 108, 121]",0,PASS,Completed the full matched RGB-D sequence,49.87807926800451,0,,,1305031473.1961,571,571,573,0.9965095986038395,0.21903433092931376,0.20607554250257468,0.19839859125926942,0.3546004485518194,0.07422202441271498,9.464898557393187,9.018586456996232,13.991357546749716,0.01654753222476876,0.3427409014478717,0.6175177383257641,8.47987382721496,0.21318755451573035,0.19425837617695293,1.0633284125934768,0.20831143836643007,0.18939258277079196,1.0790232033547786,431,0.208515,0.189691,0.020005,571,7.731803,9.87902,0,0.895,0.993,124800.0,0.006853,8,/home/melody/code/individual_project/channel_selection_results/step_r_c2f_grid_completion/resnet/per_dataset/fr1_desk_clean/artifacts/resnet_c2f_b_fine01_coarse01/replicate_0.all_frames.tum.txt,/home/melody/code/individual_project/channel_selection_results/step_r_c2f_grid_completion/resnet/per_dataset/fr1_desk_clean/artifacts/resnet_c2f_b_fine01_coarse01/replicate_0.keyframes.tum.txt,/home/melody/code/individual_project/channel_selection_results/step_r_c2f_grid_completion/resnet/per_dataset/fr1_desk_clean/artifacts/resnet_c2f_b_fine01_coarse01/replicate_0.log,2026-08-26T03:59:13.729686+00:00
resnet_c2f_b_fine01_coarse02,Step-R full-grid C2F-B; F1 × C2,"resnet:c2f:B:fine15,20,26,34:coarse60,67,108,121","[15, 20, 26, 34, 60, 67, 108, 121]",0,PASS,Completed the full matched RGB-D sequence,49.70762708300026,0,,,1305031473.1961,571,571,573,0.9965095986038395,0.15089473096770667,0.1436442858795814,0.1361471670048232,0.28915810970812206,0.04621189206212688,8.432656655873549,8.242385539368877,11.902806560301693,0.009363804875610043,0.10248845362606387,0.6729187655538648,9.408451327106677,0.13262172834115898,0.11969045739506154,1.0912902334525718,0.1267277375097839,0.1139393417239507,1.0980829754946047,431,0.126729,0.113968,0.01128,571,7.725158,9.878695,0,0.895,0.993,221500.0,0.010262,16,/home/melody/code/individual_project/channel_selection_results/step_r_c2f_grid_completion/resnet/per_dataset/fr1_desk_clean/artifacts/resnet_c2f_b_fine01_coarse02/replicate_0.all_frames.tum.txt,/home/melody/code/individual_project/channel_selection_results/step_r_c2f_grid_completion/resnet/per_dataset/fr1_desk_clean/artifacts/resnet_c2f_b_fine01_coarse02/replicate_0.keyframes.tum.txt,/home/melody/code/individual_project/channel_selection_results/step_r_c2f_grid_completion/resnet/per_dataset/fr1_desk_clean/artifacts/resnet_c2f_b_fine01_coarse02/replicate_0.log,2026-08-26T04:00:04.070039+00:00
resnet_c2f_b_fine01_coarse03,Step-R full-grid C2F-B; F1 × C3,"resnet:c2f:B:fine15,20,26,34:coarse41,60,67,95,108,121","[15, 20, 26, 34, 41, 60, 67, 95, 108, 121]",0,PASS,Completed the full matched RGB-D sequence,49.82884623800055,0,,,1305031473.1961,571,571,573,0.9965095986038395,0.16215606862371904,0.15474244063792966,0.143780014389012,0.3116086597047973,0.04847027601445129,8.73954675368404,8.54282479714448,12.703414556197702,0.010066449445804456,0.12955085821501655,0.6926105655671533,10.305446037400081,0.14551264501843794,0.1317714032215485,1.090952126035102,0.1400052120101663,0.12579588909317646,1.09946156556615,431,0.140044,0.125876,0.012154,571,7.726047,9.8807425,0,0.895,0.993,240000.0,0.030074,16,/home/melody/code/individual_project/channel_selection_results/step_r_c2f_grid_completion/resnet/per_dataset/fr1_desk_clean/artifacts/resnet_c2f_b_fine01_coarse03/replicate_0.all_frames.tum.txt,/home/melody/code/individual_project/channel_selection_results/step_r_c2f_grid_completion/resnet/per_dataset/fr1_desk_clean/artifacts/resnet_c2f_b_fine01_coarse03/replicate_0.keyframes.tum.txt,/home/melody/code/individual_project/channel_selection_results/step_r_c2f_grid_completion/resnet/per_dataset/fr1_desk_clean/artifacts/resnet_c2f_b_fine01_coarse03/replicate_0.log,2026-08-26T04:00:54.535537+00:00
resnet_c2f_b_fine01_coarse05,Step-R full-grid C2F-B; F1 × C5,"resnet:c2f:B:fine15,20,26,34:coarse108,121","[15, 20, 26, 34, 108, 121]",0,PASS,Completed the full matched RGB-D sequence,49.65014228400105,0,,,1305031473.1961,571,571,573,0.9965095986038395,0.1153569551270077,0.10888835932811698,0.11816062806768099,0.17733849779837788,0.038086116880109266,7.180757497817517,6.537215848178661,12.022088141409846,0.008853011616501198,0.0872495113567298,0.5539991327209144,5.4065061325929245,0.08468153932604634,0.0727241136675631,1.0993942106747188,0.07380711213208051,0.06127490973999109,1.1049462306017253,431,0.073751,0.06124,0.010743,571,7.729935,9.880214,0,0.896,0.993,196500.0,0.034972,8,/home/melody/code/individual_project/channel_selection_results/step_r_c2f_grid_completion/resnet/per_dataset/fr1_desk_clean/artifacts/resnet_c2f_b_fine01_coarse05/replicate_0.all_frames.tum.txt,/home/melody/code/individual_project/channel_selection_results/step_r_c2f_grid_completion/resnet/per_dataset/fr1_desk_clean/artifacts/resnet_c2f_b_fine01_coarse05/replicate_0.keyframes.tum.txt,/home/melody/code/individual_project/channel_selection_results/step_r_c2f_grid_completion/resnet/per_dataset/fr1_desk_clean/artifacts/resnet_c2f_b_fine01_coarse05/replicate_0.log,2026-08-26T04:01:44.820485+00:00
resnet_c2f_b_fine02_coarse01,Step-R full-grid C2F-B; F2 × C1,"resnet:c2f:B:fine23,24,26,51,63:coarse41,60,67,108,121","[23, 24, 26, 51, 63, 41, 60, 67, 108, 121]",0,PASS,Completed the full matched RGB-D sequence,49.70284995399561,0,,,1305031473.1961,571,571,573,0.9965095986038395,0.18913416320329773,0.17952945313844756,0.18591532522441978,0.2976547956370808,0.05950552198259936,8.896326890956805,8.677155742858295,11.78023306843793,0.01568080243128046,0.318266860038825,0.5967624516983168,7.681195061888122,0.17641407232897882,0.1589973588862521,1.0869399175968093,0.1699791175288819,0.15121672809093128,1.1013801523519404,431,0.170156,0.151469,0.019357,571,9.75132,12.2971735,0,0.895,0.993,45500.0,0.007525,8,/home/melody/code/individual_project/channel_selection_results/step_r_c2f_grid_completion/resnet/per_dataset/fr1_desk_clean/artifacts/resnet_c2f_b_fine02_coarse01/replicate_0.all_frames.tum.txt,/home/melody/code/individual_project/channel_selection_results/step_r_c2f_grid_completion/resnet/per_dataset/fr1_desk_clean/artifacts/resnet_c2f_b_fine02_coarse01/replicate_0.keyframes.tum.txt,/home/melody/code/individual_project/channel_selection_results/step_r_c2f_grid_completion/resnet/per_dataset/fr1_desk_clean/artifacts/resnet_c2f_b_fine02_coarse01/replicate_0.log,2026-08-26T04:02:35.160052+00:00
resnet_c2f_b_fine02_coarse02,Step-R full-grid C2F-B; F2 × C2,"resnet:c2f:B:fine23,24,26,51,63:coarse60,67,108,121","[23, 24, 26, 51, 63, 60, 67, 108, 121]",0,PASS,Completed the full matched RGB-D sequence,49.69496278499719,0,,,1305031473.1961,571,571,573,0.9965095986038395,0.1447911546667422,0.13785621155089683,0.1369274870720791,0.2590824909602725,0.04427350682476878,9.229904555813901,9.025556952757153,12.410727407628327,0.009660062798819022,0.10383973692945597,0.6794750840124602,9.721508098644426,0.12249887643485419,0.11100316207600253,1.0983671066581178,0.11679944477065429,0.10616078150078377,1.104598674938971,430,0.116777,0.106145,0.011774,571,9.753258,12.3029125,0,0.895,0.993,55830.0,0.008051,16,/home/melody/code/individual_project/channel_selection_results/step_r_c2f_grid_completion/resnet/per_dataset/fr1_desk_clean/artifacts/resnet_c2f_b_fine02_coarse02/replicate_0.all_frames.tum.txt,/home/melody/code/individual_project/channel_selection_results/step_r_c2f_grid_completion/resnet/per_dataset/fr1_desk_clean/artifacts/resnet_c2f_b_fine02_coarse02/replicate_0.keyframes.tum.txt,/home/melody/code/individual_project/channel_selection_results/step_r_c2f_grid_completion/resnet/per_dataset/fr1_desk_clean/artifacts/resnet_c2f_b_fine02_coarse02/replicate_0.log,2026-08-26T04:03:25.472451+00:00
resnet_c2f_b_fine02_coarse03,Step-R full-grid C2F-B; F2 × C3,"resnet:c2f:B:fine23,24,26,51,63:coarse41,60,67,95,108,121","[23, 24, 26, 51, 63, 41, 60, 67, 95, 108, 121]",0,PASS,Completed the full matched RGB-D sequence,49.69691453399719,0,,,1305031473.1961,571,571,573,0.9965095986038395,0.1521940346357668,0.14611336312646583,0.14334643471693057,0.2767174187189555,0.042590014024258355,9.270808516337054,9.098968074688322,11.92870425334849,0.010450432994062227,0.12632337723134793,0.6934466543748771,10.357063575992115,0.13089371260852953,0.11899400539415424,1.0991686457220964,0.12476906041751985,0.11329114642040483,1.1071635943993896,430,0.124796,0.113338,0.012843,571,9.741402,12.301796,0,0.895,0.993,63180.0,0.00675,16,/home/melody/code/individual_project/channel_selection_results/step_r_c2f_grid_completion/resnet/per_dataset/fr1_desk_clean/artifacts/resnet_c2f_b_fine02_coarse03/replicate_0.all_frames.tum.txt,/home/melody/code/individual_project/channel_selection_results/step_r_c2f_grid_completion/resnet/per_dataset/fr1_desk_clean/artifacts/resnet_c2f_b_fine02_coarse03/replicate_0.keyframes.tum.txt,/home/melody/code/individual_project/channel_selection_results/step_r_c2f_grid_completion/resnet/per_dataset/fr1_desk_clean/artifacts/resnet_c2f_b_fine02_coarse03/replicate_0.log,2026-08-26T04:04:15.795926+00:00
resnet_c2f_b_fine02_coarse05,Step-R full-grid C2F-B; F2 × C5,"resnet:c2f:B:fine23,24,26,51,63:coarse108,121","[23, 24, 26, 51, 63, 108, 121]",0,PASS,Completed the full matched RGB-D sequence,49.51537197399739,0,,,1305031473.1961,571,571,573,0.9965095986038395,0.1767398087828997,0.16838033742106498,0.17969307887225772,0.27609333104599715,0.05371240060343836,8.532248246218787,8.356658530640535,11.501011011043476,0.014782030320805913,0.2928601215850026,0.5786226536643737,6.843471694358295,0.1608802878262571,0.14503183922485682,1.0935241986872826,0.15411427827377835,0.1364749738508181,1.107060753742091,431,0.154271,0.13669,0.018318,571,9.763793,12.30586,0,0.895,0.993,39480.0,0.030756,8,/home/melody/code/individual_project/channel_selection_results/step_r_c2f_grid_completion/resnet/per_dataset/fr1_desk_clean/artifacts/resnet_c2f_b_fine02_coarse05/replicate_0.all_frames.tum.txt,/home/melody/code/individual_project/channel_selection_results/step_r_c2f_grid_completion/resnet/per_dataset/fr1_desk_clean/artifacts/resnet_c2f_b_fine02_coarse05/replicate_0.keyframes.tum.txt,/home/melody/code/individual_project/channel_selection_results/step_r_c2f_grid_completion/resnet/per_dataset/fr1_desk_clean/artifacts/resnet_c2f_b_fine02_coarse05/replicate_0.log,2026-08-26T04:05:05.940946+00:00
resnet_c2f_b_fine03_coarse01,Step-R full-grid C2F-B; F3 × C1,"resnet:c2f:B:fine15,20,26,34,45,53:coarse41,60,67,108,121","[15, 20, 26, 34, 45, 53, 41, 60, 67, 108, 121]",0,PASS,Completed the full matched RGB-D sequence,47.95895600299991,0,,,1305031473.1961,571,571,573,0.9965095986038395,0.12481953191320765,0.1172235807857192,0.12154034287644853,0.19347533952457918,0.04287828885119164,7.771043336506715,7.555010725466996,11.394415230444404,0.008074466411342783,0.03573706119823704,0.504348400773278,1.9303888229430897,0.10109338474316495,0.08822452820401652,1.0925007345413058,0.08945400351132513,0.07640540778909644,1.0986682394748648,431,0.089468,0.076435,0.009594,571,11.931735,14.2628915,0,0.874,0.992,11680.0,0.002838,0,/home/melody/code/individual_project/channel_selection_results/step_r_c2f_grid_completion/resnet/per_dataset/fr1_desk_clean/artifacts/resnet_c2f_b_fine03_coarse01/replicate_0.all_frames.tum.txt,/home/melody/code/individual_project/channel_selection_results/step_r_c2f_grid_completion/resnet/per_dataset/fr1_desk_clean/artifacts/resnet_c2f_b_fine03_coarse01/replicate_0.keyframes.tum.txt,/home/melody/code/individual_project/channel_selection_results/step_r_c2f_grid_completion/resnet/per_dataset/fr1_desk_clean/artifacts/resnet_c2f_b_fine03_coarse01/replicate_0.log,2026-08-26T04:05:54.530092+00:00
resnet_c2f_b_fine03_coarse02,Step-R full-grid C2F-B; F3 × C2,"resnet:c2f:B:fine15,20,26,34,45,53:coarse60,67,108,121","[15, 20, 26, 34, 45, 53, 60, 67, 108, 121]",0,PASS,Completed the full matched RGB-D sequence,48.1515912199975,0,,,1305031473.1961,571,571,573,0.9965095986038395,0.13030987774970626,0.12511419436150215,0.1329387044468329,0.2082432073354169,0.03642941954541208,8.08337713799297,7.853434296899064,11.415612226478839,0.009140124908125574,0.10108630683937316,0.5089582046584906,1.9339977468788472,0.10193857237309599,0.09264927836425314,1.1036150473485231,0.09256956043477335,0.08245504356810143,1.1109925903457285,431,0.092568,0.082465,0.011038,571,11.931664,14.2239035,0,0.895,0.992,11680.0,0.007462,0,/home/melody/code/individual_project/channel_selection_results/step_r_c2f_grid_completion/resnet/per_dataset/fr1_desk_clean/artifacts/resnet_c2f_b_fine03_coarse02/replicate_0.all_frames.tum.txt,/home/melody/code/individual_project/channel_selection_results/step_r_c2f_grid_completion/resnet/per_dataset/fr1_desk_clean/artifacts/resnet_c2f_b_fine03_coarse02/replicate_0.keyframes.tum.txt,/home/melody/code/individual_project/channel_selection_results/step_r_c2f_grid_completion/resnet/per_dataset/fr1_desk_clean/artifacts/resnet_c2f_b_fine03_coarse02/replicate_0.log,2026-08-26T04:06:43.315716+00:00
resnet_c2f_b_fine03_coarse03,Step-R full-grid C2F-B; F3 × C3,"resnet:c2f:B:fine15,20,26,34,45,53:coarse41,60,67,95,108,121","[15, 20, 26, 34, 45, 53, 41, 60, 67, 95, 108, 121]",0,PASS,Completed the full matched RGB-D sequence,47.823968857999716,0,,,1305031473.1961,571,571,573,0.9965095986038395,0.22246568251324847,0.2088291487984815,0.2036120252155012,0.3627011096236907,0.07669006785879852,9.620350147058426,9.15284070847794,14.549752100488831,0.016730897637955468,0.348029755847015,0.6187638151504825,8.556433890004794,0.21620371330851776,0.19738686801649172,1.0662682111093547,0.21170988969375745,0.19301777903250714,1.082529411250922,431,0.211913,0.193315,0.020283,571,11.930398,14.254377999999999,0,0.895,0.992,18760.0,0.002848,8,/home/melody/code/individual_project/channel_selection_results/step_r_c2f_grid_completion/resnet/per_dataset/fr1_desk_clean/artifacts/resnet_c2f_b_fine03_coarse03/replicate_0.all_frames.tum.txt,/home/melody/code/individual_project/channel_selection_results/step_r_c2f_grid_completion/resnet/per_dataset/fr1_desk_clean/artifacts/resnet_c2f_b_fine03_coarse03/replicate_0.keyframes.tum.txt,/home/melody/code/individual_project/channel_selection_results/step_r_c2f_grid_completion/resnet/per_dataset/fr1_desk_clean/artifacts/resnet_c2f_b_fine03_coarse03/replicate_0.log,2026-08-26T04:07:31.757311+00:00
resnet_c2f_b_fine03_coarse04,Step-R full-grid C2F-B; F3 × C4,"resnet:c2f:B:fine15,20,26,34,45,53:coarse67,108,121","[15, 20, 26, 34, 45, 53, 67, 108, 121]",0,PASS,Completed the full matched RGB-D sequence,47.301903800005675,0,,,1305031473.1961,571,571,573,0.9965095986038395,0.1206316035448436,0.11498113427649978,0.11902496053025464,0.1868125259481806,0.03648729277830638,7.1798287974579935,6.710726978239267,11.65425030625578,0.008914891065805623,0.09249834420597451,0.5409653967948875,4.695446475098149,0.09049231607230462,0.07949171167890545,1.1014752681041213,0.07910544108825114,0.06729306691656435,1.1082046232199942,431,0.079084,0.067293,0.010818,571,11.934782,14.243923500000001,0,0.895,0.992,18730.0,0.002641,8,/home/melody/code/individual_project/channel_selection_results/step_r_c2f_grid_completion/resnet/per_dataset/fr1_desk_clean/artifacts/resnet_c2f_b_fine03_coarse04/replicate_0.all_frames.tum.txt,/home/melody/code/individual_project/channel_selection_results/step_r_c2f_grid_completion/resnet/per_dataset/fr1_desk_clean/artifacts/resnet_c2f_b_fine03_coarse04/replicate_0.keyframes.tum.txt,/home/melody/code/individual_project/channel_selection_results/step_r_c2f_grid_completion/resnet/per_dataset/fr1_desk_clean/artifacts/resnet_c2f_b_fine03_coarse04/replicate_0.log,2026-08-26T04:08:19.686987+00:00
resnet_c2f_b_fine03_coarse05,Step-R full-grid C2F-B; F3 × C5,"resnet:c2f:B:fine15,20,26,34,45,53:coarse108,121","[15, 20, 26, 34, 45, 53, 108, 121]",0,PASS,Completed the full matched RGB-D sequence,47.49972797200462,0,,,1305031473.1961,571,571,573,0.9965095986038395,0.11466578779312124,0.10825065318852332,0.11789599039618173,0.17238151547553326,0.03781585612511181,7.356875747659058,6.701112794440704,12.146340244425836,0.008594352107859044,0.07212405428734932,0.555540251286637,5.5497847145818575,0.08209192836187397,0.0694169774043154,1.1017706213917444,0.07219315572155309,0.06026652294568356,1.1067772823806137,431,0.072081,0.060162,0.010352,571,11.901541,14.218381,0,0.895,0.992,17350.0,0.00284,8,/home/melody/code/individual_project/channel_selection_results/step_r_c2f_grid_completion/resnet/per_dataset/fr1_desk_clean/artifacts/resnet_c2f_b_fine03_coarse05/replicate_0.all_frames.tum.txt,/home/melody/code/individual_project/channel_selection_results/step_r_c2f_grid_completion/resnet/per_dataset/fr1_desk_clean/artifacts/resnet_c2f_b_fine03_coarse05/replicate_0.keyframes.tum.txt,/home/melody/code/individual_project/channel_selection_results/step_r_c2f_grid_completion/resnet/per_dataset/fr1_desk_clean/artifacts/resnet_c2f_b_fine03_coarse05/replicate_0.log,2026-08-26T04:09:07.815996+00:00
resnet_c2f_b_fine04_coarse01,Step-R full-grid C2F-B; F4 × C1,"resnet:c2f:B:fine33,52:coarse41,60,67,108,121","[33, 52, 41, 60, 67, 108, 121]",0,PASS,Completed the full matched RGB-D sequence,47.15143485199951,0,,,1305031473.1961,571,571,573,0.9965095986038395,0.1298208843070439,0.12341547768566649,0.13382887504958582,0.22180201228132532,0.04027507752794066,8.443301805011629,8.127720708291445,12.983384336318677,0.008443666881918822,0.03752787824252978,0.5499469248202051,5.20602607796465,0.10665614377837167,0.0985607599825168,1.0936863183948549,0.09882758259657962,0.0899588325693098,1.1007973424746698,432,0.098841,0.08998,0.010044,571,2.12415,2.478725,0,0.895,0.992,8191.0,0.019422,8,/home/melody/code/individual_project/channel_selection_results/step_r_c2f_grid_completion/resnet/per_dataset/fr1_desk_clean/artifacts/resnet_c2f_b_fine04_coarse01/replicate_0.all_frames.tum.txt,/home/melody/code/individual_project/channel_selection_results/step_r_c2f_grid_completion/resnet/per_dataset/fr1_desk_clean/artifacts/resnet_c2f_b_fine04_coarse01/replicate_0.keyframes.tum.txt,/home/melody/code/individual_project/channel_selection_results/step_r_c2f_grid_completion/resnet/per_dataset/fr1_desk_clean/artifacts/resnet_c2f_b_fine04_coarse01/replicate_0.log,2026-08-26T04:09:55.593665+00:00
resnet_c2f_b_fine04_coarse02,Step-R full-grid C2F-B; F4 × C2,"resnet:c2f:B:fine33,52:coarse60,67,108,121","[33, 52, 60, 67, 108, 121]",0,PASS,Completed the full matched RGB-D sequence,47.090596019996156,0,,,1305031473.1961,571,571,573,0.9965095986038395,0.15968806467021893,0.15222845169739804,0.15140358215518687,0.299273415942473,0.048236671650653616,8.554746813786272,8.284206712633956,12.548430545061317,0.009806077809748147,0.12403342000549077,0.5166196643384087,2.50471032044869,0.1447178662971224,0.1343362414600982,1.085346331638912,0.13619350714517517,0.12379943153182955,1.0971647879903306,431,0.136323,0.123988,0.011792,571,2.119734,2.479706,0,0.895,0.992,8439.0,0.022499,8,/home/melody/code/individual_project/channel_selection_results/step_r_c2f_grid_completion/resnet/per_dataset/fr1_desk_clean/artifacts/resnet_c2f_b_fine04_coarse02/replicate_0.all_frames.tum.txt,/home/melody/code/individual_project/channel_selection_results/step_r_c2f_grid_completion/resnet/per_dataset/fr1_desk_clean/artifacts/resnet_c2f_b_fine04_coarse02/replicate_0.keyframes.tum.txt,/home/melody/code/individual_project/channel_selection_results/step_r_c2f_grid_completion/resnet/per_dataset/fr1_desk_clean/artifacts/resnet_c2f_b_fine04_coarse02/replicate_0.log,2026-08-26T04:10:43.328339+00:00
resnet_c2f_b_fine04_coarse03,Step-R full-grid C2F-B; F4 × C3,"resnet:c2f:B:fine33,52:coarse41,60,67,95,108,121","[33, 52, 41, 60, 67, 95, 108, 121]",0,PASS,Completed the full matched RGB-D sequence,46.920361542994215,0,,,1305031473.1961,571,571,573,0.9965095986038395,0.16194394251429778,0.15439910675147003,0.1510731511711575,0.31762477227283176,0.04885444044733638,8.212172631621781,7.940350938897328,12.09988165588525,0.009726861800659911,0.08943479861022641,0.6643517762617891,9.600438693540642,0.14801919174240913,0.13712308512245436,1.0829297070425865,0.14199690008245966,0.130121842431941,1.0930836640887855,431,0.142074,0.130254,0.011779,571,2.119317,2.4788145000000004,0,0.895,0.992,12210.0,0.020923,8,/home/melody/code/individual_project/channel_selection_results/step_r_c2f_grid_completion/resnet/per_dataset/fr1_desk_clean/artifacts/resnet_c2f_b_fine04_coarse03/replicate_0.all_frames.tum.txt,/home/melody/code/individual_project/channel_selection_results/step_r_c2f_grid_completion/resnet/per_dataset/fr1_desk_clean/artifacts/resnet_c2f_b_fine04_coarse03/replicate_0.keyframes.tum.txt,/home/melody/code/individual_project/channel_selection_results/step_r_c2f_grid_completion/resnet/per_dataset/fr1_desk_clean/artifacts/resnet_c2f_b_fine04_coarse03/replicate_0.log,2026-08-26T04:11:30.883661+00:00
resnet_c2f_b_fine04_coarse04,Step-R full-grid C2F-B; F4 × C4,"resnet:c2f:B:fine33,52:coarse67,108,121","[33, 52, 67, 108, 121]",0,PASS,Completed the full matched RGB-D sequence,46.424184438998054,0,,,1305031473.1961,571,571,573,0.9965095986038395,0.2560169982276149,0.24105685357363274,0.2231179564861014,0.4631513820652309,0.08623396504080508,10.882501451970063,10.643865978735333,15.196915757036829,0.016725293272741797,0.34410494515902884,0.5983771100484793,7.643866448771476,0.254469141404719,0.23678626907980338,1.0349428689487161,0.2506156673426862,0.23342980804864472,1.0544376789141297,431,0.250844,0.233772,0.019789,571,2.119563,2.4783365,0,0.895,0.992,21680.0,0.005873,8,/home/melody/code/individual_project/channel_selection_results/step_r_c2f_grid_completion/resnet/per_dataset/fr1_desk_clean/artifacts/resnet_c2f_b_fine04_coarse04/replicate_0.all_frames.tum.txt,/home/melody/code/individual_project/channel_selection_results/step_r_c2f_grid_completion/resnet/per_dataset/fr1_desk_clean/artifacts/resnet_c2f_b_fine04_coarse04/replicate_0.keyframes.tum.txt,/home/melody/code/individual_project/channel_selection_results/step_r_c2f_grid_completion/resnet/per_dataset/fr1_desk_clean/artifacts/resnet_c2f_b_fine04_coarse04/replicate_0.log,2026-08-26T04:12:17.938856+00:00
resnet_c2f_b_fine04_coarse05,Step-R full-grid C2F-B; F4 × C5,"resnet:c2f:B:fine33,52:coarse108,121","[33, 52, 108, 121]",0,PASS,Completed the full matched RGB-D sequence,46.845517617999576,0,,,1305031473.1961,571,571,573,0.9965095986038395,0.14597092551605542,0.13900106726770087,0.1383214499933619,0.27458169396413207,0.044566965282077486,9.044836132558478,8.734020283072969,13.167131869013472,0.008359137928084367,0.03583310942252858,0.5058478021297418,1.9381128012858486,0.1312376078399656,0.1208282254190668,1.0802132136306983,0.12339709054659628,0.1117911104428217,1.0881921630058795,431,0.123481,0.111903,0.009828,571,2.120132,2.4781835,0,0.871,0.992,4389.0,0.002027,0,/home/melody/code/individual_project/channel_selection_results/step_r_c2f_grid_completion/resnet/per_dataset/fr1_desk_clean/artifacts/resnet_c2f_b_fine04_coarse05/replicate_0.all_frames.tum.txt,/home/melody/code/individual_project/channel_selection_results/step_r_c2f_grid_completion/resnet/per_dataset/fr1_desk_clean/artifacts/resnet_c2f_b_fine04_coarse05/replicate_0.keyframes.tum.txt,/home/melody/code/individual_project/channel_selection_results/step_r_c2f_grid_completion/resnet/per_dataset/fr1_desk_clean/artifacts/resnet_c2f_b_fine04_coarse05/replicate_0.log,2026-08-26T04:13:05.414380+00:00
resnet_c2f_b_fine05_coarse01,Step-R full-grid C2F-B; F5 × C1,"resnet:c2f:B:fine5,6,24,29:coarse41,60,67,108,121","[5, 6, 24, 29, 41, 60, 67, 108, 121]",0,PASS,Completed the full matched RGB-D sequence,47.929518025994184,0,,,1305031473.1961,571,571,573,0.9965095986038395,0.2453104566710228,0.23032632613542187,0.20236166416812004,0.46454998881133003,0.08442158279199119,11.247833152575174,10.334650601968681,18.495067600539862,0.015225170552211308,0.2912948351639914,0.6962588791209879,9.156699772568253,0.2416777196678831,0.22237233792992323,1.0529530379207377,0.23858708399027573,0.2192092586655269,1.070229360678389,431,0.238744,0.219462,0.018065,571,7.37064,9.5204805,0,0.896,0.992,6846.0,0.003241,0,/home/melody/code/individual_project/channel_selection_results/step_r_c2f_grid_completion/resnet/per_dataset/fr1_desk_clean/artifacts/resnet_c2f_b_fine05_coarse01/replicate_0.all_frames.tum.txt,/home/melody/code/individual_project/channel_selection_results/step_r_c2f_grid_completion/resnet/per_dataset/fr1_desk_clean/artifacts/resnet_c2f_b_fine05_coarse01/replicate_0.keyframes.tum.txt,/home/melody/code/individual_project/channel_selection_results/step_r_c2f_grid_completion/resnet/per_dataset/fr1_desk_clean/artifacts/resnet_c2f_b_fine05_coarse01/replicate_0.log,2026-08-26T04:13:53.979922+00:00
resnet_c2f_b_fine05_coarse02,Step-R full-grid C2F-B; F5 × C2,"resnet:c2f:B:fine5,6,24,29:coarse60,67,108,121","[5, 6, 24, 29, 60, 67, 108, 121]",0,PASS,Completed the full matched RGB-D sequence,47.961759336001705,0,,,1305031473.1961,571,571,573,0.9965095986038395,0.16543269504491973,0.15485120928653903,0.15054209047888528,0.34996992335289534,0.05821580174078079,8.577252182608893,8.30872122677264,13.728922553535082,0.009447156180275229,0.0976842135188583,0.6688623822563265,9.997976860118024,0.1489960749802642,0.13371110123201155,1.091480867004684,0.14470081785601682,0.12935117145325084,1.0998008475968293,431,0.144644,0.129325,0.011146,571,7.369641,9.5288425,0,0.896,0.992,6819.0,0.003193,0,/home/melody/code/individual_project/channel_selection_results/step_r_c2f_grid_completion/resnet/per_dataset/fr1_desk_clean/artifacts/resnet_c2f_b_fine05_coarse02/replicate_0.all_frames.tum.txt,/home/melody/code/individual_project/channel_selection_results/step_r_c2f_grid_completion/resnet/per_dataset/fr1_desk_clean/artifacts/resnet_c2f_b_fine05_coarse02/replicate_0.keyframes.tum.txt,/home/melody/code/individual_project/channel_selection_results/step_r_c2f_grid_completion/resnet/per_dataset/fr1_desk_clean/artifacts/resnet_c2f_b_fine05_coarse02/replicate_0.log,2026-08-26T04:14:42.571563+00:00
resnet_c2f_b_fine05_coarse03,Step-R full-grid C2F-B; F5 × C3,"resnet:c2f:B:fine5,6,24,29:coarse41,60,67,95,108,121","[5, 6, 24, 29, 41, 60, 67, 95, 108, 121]",0,PASS,Completed the full matched RGB-D sequence,47.928814705999685,0,,,1305031473.1961,571,571,573,0.9965095986038395,0.17827360280248736,0.1678891909556408,0.15941384905336262,0.3682867003247439,0.05995579218423692,9.258181440002094,8.859396542538555,15.439662788146075,0.010386089166847334,0.134547107540136,0.6797690449457711,10.768092351446485,0.16279823172823596,0.1483531184627003,1.09283662798696,0.15947567023589787,0.14433812612327965,1.1029972189675032,431,0.15945,0.144352,0.012347,571,7.369638,9.518951000000001,0,0.896,0.992,6818.0,0.003208,0,/home/melody/code/individual_project/channel_selection_results/step_r_c2f_grid_completion/resnet/per_dataset/fr1_desk_clean/artifacts/resnet_c2f_b_fine05_coarse03/replicate_0.all_frames.tum.txt,/home/melody/code/individual_project/channel_selection_results/step_r_c2f_grid_completion/resnet/per_dataset/fr1_desk_clean/artifacts/resnet_c2f_b_fine05_coarse03/replicate_0.keyframes.tum.txt,/home/melody/code/individual_project/channel_selection_results/step_r_c2f_grid_completion/resnet/per_dataset/fr1_desk_clean/artifacts/resnet_c2f_b_fine05_coarse03/replicate_0.log,2026-08-26T04:15:31.130757+00:00
resnet_c2f_b_fine05_coarse04,Step-R full-grid C2F-B; F5 × C4,"resnet:c2f:B:fine5,6,24,29:coarse67,108,121","[5, 6, 24, 29, 67, 108, 121]",0,PASS,Completed the full matched RGB-D sequence,47.68396845700045,0,,,1305031473.1961,571,571,573,0.9965095986038395,0.1282053021310115,0.12203371178520021,0.13451833082773093,0.2209170929724683,0.03929850738171399,7.448997822384667,7.039404230341843,11.907781906543077,0.009148369601838551,0.09883146790755366,0.521121091334311,2.762315078949656,0.09971062427352911,0.090261288386969,1.1027560337395235,0.09033639379990105,0.08091181025838602,1.1105427810437294,432,0.090267,0.080843,0.010871,571,7.374731,9.525014500000001,0,0.897,0.992,6846.0,0.003202,0,/home/melody/code/individual_project/channel_selection_results/step_r_c2f_grid_completion/resnet/per_dataset/fr1_desk_clean/artifacts/resnet_c2f_b_fine05_coarse04/replicate_0.all_frames.tum.txt,/home/melody/code/individual_project/channel_selection_results/step_r_c2f_grid_completion/resnet/per_dataset/fr1_desk_clean/artifacts/resnet_c2f_b_fine05_coarse04/replicate_0.keyframes.tum.txt,/home/melody/code/individual_project/channel_selection_results/step_r_c2f_grid_completion/resnet/per_dataset/fr1_desk_clean/artifacts/resnet_c2f_b_fine05_coarse04/replicate_0.log,2026-08-26T04:16:19.440530+00:00
resnet_c2f_b_fine05_coarse05,Step-R full-grid C2F-B; F5 × C5,"resnet:c2f:B:fine5,6,24,29:coarse108,121","[5, 6, 24, 29, 108, 121]",0,PASS,Completed the full matched RGB-D sequence,47.815847409001435,0,,,1305031473.1961,571,571,573,0.9965095986038395,0.1944868467676573,0.18465573274745714,0.1800980679244549,0.36740161179890674,0.0610523867602724,9.381374091491061,9.141797858122658,13.673716570861174,0.012986971567574846,0.23845128173182137,0.5529109556441375,5.232684283664256,0.18327156172590678,0.16968868191339823,1.0828133308665733,0.17741099757056278,0.16258993222466195,1.0975244703863976,431,0.177529,0.162756,0.015627,571,7.372585,9.515384000000001,0,0.897,0.992,6848.0,0.003272,0,/home/melody/code/individual_project/channel_selection_results/step_r_c2f_grid_completion/resnet/per_dataset/fr1_desk_clean/artifacts/resnet_c2f_b_fine05_coarse05/replicate_0.all_frames.tum.txt,/home/melody/code/individual_project/channel_selection_results/step_r_c2f_grid_completion/resnet/per_dataset/fr1_desk_clean/artifacts/resnet_c2f_b_fine05_coarse05/replicate_0.keyframes.tum.txt,/home/melody/code/individual_project/channel_selection_results/step_r_c2f_grid_completion/resnet/per_dataset/fr1_desk_clean/artifacts/resnet_c2f_b_fine05_coarse05/replicate_0.log,2026-08-26T04:17:07.895453+00:00
resnet_c2f_b_fine06_coarse01,Step-R full-grid C2F-B; F6 × C1,"resnet:c2f:B:fine29,33,52:coarse41,60,67,108,121","[29, 33, 52, 41, 60, 67, 108, 121]",0,PASS,Completed the full matched RGB-D sequence,47.0205709130023,0,,,1305031473.1961,571,571,573,0.9965095986038395,0.22428311944253387,0.21266320508944905,0.19891979952192346,0.4001343097790562,0.07125502696622076,9.247257657322843,8.9369737476934,13.577925809714516,0.015334533648109718,0.3076645785083046,0.5818665657920905,6.9866180116873124,0.2178165834276385,0.20219732144753036,1.0677308049076886,0.21174516242853175,0.19487550524067024,1.085459693261361,430,0.21193,0.195144,0.01863,571,4.453822,5.5486015,0,0.897,0.992,9757.0,0.00683,8,/home/melody/code/individual_project/channel_selection_results/step_r_c2f_grid_completion/resnet/per_dataset/fr1_desk_clean/artifacts/resnet_c2f_b_fine06_coarse01/replicate_0.all_frames.tum.txt,/home/melody/code/individual_project/channel_selection_results/step_r_c2f_grid_completion/resnet/per_dataset/fr1_desk_clean/artifacts/resnet_c2f_b_fine06_coarse01/replicate_0.keyframes.tum.txt,/home/melody/code/individual_project/channel_selection_results/step_r_c2f_grid_completion/resnet/per_dataset/fr1_desk_clean/artifacts/resnet_c2f_b_fine06_coarse01/replicate_0.log,2026-08-26T04:17:55.543361+00:00
resnet_c2f_b_fine06_coarse02,Step-R full-grid C2F-B; F6 × C2,"resnet:c2f:B:fine29,33,52:coarse60,67,108,121","[29, 33, 52, 60, 67, 108, 121]",0,PASS,Completed the full matched RGB-D sequence,47.08238207600516,0,,,1305031473.1961,571,571,573,0.9965095986038395,0.13845152040739295,0.1315047560787906,0.13511689812135955,0.23468173346006546,0.043304995459837334,7.9626929832831825,7.6425834181501235,11.464759608009123,0.008229340128021415,0.03660526561090432,0.5032689213882761,1.9046632309867244,0.1174382484127269,0.10592129386949213,1.0929040117917617,0.10677064928401092,0.09537494591067826,1.0996840726134682,430,0.106775,0.095387,0.009801,571,4.459765,5.5436725,0,0.876,0.992,5931.0,0.001691,0,/home/melody/code/individual_project/channel_selection_results/step_r_c2f_grid_completion/resnet/per_dataset/fr1_desk_clean/artifacts/resnet_c2f_b_fine06_coarse02/replicate_0.all_frames.tum.txt,/home/melody/code/individual_project/channel_selection_results/step_r_c2f_grid_completion/resnet/per_dataset/fr1_desk_clean/artifacts/resnet_c2f_b_fine06_coarse02/replicate_0.keyframes.tum.txt,/home/melody/code/individual_project/channel_selection_results/step_r_c2f_grid_completion/resnet/per_dataset/fr1_desk_clean/artifacts/resnet_c2f_b_fine06_coarse02/replicate_0.log,2026-08-26T04:18:43.265607+00:00
resnet_c2f_b_fine06_coarse03,Step-R full-grid C2F-B; F6 × C3,"resnet:c2f:B:fine29,33,52:coarse41,60,67,95,108,121","[29, 33, 52, 41, 60, 67, 95, 108, 121]",0,PASS,Completed the full matched RGB-D sequence,47.151032984002086,0,,,1305031473.1961,571,571,573,0.9965095986038395,0.15007733263761916,0.14548427245759374,0.14119381268902714,0.25844317273063716,0.036844704356355173,8.228253802870148,7.824362350970441,13.312465585752419,0.010729965593365247,0.1535343942881694,0.6091829585169292,8.02720131335856,0.12778024473751848,0.11976765150078808,1.1005967364568834,0.12459115349505777,0.11697772670077271,1.1054021887982004,430,0.124469,0.116877,0.013126,571,4.456563,5.582333,0,0.895,0.992,5930.0,0.005401,0,/home/melody/code/individual_project/channel_selection_results/step_r_c2f_grid_completion/resnet/per_dataset/fr1_desk_clean/artifacts/resnet_c2f_b_fine06_coarse03/replicate_0.all_frames.tum.txt,/home/melody/code/individual_project/channel_selection_results/step_r_c2f_grid_completion/resnet/per_dataset/fr1_desk_clean/artifacts/resnet_c2f_b_fine06_coarse03/replicate_0.keyframes.tum.txt,/home/melody/code/individual_project/channel_selection_results/step_r_c2f_grid_completion/resnet/per_dataset/fr1_desk_clean/artifacts/resnet_c2f_b_fine06_coarse03/replicate_0.log,2026-08-26T04:19:31.049121+00:00
resnet_c2f_b_fine06_coarse04,Step-R full-grid C2F-B; F6 × C4,"resnet:c2f:B:fine29,33,52:coarse67,108,121","[29, 33, 52, 67, 108, 121]",0,PASS,Completed the full matched RGB-D sequence,46.78892776500288,0,,,1305031473.1961,571,571,573,0.9965095986038395,0.13873157087578267,0.1317637992725515,0.1355580986778717,0.23494774426135592,0.04341370703965574,7.984817595367715,7.661677894025024,11.54855809695705,0.008233485083193829,0.036680676106453335,0.5034032507014106,1.9253061822899338,0.11768035982312877,0.10612138872097578,1.093103193669892,0.1070062250788859,0.09552013898230458,1.0999433539000503,430,0.10701,0.095532,0.009803,571,4.459698,5.538921,0,0.877,0.992,5929.0,0.001328,0,/home/melody/code/individual_project/channel_selection_results/step_r_c2f_grid_completion/resnet/per_dataset/fr1_desk_clean/artifacts/resnet_c2f_b_fine06_coarse04/replicate_0.all_frames.tum.txt,/home/melody/code/individual_project/channel_selection_results/step_r_c2f_grid_completion/resnet/per_dataset/fr1_desk_clean/artifacts/resnet_c2f_b_fine06_coarse04/replicate_0.keyframes.tum.txt,/home/melody/code/individual_project/channel_selection_results/step_r_c2f_grid_completion/resnet/per_dataset/fr1_desk_clean/artifacts/resnet_c2f_b_fine06_coarse04/replicate_0.log,2026-08-26T04:20:18.468286+00:00
resnet_c2f_b_fine06_coarse05,Step-R full-grid C2F-B; F6 × C5,"resnet:c2f:B:fine29,33,52:coarse108,121","[29, 33, 52, 108, 121]",0,PASS,Completed the full matched RGB-D sequence,46.980136457998015,0,,,1305031473.1961,571,571,573,0.9965095986038395,0.15397310455371246,0.1466479085464593,0.15201679912698168,0.275774738428709,0.046926621920374605,8.359328738487534,7.9971656823908095,12.607513228873616,0.009406161585387337,0.10742663341226716,0.5105629102174873,2.049852429767672,0.13130265471706992,0.12213834664515699,1.103075540728758,0.12294352777143998,0.11286915469365295,1.1126520894639538,430,0.122964,0.112906,0.011332,571,4.46167,5.535576000000001,0,0.896,0.992,5925.0,0.014383,0,/home/melody/code/individual_project/channel_selection_results/step_r_c2f_grid_completion/resnet/per_dataset/fr1_desk_clean/artifacts/resnet_c2f_b_fine06_coarse05/replicate_0.all_frames.tum.txt,/home/melody/code/individual_project/channel_selection_results/step_r_c2f_grid_completion/resnet/per_dataset/fr1_desk_clean/artifacts/resnet_c2f_b_fine06_coarse05/replicate_0.keyframes.tum.txt,/home/melody/code/individual_project/channel_selection_results/step_r_c2f_grid_completion/resnet/per_dataset/fr1_desk_clean/artifacts/resnet_c2f_b_fine06_coarse05/replicate_0.log,2026-08-26T04:21:06.084708+00:00
